26595,48825,39479,40235,9162,42782,13508,8523,40,42448
24367,49448,349,13696,47360,29290,22813,48248,22965,492
45743,4209,10112,29262,5155,47591,18250,36024,39345,7224
39134,10929,39612,939,42337,25980,5966,16634,24940,15357
21249,9752,46086,5323,20180,44460,36505,18745,23670,14552
16036,7281,32287,12197,2856,44,22176,43339,15820,8127
22478,1738,7724,41426,28552,12321,13077,7924,30920,3110
12439,39262,43600,38504,50169,30001,13493,8816,10001,33914
41083,36332,27625,4978,42423,26430,29748,35947,6684,13021
47743,32385,1555,42808,43612,13947,28258,17626,25299,33194
42661,42486,20250,50785,8109,1379,9218,19998,35623,44294
17146,20824,44986,11294,9881,8495,18376,36712,1946,13069
41835,8117,25423,46403,30835,43165,13582,8448,978,13983
11948,29750,39403,43606,12779,48008,1847,13728,1197,32657
48754,23198,25325,36489,3086,29110,31777,31000,6742,16994
32970,29864,46512,1148,24644,27579,9086,23211,5007,40076
24488,17188,50721,22877,11627,5545,6516,20034,31901,37711
13048,12484,43336,21274,19759,18932,15655,41980,48599,7894
18596,35893,43748,28847,45928,11014,38374,30211,4028,43929
44333,33885,29399,3297,12494,13426,38664,44120,22704,7232
24981,30387,36399,48031,228,23680,41432,28797,25795,34092
7559,42425,38159,23372,11650,24773,15897,37503,7358,23828
28042,46127,6350,10441,35754,48425,2308,50111,40818,5568
46258,46614,35738,45304,45309,27762,20551,4796,17276,50751
15019,15653,816,4745,25632,6332,46679,23128,218,45737
25228,4891,10073,34903,27292,16448,40474,43340,31555,30861
26098,30200,35124,17680,44023,39420,25655,21878,18578,38266
26147,5104,11153,8966,5190,47029,11164,407,10133,11734
29690,31706,18412,25130,3352,32189,42588,44919,6077,35588
6656,4761,35291,16426,16390,49718,38452,1550,44037,33162
33506,23749,39344,1209,20925,10714,20444,30169,20854,5041
42871,25115,40062,40809,49174,30440,7823,18807,35486,8183
20750,4579,23653,18970,23178,47555,14501,11284,26400,13104
10123,43065,50108,15309,37896,7376,32440,5323,40710,39365
7006,37134,39780,15365,38644,13392,47112,44457,47435,28625
2693,8553,18945,18924,45997,26655,10600,23494,49166,27470
8213,26864,2029,1956,9303,47488,34787,27626,6068,22913
32514,44495,17953,48395,48371,14179,43805,17439,16180,27048
48351,34646,22434,12479,4165,3521,16722,2892,47915,50597
43514,6188,47803,24903,7029,46488,42843,137,8464,49671
2011,6765,47077,29012,21862,37291,35893,5004,2629,40909
33464,19051,25528,32149,10992,8419,20567,16176,8890,28237
44140,8945,890,39307,22659,42847,35223,28712,16092,48145
40727,17129,7521,26351,27831,7314,11628,9233,22884,34639
50775,25660,24528,3133,48565,17645,38889,18518,34623,35461
15726,13326,8403,1331,1445,32340,11565,15336,48655,49745
28463,43168,12715,10134,45209,35233,29007,47055,27359,21723
29261,16299,41780,15084,35842,11103,42785,972,27386,566
20818,31267,10021,14875,31103,3539,17885,4006,22280,41847
38926,25619,27907,27017,8,23072,14710,32787,13935,18298
49045,37946,6274,16245,48754,10390,17416,37265,11931,31264
45064,10144,9032,1021,27252,47654,39007,14254,2549,43176
8751,10576,50675,16411,35151,13344,48910,32737,6927,19385
47938,18834,15723,12033,27517,1413,47251,27011,19066,10889
45245,20400,42604,22464,19036,3238,39876,8335,12010,45001
14881,31484,9327,43875,4775,9911,25668,2395,39447,33244
1518,7043,33709,39004,45868,40704,7295,29783,18366,6130
39164,4810,9391,43390,35751,38706,30810,31823,20225,19408
39319,21250,28288,21058,7734,37466,49840,26418,4355,15733
41581,21673,45303,43613,41554,38571,42706,44302,22381,29898
23375,26566,36591,26479,11425,27146,39684,21829,1430,31375
29687,32026,6472,49681,1378,6598,32479,10068,35235,49622
26683,13465,33388,36398,24967,42207,37383,25814,6455,46551
7029,80,44941,39691,23061,50006,42081,43413,38265,41336
23052,1847,32233,13906,16261,32059,12313,43724,32846,28791
13280,39826,15961,41344,14590,11848,28521,46363,41989,21764
2361,8971,11309,7600,24615,49342,26938,19309,14753,27745
25162,17055,17378,10264,26692,30497,34287,15249,28514,27140
46429,26581,1980,30653,167,48167,788,7362,11646,40512
22382,47942,44430,24581,49781,24778,12864,27353,40250,45873
14874,45765,32507,26582,9609,37347,12787,23165,11079,5181
6041,8529,49509,33551,30174,9414,27222,5497,48305,42748
9656,16845,13240,13100,33042,7529,29509,42118,20729,39972
908,11103,31721,3894,33902,850,48574,33413,21415,33612
27398,2722,46045,6632,4056,6601,34149,26927,2789,47115
44943,12292,23659,44752,40961,18819,47975,8217,19273,33885
50213,8457,37275,42756,23265,49954,33644,44631,24505,17878
18020,28350,41583,39641,25053,40729,42027,47032,49124,1191
48520,50885,26303,11214,39186,2043,9483,2234,49773,18345
4634,42942,26996,43223,19115,28759,38475,46545,26501,1462
35620,4305,48124,37300,14327,8152,3498,3669,35102,49189
19875,35416,599,46614,22973,28319,50832,22469,35668,13874
32611,663,1114,30055,4941,36406,40418,12288,22,48410
5726,31143,8531,22166,26910,2657,15285,13684,36058,15309
39681,9198,4687,23271,18451,15599,42907,35286,48865,2781
47903,11466,9664,46336,14579,33431,27482,2516,17881,36031
7264,42860,22740,7137,30464,28389,2774,28458,32590,40368
8674,13766,40885,9441,12153,8086,16157,47838,10577,10355
48432,29366,47894,31410,3111,17167,38094,9217,47770,42459
13293,40106,11939,23788,15017,12886,3120,28915,1364,27884
20552,8918,5688,18261,2631,10659,36964,38263,1788,42875
14201,26120,12315,39567,42366,42705,45666,5273,5501,31987
49397,45701,40538,12237,4409,49689,28885,14776,44225,40282
20816,8725,34232,41897,48047,31694,27268,19343,37147,13278
13629,10400,49146,30074,20071,15097,40251,38619,3843,40989
37611,7215,47780,21314,6612,8136,10949,2502,33122,22838
4846,24706,50564,48939,33465,20964,27168,28819,30911,44730
26285,11614,6024,27336,48959,23021,14681,48602,20791,18505
21576,35103,27294,1925,10293,24781,10974,44871,20188,35141
10194,12000,27068,30904,49495,18247,22415,33639,38666,44997
23923,24075,40692,34679,13276,21366,25691,23967,7551,18042
29495,47315,32131,44757,34115,21942,17953,25314,42993,33567
32673,38322,48007,601,34652,21329,13602,46706,44309,27383
14545,42392,35214,40596,18059,48455,9474,11055,16435,14049
24221,14024,27814,3638,38563,5289,24267,13309,30768,32771
9146,35507,21869,39647,14029,19015,15332,16923,7886,12224
29190,9990,9082,22221,999,14191,49332,8157,9961,30097
33347,28647,5192,50214,49054,25025,10370,43984,47821,40705
24866,35366,27253,22223,14965,43641,4056,24551,24221,31526
33842,33368,33553,47327,49898,22326,49171,39936,22550,15976
50487,1288,26179,37079,20652,33202,22363,38094,7490,43216
36574,19351,7205,9255,20312,49338,1338,24314,33399,31737
14223,45932,22683,38422,48457,3199,4351,18330,28864,7773
15541,10371,32806,29046,36581,2503,32295,44970,1407,16110
5974,37681,8881,3237,4827,5471,7566,13368,10456,18164
509,23817,1809,32286,7821,13389,27117,33069,32617,30582
18149,50529,11048,33618,15601,41093,10512,46941,21050,2115
31984,34325,49581,38599,42841,36522,6381,2397,28789,38351
20954,29786,13817,45831,23724,28925,42446,45393,18907,48439
9454,27525,29702,50509,31352,43390,36370,35988,28980,43628
12466,934,23330,18125,46003,14950,45364,1205,21442,17669
23,48203,45814,13223,410,13167,12124,26976,42681,21976
2753,33836,12360,30293,11766,8751,41544,26397,50652,22902
3965,46981,44094,9182,37501,8128,45844,7163,16403,47166
46697,13961,49619,12914,23207,19211,8905,22814,49969,11813
44662,9133,30244,49553,35640,41638,42781,204,48481,31671
31805,9801,43896,38233,17404,37665,6871,33206,17990,37189
3412,49589,15441,50545,426,870,4368,17227,28742,42103
33537,21764,14472,19597,22383,46308,13992,916,40452,8057
44074,50869,44050,43840,36686,24973,47169,19643,19888,4740
44130,14231,19094,33522,45314,40667,18636,6196,4106,45607
23363,28917,30771,24049,8851,33368,27783,37724,27367,31807
10928,25097,18622,32661,2066,46016,30587,49931,42293,33354
39482,20485,27176,11386,21474,36135,12446,31205,251,9681
6814,34250,10289,22525,43715,10141,11784,49373,31625,11703
27742,34503,23572,35442,9996,26635,44046,24364,22255,45919
32521,20747,14026,30270,20764,30925,33392,40884,35295,37772
46628,13474,34575,1636,32769,38679,23521,17412,5796,29537
46278,24375,49751,33802,49127,46437,38169,21368,14502,14636
35110,44242,3562,45433,12635,50259,30246,35719,36126,16598
41519,38446,16629,25995,20875,23360,13609,37489,4841,6133
45139,27450,10688,42201,25336,13505,29273,42859,28633,35293
35499,38730,13203,44150,20456,49509,4166,37990,23381,10745
14013,40370,22500,22123,40994,23778,469,18138,20438,12667
37746,40873,40714,40745,11088,6935,46227,3619,20407,3578
44755,3790,20847,35192,16844,33415,27229,46120,23112,17137
22308,17081,49549,3814,12419,19885,26998,1766,7360,33214
49331,4820,2383,18583,43301,27597,29206,40920,44704,38691
44832,31248,11515,26106,41587,39501,24101,36894,48020,1639
31584,6464,7289,11750,5524,15954,20544,28621,5822,4965
47243,46514,32146,47557,31667,17387,45535,50456,43036,28228
11995,18714,26614,1805,28767,26345,28677,31599,45489,31663
8308,14627,30124,5583,18206,44407,2517,39938,41536,17256
14098,26133,36254,8353,20776,26234,6840,9602,6081,6242
37940,41702,25682,47473,31638,22338,49643,45566,20397,26622
47440,9822,2529,31676,26494,41448,26595,3201,11904,11454
41174,41558,2575,170,22751,1550,33508,4285,50689,18095
1474,22826,458,36788,38559,41696,35653,5306,43910,15065
39798,23373,21511,48057,21537,40347,45813,9107,26120,14202
15881,33476,50520,22790,42463,45810,1401,9333,24039,30057
33072,25139,24964,19089,33202,28232,41254,31983,40195,3480
22250,8031,531,38531,48921,47375,2443,28253,14568,35811
18574,22738,7469,28504,33613,788,42591,6771,29444,21926
1341,25988,14418,42478,46346,31276,26488,14674,27130,35177
48296,19012,25625,38685,34175,13074,40456,29086,50513,50303
13845,32195,34674,33879,6218,30323,42751,11902,32412,34357
9047,45658,47363,29712,9526,45955,33275,42160,50620,4983
29516,31725,39931,8662,40201,15760,44943,42323,44854,20707
21812,50340,15716,38964,2797,32124,24069,25011,2602,49421
11232,36364,35161,31725,45124,37356,42451,13140,23265,36673
6160,46148,37113,2759,26386,30849,5036,9803,35934,30216
12224,3946,4903,13432,34147,6834,47958,43396,36175,45228
35565,12901,34689,36343,40921,4654,7101,25754,45151,4064
3739,31686,14784,40073,5151,3422,29380,16714,2079,44826
14190,35231,18593,20389,38593,25756,11431,4353,15425,13024
1044,24182,13406,39889,45156,18853,22094,10561,39844,26823
964,16631,46002,25773,33958,8385,17643,22070,24655,27795
22076,49901,50593,996,26600,13489,45509,3538,13298,39956
48829,34683,25624,19084,4611,22227,43611,7310,27858,41251
33573,257,45045,50414,30329,32554,47273,29291,5635,33130
34070,25486,36574,40344,14932,31450,33007,34592,42280,28283
44768,1213,41539,14071,5870,18525,45751,43726,39322,12122
25668,7675,42007,49360,41846,7450,34905,25771,21750,47492
45048,2349,42939,10035,15615,9814,43769,44343,10327,16244
32727,47044,10292,9000,8164,47125,7622,18887,39580,30073
23050,9157,47062,1043,6675,49473,6819,32995,25162,37872
40946,10160,50271,6050,36901,6902,5839,23569,24682,13746
40821,15253,21480,2898,34639,29269,32856,3631,28872,23639
47593,7969,49774,36599,21491,7477,1367,1263,31071,6729
33446,36143,40681,44321,25465,11785,159,16195,4108,41909
9910,15642,28337,11383,6373,12646,6359,46395,48134,30190
45893,7879,1726,15979,43946,34031,29586,19068,42827,46151
22795,18588,12095,27540,30320,6606,41075,9451,32126,21743
16850,24317,39520,4114,791,20072,41576,3690,16847,16600
39797,8830,21078,3462,2388,42235,41971,11951,4914,19340
33639,43608,9859,25599,20282,28390,47165,46903,47516,48416
35875,5584,38774,11384,29684,10044,32757,37772,6398,6680
17842,2345,44371,10191,12440,4112,45832,26867,34964,34483
21784,5108,38500,48325,41042,7289,24355,12364,44177,23582
20844,16175,8653,10162,41619,8942,11248,15317,16060,15499
37797,339,26213,27484,42972,33283,20484,27576,6198,44622
9862,13310,36940,47707,11691,41537,18035,16297,34445,156
27501,50465,35950,45829,18518,16300,7473,11153,14764,24738
16033,10167,13148,44052,16505,45528,49402,22777,40677,17156
17512,41044,18023,15873,40459,8263,13064,23386,21445,21242
37138,24156,12087,44320,9798,6320,29677,48737,39676,11850
25609,32715,15678,43635,4071,24336,33237,47118,45615,43997
45818,12784,13460,9031,20301,20319,3322,28344,37446,17615
3038,8681,50573,5569,48021,22228,43071,40198,43094,35077
14537,5719,37502,47247,40997,3344,34439,13077,34554,12566
1121,31963,1159,20590,31050,11294,18612,2069,19524,50585
14534,11291,18809,21803,30334,48699,33091,5154,44644,563
38804,26338,13107,19786,23344,23490,30405,30944,43460,11931
38324,33632,41164,42167,5366,10137,6967,46288,152,10110
17809,5105,23695,22092,37263,39078,19448,34110,26740,46702
48263,27724,22821,15537,31622,7817,16161,28540,12257,7737
44552,12403,40543,29,50761,11436,46764,21659,36172,48054
23277,29656,44184,6025,50095,9751,10242,19964,48964,27077
10517,37966,17298,23841,37113,24257,28864,18698,1461,46327
4241,48231,20891,17,30596,35139,27228,49121,12643,18979
36114,18105,3153,23231,9771,30084,44674,18764,36117,37315
1449,45491,49818,10271,49571,3726,33320,28287,9537,37038
30073,469,48538,1446,4901,32406,41366,36710,11290,6123
47807,2536,35810,16344,28014,5463,23036,41895,46985,5598
30440,759,3649,13504,45656,47533,43183,3370,6899,2824
9747,4067,18669,48576,40240,5964,8157,25956,15738,49774
18145,15352,20140,26713,17411,21806,17687,1153,8219,6878
34107,34441,11407,46816,36804,26845,41105,21985,48941,17394
28324,7562,31184,40225,25272,43851,10544,2161,40993,35552
16615,28603,36344,24800,33632,9137,29155,15545,16112,45000
36962,44887,45350,14806,27570,44581,39359,32604,183,40886
50669,23517,46691,1186,32511,47440,30343,34225,23713,10034
7395,7704,19566,10836,19032,25820,43820,38163,33208,31696
22927,49125,46027,47723,42048,25978,1,656,39575,38982
28869,9007,10606,2294,49549,44855,45279,32842,50517,1991
25737,16748,15071,49481,1561,16254,45961,44409,48843,42533
7973,8061,38482,20816,4982,30178,8753,2193,31683,14264
39600,44031,6077,24160,34843,16666,25576,32108,9873,573
7433,14245,13854,45445,48929,22143,21965,31157,29745,23637
5770,43811,22293,27086,37814,4961,23747,25776,40994,40667
37995,34483,30568,40143,29682,49726,46241,21153,50047,28726
24986,25205,36154,41800,34759,21666,41077,40358,6665,43689
35468,42609,19662,542,41327,41396,50625,31072,15207,40200
6947,33109,30203,20265,49016,37779,23531,29099,93,6114
49747,7737,14064,47970,12164,25482,17111,27224,31726,21780
22504,9324,19741,47707,3079,25213,33768,16073,18085,29676
37193,37605,4823,34602,13822,43843,17358,14083,26793,2280
17558,22519,45749,25900,44591,27850,39097,11360,15270,31897
7583,9897,48122,48216,16130,5650,10567,20866,8382,5777
9576,27784,17084,6359,25701,29004,36558,48285,23417,20981
47768,34148,1402,12953,41467,24867,49283,1437,19807,8190
33157,13141,28772,41557,45394,24927,34760,23966,46203,14469
3715,48014,3225,45080,14087,39162,3136,3983,26203,11045
46517,44323,16542,33248,27054,29763,33572,874,21517,14478
21701,45945,44050,9474,9184,38339,18664,30534,28784,46076
17251,32012,27045,27589,7307,40737,32917,3886,29655,29751
25632,4081,29622,35057,15609,2481,41466,50872,24817,25088
12683,39314,2587,19841,16522,14759,25559,28151,43990,33850
7616,41709,32871,18563,17384,40515,3035,12230,14219,33756
38723,9565,12278,48723,38532,22751,44444,14428,31355,4078
3064,31322,19466,33683,37875,49,37986,20605,15920,30387
10976,16501,13666,2050,28347,1336,11452,33873,16557,29407
40583,10249,50262,38900,30825,43107,41848,12927,38583,25452
32371,30898,19778,15175,34938,40187,33352,4535,18508,12829
18407,48358,30631,46532,16845,39876,447,187,9599,10834
49171,26019,8293,16195,140,24194,5305,41821,23585,10652
15836,4966,29006,47204,12846,21315,10429,23962,19879,14154
5148,12524,50705,18165,6737,46521,9266,37599,606,12381
9823,2764,31745,33888,18034,7295,37093,5575,22936,16925
13807,46775,31411,13598,29572,48406,4092,35675,21220,10272
39344,21322,50897,30994,21999,7084,5811,47955,34679,6172
2070,2942,43593,25586,24065,42356,15186,28302,6115,39938
28408,42428,11201,46057,20882,540,38107,3546,39283,7649
33066,1878,28665,36285,21625,36101,40525,27113,14233,3143
22909,34890,429,29976,23950,38220,36002,39832,39206,26256
11153,19681,39241,4221,26804,48792,12837,449,30431,46804
487,36586,36017,7759,36560,47700,15448,29253,1572,13176
25961,48584,49949,38471,47382,41347,16854,8869,22324,26297
15064,8389,11428,16803,36186,12140,40345,46474,7076,34363
44627,29892,5045,8149,49974,14050,48440,23646,40073,4655
9555,36950,17540,32244,22976,9827,32908,18045,1072,42178
47661,34406,44929,23898,21643,5939,50589,2001,48436,37356
28776,17615,46214,2254,32238,8548,12330,30744,24095,8599
9950,42278,9747,15694,4632,20424,45484,49909,8195,23058
19421,31993,17574,49205,36307,10007,40146,47253,18162,37709
3708,16743,47877,355,28420,13281,4038,2053,10050,21524
46359,18503,19320,46253,5333,4291,43604,24457,4205,43567
48605,17542,8588,12183,14246,10205,15252,25342,18792,40859
16789,7900,44151,387,25437,19348,2038,48877,7213,50475
49128,3051,9037,49177,26663,23722,941,21806,29572,13225
5688,49724,2948,45040,15559,3515,46376,40945,13857,15698
41878,39067,46050,17203,29712,22815,9573,34268,1273,37357
21281,6455,10955,48607,8777,8486,25140,49372,50204,46547
35295,50521,36598,14052,39245,19639,11515,30154,3915,35505
35107,33141,19355,136,42323,50674,49165,18413,7730,44045
15603,50712,14284,35622,43184,3821,50629,26828,21808,28133
15151,46571,19251,9925,5032,28020,41048,34654,44860,18767
13175,11505,22497,44661,43210,47690,40830,29132,1128,27524
14270,43294,19438,10168,27765,45770,39821,31355,32532,37163
23519,39713,8973,752,19084,13043,4214,3849,45092,48892
27412,25822,41665,30964,31314,12670,13172,43179,35163,25336
11890,29063,9539,8645,26600,26958,3547,18922,19293,9188
21801,31840,29321,1816,9889,28478,35610,12351,43028,47513
6633,45824,32773,38206,21323,6213,36446,24727,29648,22811
19470,18742,22651,20352,10022,40571,34039,27500,32905,14753
30441,10791,33030,37503,15139,15954,36821,19828,46668,31953
35828,6422,16601,20578,34323,25263,16432,21878,6945,16916
5050,26271,5909,40517,3695,4642,33955,34642,50228,24338
33896,20888,6262,23918,48122,3456,17215,41639,45741,39751
36328,2651,889,31370,13702,1755,10273,14991,9045,37488
5506,39153,25359,693,16895,28416,50195,43581,14245,49586
42916,34656,16903,26907,33738,41819,4973,2802,15006,18592
9033,8245,1199,3971,16689,32508,35920,50745,43279,47246
9731,4708,17254,35618,2318,44308,13157,10842,50138,679
27914,22312,29736,23061,13713,14958,5359,13308,31357,11763
23002,18489,10903,43997,39543,12664,19025,19677,7164,33515
20182,7309,14074,33409,3005,48953,1202,37423,27178,23692
16326,33346,37810,18735,50616,6847,37974,30811,20657,10455
40291,30531,37750,741,46223,8107,19299,39256,14202,45797
47985,13573,8486,38613,28331,18534,5309,28245,3749,16467
29311,38731,41624,46282,6693,16533,3001,47580,37275,14129
30069,43399,46782,27300,42737,7472,47287,9300,14222,9433
47615,27765,12725,13425,35511,49781,4746,35568,643,39749
24976,31951,26473,11510,9150,30217,8549,40971,30506,20804
31254,11983,11299,2466,27758,6881,48374,47547,9381,20116
31809,6090,10009,47157,17730,8073,2688,29399,23052,6003
10856,12163,116,7148,26857,33756,50563,48569,12209,48933
34309,10354,27396,13367,44282,39120,33457,15515,8982,35698
4335,18632,38984,24727,4788,40490,37734,14038,8828,23514
40524,14056,42054,26212,6314,24867,24513,20425,4414,22951
16608,50457,38713,48919,24684,39762,17954,11609,45633,17235
19679,24607,9335,4223,31892,42312,1573,18723,46115,13224
4191,22324,40423,26210,7604,11937,43230,10916,2833,22662
833,33867,38986,22817,16700,10465,35688,50704,33742,46796
909,12225,20151,18914,20376,12777,14860,48445,14692,22878
48415,14613,1246,26447,28735,36253,14863,9777,46263,8224
42250,18558,652,46537,546,3021,15986,992,33373,21243
47079,14585,11620,26281,776,35546,329,6356,42452,44248
48067,5587,25306,38671,2426,11372,45692,41897,39043,28094
28482,7042,34920,28912,50648,42711,44084,41795,28999,14798
31923,45243,37154,26064,20905,21304,38182,43972,6993,37269
39267,35915,8006,14645,1931,10399,14744,45358,20233,24410
38549,12607,44439,41377,7712,30143,405,6809,27982,2184
9232,381,45230,34269,20156,10717,21790,37463,29129,30206
34964,13128,16014,14616,2382,12957,2902,15946,8396,46431
36950,47266,27729,42956,38414,7991,12456,43617,3974,34259
37060,39992,15043,43247,7742,4658,22958,12909,392,33558
39330,782,5199,13747,36018,9736,21439,36833,34277,50350
9576,23637,33024,16381,13745,34666,34936,12305,43217,49556
35545,44469,8884,37634,28405,46231,30288,21296,40903,30758
37260,18826,42377,19898,39349,45596,31738,13597,8151,34321
42916,12944,1053,26358,45104,23406,1091,44940,18712,23026
14223,43238,46480,12686,21462,5967,40054,45671,46341,4255
38141,24800,15885,25739,5335,9683,36121,6059,22393,9396
40550,9979,4420,47321,2978,38726,15435,42806,26623,30087
31899,16315,30141,14790,18159,19403,33308,35536,3529,26478
10815,31851,8591,10917,20238,14495,29192,50708,26680,16809
48608,1042,17811,2718,10665,2502,36921,46451,4363,29127
15975,50547,17697,44576,49696,29169,13203,45069,18285,29389
5414,32435,39880,38330,4154,7842,24984,28266,47217,47636
41123,43980,29580,26389,49385,14842,48254,15778,21822,40362
2105,23106,4146,42356,50739,8338,5352,33797,45231,4231
4076,31574,43173,40136,45160,24634,774,18747,19638,26754
30861,11968,45741,7790,9132,6760,31229,37922,31615,34469
12868,2991,49301,20089,31103,6539,29090,37355,27441,19851
19768,11733,7011,3335,20068,11919,21037,6256,23574,2343
45299,50175,36290,4923,43738,33745,25557,32828,33467,35257
26597,36424,25191,44505,4883,44679,32365,47593,16417,48141
24231,14102,41697,43890,41638,39687,38631,37378,23431,27934
17117,19221,20908,4706,11858,6505,43123,40818,5112,37937
49,19410,26632,20179,39496,6266,31519,48235,44350,42133
49018,37350,19023,47772,41874,633,8175,35481,20888,1264
22869,27836,4046,13786,18925,34573,16467,49903,22875,5587
45140,16554,27259,9166,33020,50345,32366,44661,14430,31840
10908,41606,20231,23637,27243,21307,26789,45401,9192,16735
42242,19251,26046,19805,12659,1262,31803,31685,27452,27754
6827,47772,41752,7704,26513,10862,44767,25985,10678,46518
34189,48048,4766,8684,3297,21525,30,23871,40617,502
4664,45727,8458,2507,33927,49604,22357,43563,26010,35070
32845,21527,21439,21333,11022,2439,34556,7311,11292,18152
6147,40774,37214,13983,10686,34688,29700,2405,1172,3265
14021,35395,28741,18355,6976,241,9975,26334,2770,26178
38577,50136,21710,1840,47287,36625,1827,32271,33575,19743
2271,26997,20191,49852,26419,29822,11714,35639,34552,29009
50324,30779,22360,36976,48186,27353,4360,10752,7480,46111
4846,38484,32689,4901,45118,45056,15291,34744,42404,42964
48515,50759,47096,37949,12732,7750,39349,50393,23456,37512
41646,24275,11104,2929,21309,45361,36612,41819,2351,22883
26034,32055,29451,6356,14272,3427,27427,21578,36150,6728
27010,8962,46920,46972,30532,48345,7142,6408,10679,5654
37600,31627,45072,48331,16761,48380,45347,44770,19090,40442
48260,36253,22498,11233,25518,49015,28748,10759,49571,49706
42165,14018,43336,21219,17435,26754,20664,31090,20437,37514
48159,33227,7744,43674,21150,12726,40262,39868,12948,7586
48568,19588,20496,33573,7563,31910,25478,5892,19261,2827
44485,30522,41740,33372,34540,12472,5742,34267,47952,12954
5919,3886,12966,48288,18125,18958,41243,16576,32943,46606
28749,27114,32286,2249,49886,34095,38659,26339,29615,18490
21332,15242,5578,33071,26484,17618,10013,36495,24737,17154
21766,14812,45977,47664,35146,12991,12146,2684,9487,13759
49008,34186,17503,40703,14045,41760,37219,4194,39454,27272
8438,21235,27769,23751,38938,7136,42733,7129,24953,38485
12804,20533,11537,1451,30792,13211,26026,24777,25143,21546
29206,41814,27045,12688,34901,36682,32441,18587,49150,19684
30794,30225,39229,15583,29764,44688,22266,45916,14123,4356
7665,44805,7486,31991,43948,20322,23494,10206,40390,44449
43402,1349,30054,3366,10246,25007,22411,2748,1296,14216
17476,41583,25344,32754,38586,17020,32818,18177,33794,39327
28847,31034,20691,44530,22493,2411,15665,23031,28246,32213
8753,38812,7159,50289,8834,39552,38110,33356,19592,30534
34896,46607,60,35213,50206,49387,35409,45613,48745,7623
21467,28611,45182,11701,39805,46723,3912,27851,36330,10545
20402,12678,19875,5807,50452,34160,19175,34565,23365,45332
20267,25262,38485,42372,30416,19767,29899,41577,12105,3927
3086,13918,42215,2844,32457,20845,42725,49751,6025,1698
34232,11101,25045,30435,21901,14557,49956,41355,23267,45624
2862,36361,15039,36988,3381,39378,43404,41177,38987,34817
9507,31548,20769,26854,2907,8615,20141,50012,6740,839
37278,25739,33451,16436,39618,34750,25191,46809,9797,34926
21175,50782,44,11815,50586,42520,45578,29141,33976,1562
14601,48858,23908,32863,7910,128,37370,25024,35901,16605
13887,2674,10328,24143,34463,13237,20681,2297,15857,32580
48748,15419,2133,38784,24736,32018,21336,21902,17404,48965
25791,1918,39657,50505,28068,49110,46806,29401,15409,2052
38506,44347,42328,11422,1180,50326,39901,13808,1645,28823
26484,7647,39319,25145,21495,4867,3788,13081,24913,12705
48103,36019,25320,41181,8977,46993,19210,50597,7972,17365
28863,19001,44306,22588,12798,29260,40597,2280,42781,30774
13701,20741,15701,25213,21298,21594,38181,604,26730,27190
5508,6826,10308,9771,31871,21769,41045,16170,24421,45559
42832,38891,35908,28640,32450,39399,10229,21783,35077,19205
19830,31318,35411,15883,41117,49267,4304,6799,27650,30740
17366,21932,13278,29512,14191,47808,29187,3773,40842,18215
18950,750,21126,15737,12683,8719,31339,27067,20395,4735
10216,28537,16811,44996,28677,2640,13135,45410,45587,17016
2334,6616,30501,5320,50529,1490,26609,31386,6978,41189
12577,33508,14038,6702,32642,9975,49683,4559,14656,41007
7505,43112,31918,14069,391,4775,38664,15793,15363,46112
1577,34085,24037,18876,49306,43128,22346,429,17404,7253
23851,6730,2475,28631,10036,17545,28705,3069,3997,49132
5871,31465,43095,36402,20825,436,49069,5126,18471,44899
9695,38720,40550,6572,25809,14605,49298,45638,21435,39924
18601,8851,49485,19513,19696,24390,543,36988,19930,37169
32466,11229,9071,45497,1134,10239,16288,47187,48926,43599
1741,44646,10152,29136,4309,37103,39240,3559,16515,14607
37450,21302,11528,14896,24046,1862,99,43779,47318,40098
16499,9878,50522,34573,27897,44165,9316,7689,35745,33668
46884,1961,18918,34925,18183,38150,2770,14129,14124,40682
34432,49016,24511,45412,24285,8302,23222,10115,11886,23086
4282,16814,34454,8798,14869,43978,22259,46116,17861,39852
6069,18971,32422,3465,18364,28406,8744,46811,6381,27117
17858,3185,41279,35515,47626,1805,12369,25420,26536,13437
11010,41115,15134,44526,20972,36947,25556,20350,40569,50734
27353,7127,35429,29407,30414,49465,41112,6653,37340,14874
17141,29041,24973,32605,17716,10720,14450,49339,7187,23554
37833,12562,47373,39713,17061,25216,14450,34736,10886,37380
44769,46030,37639,26635,7640,23695,50566,36471,4171,20945
11807,32048,13898,5577,35120,22105,22265,16080,1068,28782
12818,17977,37351,38968,42741,35859,38731,781,42855,43920
33388,40983,40982,29047,24723,29238,28984,2268,39766,46500
25016,25617,44598,9948,41134,39252,6145,5532,26689,23523
11767,4381,13673,16419,18877,21014,5247,45363,45226,36821
17219,29193,27342,18659,46690,35016,44402,22615,14283,11688
16361,43621,37434,24845,14001,40383,202,37642,45763,41273
8504,21466,26271,47170,33060,39244,1929,23194,12998,3262
23280,8379,35833,8994,40758,905,17732,16255,3688,29447
38815,33858,50684,49265,43511,11800,24571,45099,521,7461
20296,49503,8438,7525,12322,21746,49655,10097,38446,14485
19710,7216,2729,43548,44068,39785,38799,43781,49569,15852
46570,37144,4461,24061,2544,14267,8118,45337,33561,37180
13944,37221,50176,31618,7795,41405,22352,30362,22835,25928
13053,33812,29581,50823,35207,27290,3021,46740,45333,9673
43764,7393,5009,1063,45261,42729,12248,30924,6368,32816
35877,40406,12992,18959,9192,29899,44017,7192,44412,23721
9644,31776,10439,36312,40408,50570,2039,34441,6529,9678
1674,31348,23223,16586,37215,34439,9792,10644,34764,7802
44925,5650,3525,45018,49714,42185,50138,43302,38739,33829
25234,2390,36192,4139,18802,44721,4205,21422,45934,4110
1382,22917,8991,39758,24350,7702,7698,6784,19443,24733
1546,26438,25501,43827,46617,25571,36164,34268,16297,42712
39868,12210,19106,32635,23328,7080,17451,21062,39296,35459
5489,46597,29321,8570,31507,18123,39526,32576,44648,34260
38301,48753,22518,29433,3065,30698,42432,33864,4780,36657
11510,559,30076,49171,45079,43332,29507,7805,42055,41759
21525,11148,26769,25157,10650,8150,34836,33021,2549,48852
31541,30231,42842,45353,20768,41195,9817,31064,33244,26141
33931,6655,17693,1413,31666,49033,49633,35917,31087,6740
17884,11405,44232,15842,42263,20386,32626,50846,9155,45697
37008,42786,27773,24826,924,50211,49986,11774,28267,19154
32298,40484,24848,33143,6098,43568,33058,32939,1603,17093
8509,50792,20370,7427,44148,37105,4066,8022,45442,32628
22666,1632,20265,24098,1088,36227,22146,24049,22623,13573
25412,2724,44090,42121,18625,49966,30636,25670,44034,48009
5148,13560,38056,26138,42168,16469,22712,23146,23537,13356
31735,20864,9141,35879,26571,44747,26136,38301,43027,42652
34758,34029,26828,25566,2077,50734,26837,2461,29477,42049
19369,14278,1131,33951,11069,38330,10529,41975,19429,4705
5631,39545,28293,30112,12602,46541,1692,41126,8936,30150
42916,20455,50093,6289,13148,33905,43375,44637,40416,24383
18113,46684,689,11104,12710,41368,48272,37332,49912,1578
35915,27387,19799,18447,47451,38906,32783,39631,7596,37606
3129,35261,28948,23284,40852,24107,13183,16693,5606,41735
2937,23712,40216,25426,49858,21192,8282,20122,46115,47431
50183,7642,39189,7690,17557,46642,49667,32785,23881,23356
49604,11987,25509,23190,48499,23298,34077,38634,677,48685
46503,26577,2303,44773,13490,27701,25990,6971,13412,43465
15747,34183,28231,38457,28245,10848,14369,3317,5865,14904
2419,6200,26511,10126,25962,44833,47268,11565,36867,7753
8782,5812,19891,9730,27019,34312,40393,44283,38968,31422
8692,39879,29253,37171,27874,9686,13853,3743,27531,22098
45595,28412,34697,7512,14956,35303,1227,7294,29164,12662
26711,32766,41582,8998,38841,38357,17605,24280,46419,29931
34601,2529,20310,11347,23919,5056,20477,22425,38186,41250
17225,23204,3072,11512,29790,33375,33577,40107,23782,4203
8510,5702,32485,24994,49854,28370,1972,5597,27189,19281
3804,47999,12925,4692,26690,11527,31801,5281,19129,35323
7986,2215,46245,31469,12253,15838,39042,50146,4467,5946
25325,9504,4307,6917,8121,45956,16974,43442,44190,25510
22977,32617,19071,44630,7907,29199,39368,19831,27341,33098
4806,11887,32995,50411,41077,44391,4223,24984,41350,5293
41785,25766,23023,1057,3400,15444,25419,2511,24692,37762
32213,32278,2269,25342,48195,7426,10660,14493,22026,878
186,10017,19127,12750,37348,46575,47276,19238,5646,28110
17110,46685,388,25107,49635,22899,20119,1256,40722,6914
15078,880,35063,10668,21201,48191,10302,29203,31723,32555
28639,20123,36100,24742,23483,31683,22076,48942,9472,47818
20709,1353,16667,44325,9315,36500,44919,30635,14325,29574
47641,955,7517,37314,31556,9416,8791,48657,44728,21533
30676,5858,37293,18806,47516,15871,37903,22890,24093,45035
11354,40343,35565,29569,9992,32693,21366,14176,10291,28915
28840,2617,6921,1595,50395,16595,26632,47082,38737,23583
30883,36152,4910,27100,46603,14301,24554,11326,10797,14352
6187,19634,25567,35651,30335,49310,22376,37491,27334,57
49424,37543,33185,31031,2412,21392,37678,4721,45930,6993
15106,32677,22214,27297,11039,23668,17568,46497,42883,30496
50200,1800,31073,12892,6214,13100,35536,24573,19842,24772
49356,13206,46107,7192,12352,9306,11621,5445,11893,44039
30661,41563,1976,6072,50580,36907,28962,25632,21543,28424
12680,22192,32758,50766,49244,1934,21056,36881,47644,20621
44576,33260,44411,20069,18613,18239,25778,5592,28716,35316
45593,50144,16379,42784,43486,40259,25432,14743,27213,3808
10356,31129,43168,18801,25261,24270,19626,42539,26189,50298
48034,19915,25293,11717,48111,41633,27415,12660,25684,4870
12655,24224,29564,24876,24232,23791,15758,47852,47489,30195
19772,18080,32272,4231,7817,22185,28152,50283,6305,10821
1630,7221,44745,18445,39361,5357,6873,48938,22740,26045
38212,29147,26865,20075,23141,1716,22924,6718,44424,6983
4953,33754,39482,20340,42342,49263,4827,19021,11457,20922
5418,34541,10523,24891,42810,45591,49388,10911,23482,1117
11662,17615,16129,50294,41701,594,40555,20514,38665,12441
45518,35084,37645,20119,35831,44300,18993,7400,42903,31211
30759,44730,9502,28228,8863,14130,25826,47340,34521,697
25806,27972,10375,44505,14367,11374,50,25557,14451,27111
31510,38355,42051,31276,27683,50644,13914,40054,20682,39463
36876,9887,49409,4319,43701,47666,26815,6765,40032,43294
30622,34529,1777,31800,2395,3693,1456,4114,23012,50532
38019,45435,22672,41525,13786,5720,44959,28028,8564,41981
8132,37950,25047,42460,30934,26657,45409,10159,4625,42970
11275,30055,47155,32150,49623,2888,29868,44763,21909,913
16298,27568,12108,40156,46615,2150,39860,34803,9429,12361
13444,20355,10617,21982,36718,29123,3623,42073,46253,21665
26371,1114,40215,3765,1104,49217,46225,7553,31800,7293
46997,39956,36054,17418,42535,15700,43880,41907,50293,30423
48961,32610,42611,6436,33402,20531,39772,27882,18846,20167
23071,49067,32317,44639,18429,38489,49332,24773,4845,34721
49748,30773,14985,31523,995,21534,37644,31921,17588,49588
35410,38869,50504,49172,5479,26563,44241,15015,40842,43875
45227,48124,19735,28233,13161,18704,46906,15735,22833,29854
41959,48378,46519,44992,38968,5509,27168,1272,3025,24418
50020,21458,37076,34297,49649,49321,29983,5037,20381,36167
10079,11615,4586,7288,18153,24411,19025,14560,44853,14663
26476,15054,45414,42526,47758,28780,50356,29640,32687,8284
16870,21550,17086,19554,18670,43388,43126,28198,34875,30597
35974,10389,36710,38196,47464,5882,2375,7344,29121,21897
2805,49513,25469,9160,9736,33934,17397,10623,49671,38233
20916,33640,28159,23872,34325,36671,28095,16014,40237,5736
21705,46862,28845,49288,520,16290,42367,11710,20494,3875
6099,48590,3273,25189,49437,45460,34276,23571,32670,36870
17031,25165,490,12706,27048,33538,41017,12541,10598,42604
8942,24361,6484,14654,15167,7814,25928,45636,41402,20571
742,1493,3658,22207,40386,36282,42902,36057,23890,32312
1837,31154,558,6957,13678,32963,30070,27108,14361,27815
5988,44875,9379,21948,46711,37748,15400,44007,41326,46090
34015,2649,39704,33852,648,44269,6039,10780,25415,43493
22033,35214,27666,10078,50352,4600,46610,20759,43534,36130
41612,13933,16564,42997,15002,2311,17204,644,19032,20427
19924,36241,46171,36363,11744,30921,50328,31793,33613,24069
3174,12715,45382,1214,32094,12400,44946,25447,31138,14365
48551,19590,42288,45648,1824,12931,27004,11863,10803,3961
15522,47511,7043,36351,37178,39930,12471,30793,3428,29899
32726,13004,3024,5240,18668,3738,33983,30784,41356,26144
21947,27720,38155,25327,7586,27108,42333,33263,21687,5017
21115,42938,5806,49609,27763,20020,35328,33426,14867,5570
18183,42443,26414,6085,16116,29370,15278,11301,1821,34361
33134,6267,8149,18743,40476,3220,47502,10455,25502,7233
18372,38378,22743,42388,41720,32125,2298,8281,22338,32756
36676,16882,39753,35752,25416,29710,12460,23625,15975,7115
1367,1154,7528,31679,11759,952,17196,20323,16358,48142
9868,18273,10963,45783,35275,32445,17153,47116,43836,15627
32089,26897,48002,13226,45391,29349,35873,42240,40538,23038
48208,21197,47429,17963,32516,16889,21651,41207,5752,41886
3655,12071,7886,16040,46826,29192,18013,7463,19695,20346
48383,21459,48786,14904,32362,38519,26538,5555,32234,41547
41977,11919,2699,37515,16123,23572,25911,37578,6259,44858
20021,7302,19754,43336,35526,22766,44666,30965,3588,17805
14520,32972,6826,19689,40105,12551,45795,4948,18665,48061
37615,18073,40996,22327,34629,48325,14922,2901,20402,47799
399,7038,14594,14578,38506,43545,15639,46570,26254,30636
9883,46752,50022,12024,20140,23424,7392,12673,17138,15697
42602,522,43342,17535,49143,29034,36414,9206,7678,8793
49660,21225,14366,23045,3660,49353,49571,22980,7141,11203
16476,30530,43647,9623,25020,3409,43322,4140,24908,15368
39134,9665,26421,14102,33012,17913,11089,42499,42332,22458
2650,19303,37038,22205,47730,40446,12758,1835,11276,25853
36858,44941,29175,40787,19836,1743,39283,44934,27076,48266
41902,32911,2102,26994,11583,16336,13771,30451,42881,2147
38189,27945,6725,43663,44543,29126,10119,36188,1922,43253
10834,20972,3894,39769,46637,23342,28171,29389,27659,17568
41623,11279,34473,4201,15911,29937,27341,14572,6284,1275
15192,3656,4394,23927,42494,14591,37678,17307,5927,15009
4833,27577,340,4796,30479,32603,20377,14599,50171,48073
11055,646,49921,35073,23692,34233,29635,50308,28086,48401
11105,3484,33030,19127,4009,43168,14440,7310,48393,43540
10613,22446,21803,26825,20714,15940,13848,26111,39224,10013
13448,29941,40364,43734,48760,20350,38396,17966,23492,3636
8748,6901,42177,11397,42206,38795,3471,28944,37999,43379
10218,48636,15032,21138,16164,4366,31088,29793,45752,38973
2383,9113,12485,192,31866,5744,47230,14492,12042,920
42737,47643,7602,30828,30450,2321,20021,42159,44208,42510
47675,21988,837,14425,43538,27319,33426,11932,16962,50452
5880,2151,21417,19011,4672,53,41543,47602,9056,33348
1840,49222,6792,27151,45060,825,25678,2297,22589,46042
3126,12469,22188,35113,41,5087,30106,31127,3227,22719
37143,18475,30494,35829,1551,23428,14233,39431,48529,44818
10738,14893,7948,34397,39776,25450,37380,48288,598,45178
19450,11877,3781,20208,957,12983,18289,29711,33457,294
44281,25753,50103,26402,7795,19026,4063,21023,7628,13674
14588,34108,26925,14109,10646,22992,26284,19565,14587,29005
25103,10781,23885,42906,15311,30369,46138,42519,1632,46808
38631,33116,16608,37633,35565,22796,9959,29976,4496,12738
44540,16136,28940,45886,12867,2268,50709,34336,47187,10321
4535,42845,15957,36087,10252,47094,35479,30440,27390,10690
13479,47856,27792,4792,4897,38204,32097,16566,37912,16800
45232,27755,16987,22128,32318,27482,35141,47534,16453,28394
42293,4022,32301,4762,17741,26702,39444,25445,45722,2486
32422,24635,42784,9106,31236,2615,18232,9083,20942,19472
44575,30377,38282,6195,6400,27362,29940,32845,1448,18017
37335,16605,32011,28387,44232,44369,34489,22980,49627,49294
15550,37542,44670,37553,15053,15455,43570,8950,25834,19996
16072,28618,49503,43312,46158,19709,16682,13033,36404,25585
50530,7299,6963,14045,39514,1207,42802,28125,24677,41711
31114,8643,18067,24310,26053,43946,146,32591,46270,238
33303,31040,50585,33941,8205,16209,26118,20826,9168,21351
41869,28242,44691,9784,48313,44695,6716,23034,41693,40816
33912,3920,9663,31882,38508,44059,18354,18718,37376,10561
33826,24422,34026,17478,21043,44235,43059,26621,37519,44149
42962,50037,8448,50714,6126,19610,36609,28127,33919,4476
21336,36719,15543,50451,36076,3327,48752,16245,14967,26269
5146,38928,40801,23409,29972,1056,45503,25980,6315,30
12080,38264,40278,18341,41927,43111,10947,16455,33567,1976
4874,2891,45976,35510,43296,16008,26161,44989,43510,42692
36834,16447,12763,44858,12865,37597,30318,4901,13836,37580
21362,47858,35082,26789,31373,27826,30580,34136,17324,13630
9972,801,19546,45920,31409,30971,49028,37254,9221,1428
21882,26236,1471,6455,14378,3739,43286,27322,49111,2518
24901,27349,13271,49325,5836,22687,33284,3658,23093,7148
50063,43088,31297,38309,21875,47558,4751,17208,8952,12242
26207,23822,49041,32226,1001,44648,12525,3121,12549,36971
7004,30687,29252,12889,50642,26004,48136,9721,21933,39662
18008,29928,45954,33462,10167,9899,44239,37368,4524,17583
32422,23943,20258,44391,22903,38412,27024,8492,23214,24939
32370,26302,16538,40467,16963,45969,44356,17474,19000,4785
31492,13365,22271,45277,38707,3391,4966,4510,21549,46628
47785,35179,10468,35673,24280,18891,49861,20732,28263,35421
48572,722,36471,10279,15844,11397,45372,20269,28785,27477
2520,18915,25139,12827,9624,12584,18074,10899,3222,172
575,47978,36940,25137,46683,10456,29320,46265,33049,26031
2957,11087,31026,8374,11204,35202,15764,44489,14169,40495
32639,35121,10678,11946,6013,16950,30928,10000,46775,45425
21463,36026,1516,16807,41749,36041,11779,23675,17922,25960
7448,47156,43750,45724,8169,1355,15975,3745,34445,31856
32740,33011,16023,15200,40267,14404,48995,14324,29570,31230
46915,33283,10036,3337,15988,6617,30676,13582,28690,47268
49603,15329,636,22546,8787,25070,4523,40470,35181,10474
33960,8877,45888,36311,4901,41736,19770,6606,17141,28104
5224,49187,34944,33491,49375,49425,21774,4282,9985,8315
20008,31593,9378,48706,16947,36314,36338,11038,11753,7769
9256,19073,14824,6227,37986,3252,16108,27664,41028,1353
26238,37886,26504,19816,38339,38630,25985,21468,14254,49742
34739,42128,39300,60,12445,6335,49491,36128,8742,47100
12885,28334,49986,14407,18563,20446,34989,21813,44324,47857
12442,26654,45972,47183,41966,46436,20608,28512,42305,11699
3407,7821,47798,18735,47280,31758,13048,20062,41747,14235
5415,10236,41519,10797,26050,32656,2026,19782,36327,43425
10830,25488,49761,44613,19291,50411,25376,14930,24490,4385
47720,30116,6836,42965,19653,46711,6763,25224,40835,35197
29071,50524,35350,24726,45774,35325,23721,17003,1701,19452
44865,25451,30421,2570,351,6556,50120,4888,44600,14132
29203,47333,10336,22799,41010,40043,22070,50657,31320,36060
30566,12776,27042,47502,31179,15603,23250,5648,26812,46209
41314,19923,340,17168,28468,30349,30587,23133,37148,31995
22443,8783,9334,49865,24532,39066,15433,42256,1311,332
27342,40491,16226,14141,21726,3476,3748,14803,6036,6834
11237,9066,41827,13194,29808,27319,11277,27713,23477,49067
7315,7946,32929,11867,38888,12350,48156,3634,45762,35667
24162,5127,16226,19845,34092,41190,36558,41963,28235,21110
49153,12511,39443,31891,24924,26481,28643,46506,50483,35189
28774,41402,46320,23630,43251,17396,24017,4463,17974,39079
25019,42690,11490,16593,14133,11666,403,8972,13100,31360
7453,29516,16430,39837,46349,5902,28729,44224,50040,39187
46467,12153,50314,10323,35844,14307,14101,20082,23058,8494
19977,35518,33758,4781,27536,45533,17959,29300,29173,14088
19923,17503,50374,2847,50384,40019,22927,8569,29794,12496
6909,19409,16788,25506,12103,35550,35937,15200,24223,20338
3974,5992,19016,8317,12984,10433,49427,853,25082,36364
41426,31666,21300,34558,11485,11938,45499,26605,49823,26323
13757,32817,50238,17324,9306,34078,43381,29936,37929,314
17897,44835,17317,17398,36163,18330,48654,19633,29881,14674
16425,33823,1874,23549,17729,14401,39062,19068,42907,47261
24690,16103,46889,9148,47839,4007,14291,38021,9747,25219
32820,15608,41656,43224,36901,10821,7103,48693,3402,16019
25314,43752,18694,2514,8191,33623,27289,1391,19049,32809
28384,9124,16742,8426,48139,13731,36696,37914,32858,25120
9539,3540,34010,36818,12582,23536,29929,14117,50310,44524
49263,23251,1259,6114,32380,11385,7693,7819,19094,42434
10608,43211,48114,13810,7510,11069,39351,32674,119,25914
28509,35278,27518,6696,35369,19802,41782,24708,17388,16913
24166,38012,31003,40937,45897,8560,40450,26973,6247,21041
8055,21140,43878,50362,3734,13293,24126,47014,9383,46743
15075,42428,30379,27071,1166,26146,39771,45917,7232,35908
42126,13211,19074,27981,36786,45251,6561,31787,35416,10558
20575,40473,22127,26937,29283,15891,14911,9296,25274,11264
13469,9072,26335,16504,1782,41853,35933,24738,24034,31471
9786,36146,37128,27368,27656,17700,37910,49302,42126,7183
18679,42550,50291,30995,1074,20370,37020,25270,11750,28023
43284,49568,13708,48841,2883,47652,19125,9153,34828,12891
49039,24256,32231,27014,26210,28100,8141,45115,42771,37952
5125,8320,30031,11610,11645,9958,26838,28088,44660,33382
44447,40328,32361,31518,25034,217,5304,33492,26520,3829
33921,50824,28876,40876,14960,661,42771,49497,47629,28511
5772,48067,7668,19262,717,19652,46668,17550,46911,4809
33513,11636,11668,47286,14733,43692,16751,18728,11617,13984
13220,33613,35255,6870,45579,12676,4843,22165,21106,47566
12112,45783,5285,29699,35671,45547,17009,43264,22105,9079
35860,42341,5686,12699,2423,9669,5862,31101,47346,45586
4002,20405,4214,17434,40887,33670,389,7947,40240,45603
2702,46464,39720,24635,14554,26473,29565,21673,29283,47854
11627,8655,29549,48581,35750,31866,32764,39318,6913,3824
45446,43391,16283,30525,19905,38069,14158,6308,30277,8290
26165,24849,34957,46675,144,38257,13017,43768,22199,17250
36198,27003,24261,5435,28450,5940,50516,41048,38122,10313
6559,455,5305,50391,24242,18319,17807,41581,135,50798
12454,33944,30819,10045,42928,22780,48808,41716,28145,19987
16805,22505,17745,42996,45032,28810,46747,38106,2696,8065
1483,46637,39750,20131,44779,14472,28233,31754,35966,50885
32455,37887,42653,46245,6430,40212,38944,6788,6862,41264
40430,38892,35610,13857,26520,7214,16434,46388,2400,12588
39094,7215,27732,10208,1725,22178,25023,26536,50251,18170
12949,15277,34740,9217,46564,19813,46202,17202,50398,48212
4678,41019,30207,3505,46328,16914,1325,45498,17618,8942
8108,49732,28525,41480,15337,44739,29907,34214,39683,36122
33991,38702,42427,19042,17145,43298,44123,30439,11808,16530
43794,14889,28262,24828,34097,29151,46441,20160,50313,1702
26881,49991,16793,44133,39352,14046,13090,537,24461,17686
43406,402,3807,14933,28759,35318,8959,50605,3343,5911
10987,23189,28439,32037,50786,31017,1538,37080,46530,25184
13199,27637,15516,44040,21611,7273,830,39603,32122,33405
8358,40520,20323,5382,41693,15353,35421,24857,10055,39649
40268,24581,29716,65,31679,30625,46466,21808,18144,4062
23148,1919,7535,24523,44515,44816,97,30834,30493,13052
7515,9835,21757,13091,10807,42303,16408,42144,11548,45907
2727,5110,49990,5605,28725,17355,48660,22575,5919,3343
14494,49691,44254,17732,23213,5317,42233,32914,20162,39082
17025,11277,13,19409,32022,4471,14630,521,14371,44727
32972,45682,5019,19587,18131,2829,47969,16482,41529,19961
24922,21712,31689,45496,30964,19772,28261,50130,35558,23001
15130,38215,38747,34247,34596,50016,7345,36406,21852,4469
42948,5803,14241,7069,38138,23779,9290,11207,11426,4210
42562,45768,26085,44314,26504,41007,39520,19813,22546,26747
11446,43053,32099,30417,49919,13386,18198,38578,26053,813
50166,32947,13633,50498,1848,24568,20483,45151,46346,2191
2703,12670,27756,9394,14256,27801,10547,275,20775,4125
2161,35546,46951,31878,9648,36718,18933,24028,15964,29719
420,16804,22046,44027,9242,11013,6794,44776,37735,2083
17750,33253,44918,35621,46691,26659,44301,44526,4696,14170
20145,2968,16031,13777,172,37018,15544,35472,22706,50720
30439,9572,5172,46133,13786,43148,38487,40069,138,31205
42768,41845,25660,42807,46468,46694,14036,33844,13063,25295
27793,25316,39097,37141,5523,20408,2493,7364,36495,3651
878,30160,23989,33520,27208,44637,28908,7408,2632,43699
23910,3306,40642,40039,8840,45591,4094,21551,14882,35310
10024,35314,17505,4312,28730,30754,12572,38977,13759,39665
10408,48257,24382,27513,41062,32789,34605,3164,30978,18855
45505,24381,37397,38622,41006,3317,9789,27859,28833,24385
19380,30371,46399,30271,10997,41669,28503,29804,21721,35943
41899,182,19701,37028,15031,7035,31540,50071,26115,19175
30239,23323,39370,19620,31990,47063,34131,9574,40447,31487
6036,41485,8663,48143,7913,25309,40359,28036,15506,24871
4464,32991,3420,15340,11896,35432,22495,15459,28563,34980
31370,32661,42284,12201,12667,44080,44343,18591,21018,29417
33940,13788,30484,43013,13308,32129,35433,18401,35422,47689
15949,32249,27626,12552,27109,50254,16022,11759,22781,12903
8472,36730,23038,12474,10464,33244,42903,23912,29415,25252
33525,30190,5207,23934,28004,6278,39579,13378,23458,49700
33214,27225,2098,19104,46865,27090,37142,36294,42160,16242
21613,8036,30403,47831,42330,7414,14029,45260,42786,18233
34732,36670,21441,42022,18531,11005,20678,26828,14200,20865
25573,50740,38795,1589,39820,21394,29550,48390,41840,13492
3224,18968,34867,3407,40357,50771,13457,39669,20097,6853
24864,28869,27438,39549,2642,22036,37099,6938,42046,34980
35905,22860,3904,36797,45594,13650,3938,49016,15057,4063
24339,36372,3666,5302,72,17700,36253,49528,41032,3362
48480,26405,39675,21742,47844,6178,37696,18418,32740,28415
46312,8977,9402,980,13787,32249,24667,32943,24141,27723
36635,28770,7930,31182,9943,29372,20150,8900,11928,1601
31364,3149,26636,33272,43632,5663,17072,30990,18097,31472
38278,42896,2326,28674,35774,21606,32861,49491,50771,14054
17944,4000,26998,38888,47443,4857,28456,21082,23562,10116
31339,45229,42141,48093,17347,33580,17933,38090,14444,14782
30483,43601,8224,38840,28090,1855,14227,22662,20419,37255
44109,39117,16723,723,48380,4223,4114,13236,6021,39443
18511,19015,18698,30664,33375,29676,13996,47375,49578,21674
31193,40568,7431,29878,11333,43991,45044,13379,14091,17919
23565,47013,6093,6573,2312,43662,30695,30897,20743,12545
9864,9652,27987,47781,12262,36909,37704,41271,34365,8131
27427,3485,16130,32416,43027,4254,10308,30293,23382,18811
3102,27176,22920,42227,24114,42630,17117,29090,44984,13944
378,32251,44619,42327,39332,33952,28930,27085,1743,50353
46133,4999,8060,32700,33233,21530,29004,5445,38819,6333
8970,772,18519,39010,25068,37844,34490,26861,4833,24767
34695,24613,49583,37514,2206,5450,44007,1327,40895,44753
19026,17801,46383,9370,13807,30059,553,32485,19556,41072
23645,23103,6937,29138,12190,37479,47101,43055,31024,4703
10135,22793,30590,8710,30466,35845,6005,48974,31345,34410
7854,2971,30142,3334,17272,5004,41687,45554,47008,562
2005,35375,50706,50197,34305,11995,39537,23907,34491,41592
17108,15474,7165,22718,25026,22679,20563,4402,19371,19712
34553,24462,1210,48378,3676,31231,18347,27657,7125,14087
48181,7528,4923,41749,37694,152,14772,5322,3450,22456
32378,20748,20444,29801,15075,15042,37856,23677,29024,45833
8010,49193,33869,47161,240,12557,600,4673,47299,47228
35759,325,15974,20409,3187,29647,17572,32203,28706,10459
34915,12721,28861,29989,28136,13802,7880,18077,34990,42482
11894,19718,41288,46232,39767,20600,45351,32640,27847,16974
35608,16919,32490,36492,47469,27309,16947,15512,32533,19783
26428,10114,32845,34261,24464,30771,14551,50783,16040,23067
20110,9815,10864,39454,12179,25206,23528,32070,49160,36772
32181,49248,45766,41953,31642,32136,35533,41340,23721,27730
45799,10326,49833,1390,8519,7041,48479,28004,35010,27958
31621,3658,19768,5342,45117,33620,45871,29783,3869,18614
43011,35730,18474,50218,38392,13904,47925,2357,32990,48991
6315,25908,21132,4382,16612,24802,7390,5305,29421,29536
14761,20689,25387,29317,3622,46521,43148,22320,10141,34767
1923,4075,47975,22425,24796,5506,69,5412,42651,454
36176,3098,48844,17949,31895,17354,33523,778,3947,12246
8990,26605,35943,11472,46163,15423,46030,17539,22934,11758
9520,30245,27561,28257,35483,26642,25394,6372,16652,42213
23365,35108,48423,31656,12689,7200,18413,4109,33008,27435
37159,18129,21853,49817,16943,4701,43878,35243,48869,11219
50742,8404,9921,5000,36798,25885,29870,46447,22117,12917
32613,42532,155,9028,20968,19263,48362,885,24250,41841
8836,11910,25857,4986,37241,34080,19379,34635,30169,48129
35387,23694,31920,45164,20002,1341,7247,19475,46519,26895
30760,17163,31843,29586,45145,47072,20838,48057,35432,6889
22712,39787,49326,5058,44015,29417,43387,31742,24972,34779
46816,9203,24486,47425,9820,9873,46125,27868,14760,22599
30224,13588,142,5151,17343,37708,10964,45583,27333,46071
50312,19520,1623,25988,49966,5085,16187,25319,23105,48329
2158,41153,49209,18957,28673,27152,6884,24195,6392,19704
20605,9137,10014,13841,20863,36708,7682,18618,26629,37713
8724,15224,47506,33712,3976,16277,4114,37135,41944,533
21201,8707,48291,35052,501,8984,29309,33997,48353,13200
13275,1451,2091,7237,36042,8929,29182,6396,10749,40977
26186,3172,12740,3649,23881,15977,22057,5724,27981,11513
26457,50219,44728,15657,35020,15250,37077,24730,47896,16887
41894,50707,197,14741,24781,33082,41573,13637,41421,48661
26649,31881,30721,19812,46222,38871,26202,48777,44764,27617
7871,20735,12804,14400,32428,40579,43668,44542,47086,9322
23525,46171,20954,43299,22931,19429,6374,20928,20853,32122
19574,5422,7844,41550,23578,24983,21962,37626,40996,43023
41157,47425,11852,41714,1076,43985,43814,10258,18638,16706
1775,8573,49710,44115,11126,38709,18395,38249,5225,25194
1990,9098,17685,7008,8151,25455,26570,33876,16455,48148
16478,41341,39771,14146,7238,24350,33872,16768,10985,44655
2905,10266,19902,30119,24466,25964,7208,7030,34511,13979
26620,4976,41469,20745,16366,6753,44144,25381,8512,3358
13574,6440,29169,48387,16802,7613,49742,38757,1176,10648
24644,32502,4114,718,35037,2919,8651,48751,36993,50825
5347,48844,33179,6463,44528,37831,2326,50502,26703,37729
30952,18727,26212,29579,38795,49142,12944,3625,7705,42267
19568,23284,6859,28143,45975,41233,17596,28586,1559,30056
4390,28631,13999,529,45375,10370,30952,44140,28821,35796
38287,10300,46455,28190,49855,23583,50329,48945,6000,3772
23390,31193,2922,7561,29049,33455,8340,26143,47340,41094
23313,44971,985,20098,36253,45425,9124,12147,16807,2744
25031,45608,34343,4228,36702,33743,7114,20522,14997,12953
20042,15525,46714,16763,28196,21067,21260,3754,44962,9052
45674,21285,25371,30166,45380,26012,39375,1086,28522,5058
18704,2935,3587,3865,47875,4185,39586,30125,15013,2494
35752,38559,3780,16853,1387,7271,41323,36416,38403,39485
20837,41821,3248,10033,49145,24226,46384,19081,40918,17623
41813,5963,8182,50086,5649,39394,32300,1903,29220,31395
6508,14062,48770,10978,3536,15923,36546,20791,36729,4966
34084,9550,6241,13482,6867,13796,17076,47169,12174,42841
11867,26726,15174,9054,11617,48973,43447,17655,31137,24092
14941,42361,348,2688,33413,33445,18364,47247,36736,34643
27079,36797,36992,6602,50337,33540,22931,7057,14802,39982
46281,36953,28071,45581,29176,41067,26723,50349,7636,16545
8814,39958,5979,15165,18116,41542,2571,1518,11785,48684
8747,34395,32313,25397,5447,44628,10842,10854,43734,18790
9373,42657,6656,50671,5015,3799,8044,28602,24646,26678
50857,36348,26956,46625,35406,26167,47080,46238,21586,1566
25309,3766,34126,4758,18144,13995,31496,46481,42951,4552
12391,46214,5044,24633,13072,15777,29967,28247,34077,32620
38518,2964,27397,20882,48754,24612,27389,20861,9229,28720
23882,23097,39280,43242,20980,43095,19905,19023,2974,16546
14408,24113,1456,30065,18244,40098,39342,39562,11490,3906
25506,5858,35228,46746,9471,16023,26798,18592,43590,42654
46723,40569,45379,41884,44115,34885,27386,39823,33114,23115
24197,16080,44536,42993,18707,23329,28647,12867,36106,25074
27678,15300,9918,3358,16684,2809,24384,24856,36236,38124
20841,29502,35163,31625,44281,12538,26288,43366,26824,14649
31784,4875,44705,3205,46677,40461,24588,20821,40872,182
17780,23951,17603,26585,37601,35528,47486,12646,3930,46184
34331,8768,9017,6429,6624,10579,28187,18927,45700,34
17495,6841,28410,16809,40062,24685,5801,1852,14198,6639
10945,16476,48702,41793,41511,37814,49079,21603,25780,26126
5715,35066,25780,27166,17890,24237,43646,11155,42572,28082
42721,30902,35726,6974,46390,35748,40015,39892,49136,37223
31276,26136,48871,14681,12613,17500,37283,31429,37978,12143
41097,47455,2084,11777,20033,18934,48247,25255,16528,37554
50243,38234,8483,28748,2383,32510,286,17259,10531,19542
43699,20142,25094,44094,27719,46824,22125,21632,47546,19162
32207,27133,20699,21046,47260,4731,10704,10998,7619,42628
4022,48693,14688,43508,36974,34104,22785,50160,33714,11120
8790,10191,4459,17794,31051,13715,44400,13324,11472,32711
46674,1141,6658,44737,15463,37843,12747,44912,22104,28807
40894,31677,36919,25048,36079,3843,3206,24316,7353,11297
31366,30610,38973,34230,40272,21596,11605,40585,14473,13977
23501,2935,35890,47441,48073,22572,13741,19711,50784,39390
7985,25726,41827,44217,26812,47713,17642,26139,9507,25031
18744,40739,25968,37422,15384,47799,3185,18035,16130,12325
44287,8372,14181,40973,15054,14678,44453,12343,42583,8363
37828,22581,17444,16899,7213,1080,6449,10534,46480,41750
40287,24945,14046,47366,18686,13873,46650,25346,7466,40936
45281,2992,35100,33050,23296,17172,38654,20705,15220,37873
2743,50258,36727,49259,45234,2416,18045,8500,35698,557
11521,14144,19214,33310,2228,30599,18331,6102,25093,17609
23958,42628,44651,46325,25107,21959,36057,5886,14357,46327
37791,9641,10728,9335,22661,39749,42844,15871,34461,42550
1665,33655,12183,22567,22090,4567,3974,22525,37902,6600
6414,26056,39941,23468,23537,3888,32956,29915,27132,46613
36877,40130,38426,17738,4629,32228,1805,48787,17827,22259
45071,34608,32229,25998,40126,4296,21817,28415,6061,50238
22180,39286,32336,2021,11706,33595,26091,40631,38679,45755
50669,33149,8934,31970,24555,9066,38154,16218,26461,23640
10188,22596,41492,18201,38623,18152,1288,21026,14522,49509
28457,40287,40369,38388,23837,28429,22271,46180,36184,29700
35359,23479,43562,45518,37300,36762,39281,16705,46168,37012
43804,6918,25099,46186,19477,8916,25856,50224,14534,41268
17920,17458,33562,50558,32367,50603,27243,4734,18413,2721
16211,40787,12014,33923,6182,13474,47105,9985,35977,41637
10345,36920,23279,18979,24802,1043,49293,7542,41429,49954
46170,1517,32829,21595,50346,46806,45707,1896,3234,34061
19556,34428,20718,49276,28178,47107,29998,23310,40413,41229
41172,18924,14378,47136,10400,49963,23626,39056,22816,2392
4686,4286,19747,12574,15552,13758,3122,45722,6993,40915
15113,40979,34292,11486,17181,23891,14072,27712,49606,34268
6931,43635,28208,22447,19510,42573,29512,3564,12158,46792
1997,41754,39399,39243,2697,8288,5475,35529,33452,40661
23897,9692,49981,9450,10775,25010,39111,21571,26022,17881
48066,10679,3766,34911,39066,36286,25683,18452,38168,22194
4621,4175,38865,38600,15595,23346,11036,46596,43698,13944
21777,37250,6804,20642,33154,22169,15753,34981,50898,16962
35681,37372,2368,32913,38042,37515,7984,9639,17524,8731
25621,17307,42568,35617,2727,33552,682,41779,4994,29432
12806,16857,3967,40126,29073,16503,33371,14406,42645,11198
49724,12969,31818,40213,36509,45800,50092,38977,47004,26973
13266,21980,7659,33527,13577,28572,863,30842,11908,48901
9269,50270,40070,39666,24186,8182,30696,31137,22839,42649
9133,6782,6837,32206,27943,26956,46184,29925,42211,44919
8964,30557,27439,22129,29823,20884,7015,31393,26278,23694
27869,34769,31845,35309,21680,3607,20690,18212,32854,4792
25638,34791,21453,30923,8181,14767,35737,3828,9421,9457
27609,15559,46942,35547,43112,37101,44349,13540,10773,4567
21362,28470,27235,42931,24833,993,42308,47675,44014,15726
43577,30974,41595,47926,42437,10423,25411,18085,50261,16001
22357,13110,3151,2844,30109,2594,19680,43474,1570,50197
49381,35874,6891,30836,21816,14447,9798,15343,5542,29767
45676,22009,4147,34976,7020,7801,23007,47572,34564,15328
35777,31570,29880,12198,36906,6584,29253,32730,48762,26684
41452,15527,40014,38590,24503,10003,21024,43045,42519,47174
6280,8190,35749,42685,10033,19035,723,49315,39676,8688
36707,31473,6661,26704,15116,22956,30580,36525,1816,48358
25741,47342,17324,23765,20470,6073,18693,13772,29094,20244
4591,16472,6643,11609,28342,28067,5954,2560,23798,14273
39092,45945,3912,28888,5526,45275,369,6171,2564,10470
42757,25726,9877,48168,18076,29034,9730,16737,2286,26534
25688,38527,8758,4171,25165,33827,26611,27701,9268,49718
37034,17279,18759,39856,46698,19822,37047,7067,131,14466
50855,41706,20413,2527,18622,20585,5366,35774,48710,32484
