7320,2538,3741,38130,1611,50826,46681,31094,19685,18841,20025,19190,38771,24274,38834
11456,2538,1954,33721,1914,50627,46681,31272,19716,17422,38833,19398,30537,24273,39053
159,2538,1053,31009,4887,50766,46681,32764,19396,18552,38780,27648,19202,38838,24273
11456,2538,4041,24115,1029,50699,46681,21689,18553,18912,24259,38781,31098,18825,24275
159,2239,494,8431,1028,13509,46422,25219,25675,18842,38767,20267,31006,38838,17379
159,2538,1658,12336,1028,9690,49969,18555,24842,31573,38780,31376,18290,38838,27663
9984,2538,3741,2513,1613,50550,46422,17977,31273,19971,19201,38771,24274,24323,38834
159,50550,2538,3141,1613,3123,50202,19110,18554,18025,38838,23975,32770,38508,30730
9984,2538,1352,25661,1313,50699,50202,25177,31273,19973,38837,18840,23698,39042,32763
9984,2239,1057,3357,1613,50699,50070,23982,39314,18841,19398,25717,38837,32767,31007
9984,2538,1654,13617,1615,50627,50199,26503,18842,38825,19737,19398,38780,24612,32773
12922,2538,1357,17376,1610,50699,50071,44440,31100,18849,24275,24259,38837,19978,18333
6428,2538,1058,34800,134,11418,49836,31269,18841,19774,38838,18020,19686,38780,24273
6726,2239,3142,7838,1028,34519,46681,31273,18581,32773,39314,18844,19398,24824,38838
7320,2538,1357,23970,1028,50627,46422,31273,19686,16265,38771,18555,32770,25126,38822
17865,2538,468,35374,1913,50699,50200,11042,31098,19686,18842,38551,31298,24273,38771
17865,2538,1656,12168,1612,50699,50203,15657,30714,31286,38837,18555,25175,32770,38771
11456,2538,459,31513,1613,50699,50198,14809,33045,18554,19685,38837,19787,38770,24824
13215,2538,2841,34013,1913,50699,49494,44171,31376,19397,18563,24273,38838,19499,25390
3440,2238,1657,86,4289,33138,50202,8401,32768,25127,38824,19133,19687,38781,18613
6428,2538,1356,5041,1328,34519,50199,13637,24898,18265,24543,38837,18535,38770,18036
6130,2239,765,3679,3430,34520,50070,32388,18554,38834,32497,24542,18534,38780,25177
159,2538,1358,32875,4289,50699,50200,13993,18841,38771,17090,38020,19973,18315,27662
11456,2538,1356,26479,135,50627,50199,19709,30995,24617,38824,19398,30817,38771,19481
11456,2538,1352,37293,3130,50699,49937,15082,18844,38837,19973,19190,38771,18068,24543
11750,2538,1357,3916,1328,50627,49223,19687,17974,25391,38837,29611,24272,38234,31095
9984,1939,3742,4809,1913,50768,50201,19972,31374,18553,38823,19487,24824,18595,38495
159,50872,1064,15085,4289,50699,46150,30994,18906,18296,38823,24272,27930,17975,21695
7320,2538,1357,30696,1609,50699,46681,19981,31273,17090,30820,39044,18844,18869,38566
11456,2538,758,36217,1031,50627,48680,32767,24274,19686,38834,23975,17976,18073,38802
6726,2538,1057,25895,1613,24164,50631,48869,18904,18265,38829,33045,19686,24551,38771
11750,2538,1351,17691,1314,50699,50201,25172,30995,19974,33049,38566,23973,38770,17090
159,2538,1656,1498,4289,50699,46161,26026,19685,17976,38780,32763,25674,38020,31006
159,2538,1357,6880,1913,50550,46681,16220,19972,32767,18842,24272,18580,38770,24824
11456,2538,1058,72,1030,50627,50069,20528,38551,17088,18265,38771,33045,24273,19973
11456,2239,1656,26487,1029,50627,50199,19685,18555,38834,24896,38772,17704,24275,32210
11750,2538,1351,8713,1613,50699,50198,25461,25107,18841,38835,17086,32484,38771,24273
7320,2538,1354,17396,4289,50550,50070,16268,38834,27383,19973,32486,25180,38772,17089
6428,2538,1657,3732,4289,34242,46681,31273,19397,24043,22550,38837,18842,38770,31019
11750,2538,4341,9011,1913,50550,46681,18038,24272,31377,19400,38771,17982,24825,38838
11750,2238,1357,20528,4289,50766,48279,19710,24275,19398,38837,33322,24824,38771,25425
159,2239,1363,19497,1328,9690,49969,13639,31939,21121,38771,18841,38838,24273,17090
17865,2538,2842,24897,1029,50627,46681,30715,19709,19974,18582,38293,24827,24275,38780
9984,2538,1656,3655,1613,50768,50203,32116,16800,18842,38772,19687,38838,19205,24272
159,2238,2541,8460,2787,3132,49969,19973,19719,32766,24260,38838,17090,18553,38772
9984,2239,1655,13010,4887,50550,50203,21127,31374,18842,24823,38771,17496,18324,24272
9984,2538,1656,5965,1611,50699,50092,27355,19397,32769,17995,38772,18266,19787,38834
11456,2538,1942,11455,1612,50627,50069,20269,39042,32209,18265,25673,38838,17091,24272
159,2538,1057,19992,4289,50627,46681,16236,31099,19972,23976,18934,38771,24275,19201
11456,2239,3444,18614,1613,50768,50092,33218,18841,17956,38287,24379,38771,23691,24894
4040,2538,1957,3981,1913,50554,46681,24329,19139,27383,19686,18598,38838,23976,18580
9984,2538,2541,17576,1029,50627,49937,19398,18842,15951,38834,30817,38771,18906,24259
7320,2538,1351,6302,1613,50627,50198,18842,19398,32209,39315,31573,24273,38837,19151
159,2538,2255,19481,1314,50550,46422,27944,19687,31097,18554,38772,23696,18868,38833
9984,2238,1613,33969,12336,4340,49968,17975,25107,38768,19399,24272,17787,38837,27944
11456,2538,1058,27944,1914,50699,50201,18852,31272,19400,38566,18366,38771,24275,32763
159,2538,203,11723,1028,9690,49969,11691,18851,38838,32207,19973,24272,38779,17969
9984,2538,1657,19708,1313,50766,48066,13408,30717,19398,38780,24840,38837,30821,27649
9984,2538,1351,6003,1612,50627,50200,24603,24543,18844,38835,17962,31656,38770,17786
9984,2239,2841,2197,1313,50627,50069,33321,30443,38771,18264,19686,38566,17994,18906
17865,2239,3143,4553,1611,50627,50198,17687,30994,39043,24897,19687,38833,24275,31375
4040,2538,1355,3134,1612,31755,46681,31273,19132,18887,38829,19687,31377,38771,24273
17865,2538,1956,35944,2213,50699,46681,24895,31273,24842,19685,30819,38837,18842,24540
11456,2538,1046,4031,1313,50699,50203,32380,18265,38837,19687,31375,38779,23975,26800
7320,2538,173,27312,2788,2831,50201,24308,30994,21693,38838,18830,31095,25107,38771
7617,1939,1613,37824,2831,4042,49969,31273,19729,32765,19976,18268,24260,38837,38771
11750,2538,460,25926,4289,50699,50203,19129,32766,19687,39042,24824,24006,38838,24272
9984,2538,3144,19738,1612,50627,50201,15656,39858,18841,24896,19686,31096,38566,24256
9984,2538,1357,14828,1612,50627,50070,39940,39587,19696,24274,18852,38829,17377,24259
7320,2239,3442,26198,1610,717,48066,32769,30994,17982,19398,38837,18037,24827,38781
17865,2538,3442,13975,1027,50699,50069,19423,19397,24273,38835,27662,38781,33046,24542
13215,2538,1058,23691,1028,50627,46422,13934,31274,19974,18559,38566,27662,26519,38780
12922,2538,756,30118,1914,50768,50201,18842,16852,19397,38833,32767,24827,38780,24843
17865,2238,2841,24325,1611,50767,50200,15965,18553,38834,19400,25128,24259,38772,18073
11456,2538,1657,32661,1912,50699,46681,17089,18948,24275,32766,38780,19973,18329,18264
159,2238,1956,33745,1612,50767,46422,12254,18842,19686,38509,24267,31378,38837,30728
9984,2239,2841,8458,1914,50627,50069,19189,18532,38561,17976,31098,38772,24827,17995
159,2538,23888,18558,3144,1328,46161,25176,31272,19686,32494,38837,24272,19207,38780
159,2538,1656,3432,3132,747,49969,14221,18532,31835,38838,19719,18552,24261,38770
9984,2239,1345,19193,1614,50766,50070,24826,18266,38837,18887,21410,38768,33046,17090
11456,2239,1357,17377,1612,50699,50069,44440,30723,18842,38566,24273,19162,24823,18357
12629,2538,748,8730,1914,50627,50198,25945,18841,19687,38566,24606,38781,18357,23976
9984,2238,2841,11729,1613,50627,48279,15362,18841,39315,31377,19398,27929,24540,24275
159,2538,1351,6600,1613,50699,39942,39587,16783,18555,38566,30444,19686,33044,24827
9984,2239,1350,8433,1614,50550,50069,44708,16247,18245,18844,33046,38837,23977,19483
9984,2239,3141,11743,1611,50627,50201,18268,24272,39042,17378,32212,18288,38823,20268
6130,2538,2542,12571,1611,50630,46681,16925,16798,18842,17717,19973,25459,38234,18906
9984,12629,2538,1344,3130,50550,50199,24606,19397,32762,18842,39315,24574,19493,38838
6428,2238,199,32112,1328,12630,50198,31379,18841,38768,19399,24826,16623,38838,19200
11750,2538,2841,3042,1611,50768,50203,32489,19397,18842,38509,19727,24275,38838,18020
7320,2538,2542,18958,1328,50550,50094,17088,30996,39042,19487,20551,18841,38838,24827
11456,2538,1357,4842,4887,50699,46681,17666,24275,32771,24606,18841,38781,24259,19192
24165,2238,3144,6653,1312,50767,50095,19449,17668,18842,38833,32210,24543,38780,24275
159,2239,1657,12989,1612,50627,50199,19210,18844,38771,27929,32487,38837,19399,18891
7320,2538,1357,14209,1314,50627,50199,14268,18841,19401,38838,19497,38780,32208,23973
11456,2538,3141,4555,1612,50766,50069,17092,39858,24273,18266,38566,30444,20261,30819
11750,2239,1358,15100,1612,50767,50203,24376,17995,31005,18265,38823,19398,24272,24605
6726,2239,1053,24431,3431,36992,46681,31273,30821,17971,39314,27663,24274,38838,19445
11456,2238,1053,6082,1612,50699,50201,24842,32767,18548,38771,19685,24824,38566,19428
9984,2538,1357,12257,1613,50627,46681,32497,19972,31273,19162,38771,18844,27928,27381
7320,2538,3741,30947,1913,50627,45896,32765,19397,18553,18364,38772,24860,38838,24273
9984,2538,1055,2458,1612,50627,50201,12757,19397,24273,38835,33043,24869,38771,18841
159,2538,1357,6244,1912,50550,46161,18595,18266,19686,38782,17787,25109,24274,38838
7320,2538,1644,20283,3130,50699,50198,31273,20544,32774,17668,39042,25742,24273,38837
12922,2538,1351,13995,1914,50627,50203,32943,18841,19110,38837,24275,23972,38780,32490
9984,2239,3443,9027,1613,50699,50200,17681,19398,38566,26517,32762,38223,24272,19160
12629,2538,1363,26197,1028,50627,46681,31273,25460,19973,31096,18842,38833,27648,24274
9984,2538,1344,12279,1913,50627,50069,44440,18841,20833,32766,38566,24274,25107,18306
7320,2239,3442,32046,1913,8169,46681,31002,24275,38020,16256,18841,19398,32765,38772
9984,2538,759,10470,1613,50768,50094,18920,38834,18252,27663,38772,33050,24275,24824
6428,2238,1644,15383,1914,12335,49969,31551,18842,18823,32765,38771,25390,19433,38837
9984,2538,749,12866,1313,50627,50203,24898,19397,24274,38834,18553,19784,18005,38772
159,2239,1644,2466,1610,2832,50095,19684,18075,39052,23698,18554,38293,16799,30728
6428,2538,766,2229,1611,32878,46681,30728,18266,24898,38718,24258,38838,19398,32488
11750,2538,3444,40293,1611,50550,46681,21125,18841,18533,38566,24333,38781,33049,24542
11456,2538,1352,15660,1912,50550,50198,25180,39315,19438,18840,24273,38838,19686,19488
11750,2538,1355,452,1611,50627,49971,31099,17975,39315,18899,19688,24823,24895,24275
159,2538,759,20551,1611,50767,46676,24889,17982,39314,32490,24273,17380,25107,38719
9984,2538,759,34278,1030,50627,50198,16525,31271,18006,38561,18245,38771,21143,31099
6130,2538,3441,5521,4887,50551,46681,31097,17383,25176,18554,24545,38834,19497,17787
11456,2538,760,4256,1914,50627,50203,19684,18841,32496,18291,38769,24272,38838,24540
11456,2538,1057,7157,1029,50627,50071,17113,39315,31273,18888,30818,38834,19398,23997
9984,2538,1357,5401,1615,50627,50202,19194,18840,39315,17668,24654,38834,24825,32485
159,2239,1656,13060,1311,2512,50203,32766,18841,18581,38561,19686,24541,38817,24272
9984,2239,1651,6897,1613,50627,50070,19448,39315,18842,20262,38838,19499,24273,24823
12629,2538,3142,19379,1610,50699,50199,25435,21694,18840,38837,32207,18883,38772,24827
7320,2538,1357,13323,3430,50550,50198,14527,31273,19685,38837,32495,18266,38781,23975
7320,2538,3143,17955,1027,50627,46422,33495,18840,24898,38780,19202,23990,38718,22552
159,2239,1059,12490,1028,29520,46161,14221,19491,33046,39043,18840,21408,25108,17957
9984,2538,4043,4332,1913,50550,46681,18271,27636,19398,24016,38834,24900,25108,38781
17865,2538,2542,3410,1612,50550,50198,36213,18246,18842,39044,38566,24919,32773,24272
9984,2538,1344,2434,1610,50627,50070,32487,19709,39042,14221,17673,38837,18597,18328
9984,2538,758,11432,1611,50627,49937,19202,21408,39315,18555,24275,38837,17669,25108
159,2538,1357,13955,1613,50627,46681,30818,17954,18554,38771,24259,38014,19490,18870
159,2538,792,10536,1328,4340,49969,15378,32763,18555,38561,24824,19976,24321,38780
159,2538,2255,29588,1614,50699,48279,11880,30997,19686,30818,18841,38768,24607,18039
6726,2538,1653,36453,1912,3424,50202,19977,24822,18841,38837,19175,31287,38782,32768
17865,2839,759,10491,1029,50550,50200,19687,18842,24869,38838,27945,38780,25460,24260
159,2538,1655,11868,1314,50550,46422,31097,19398,18842,19512,38769,18571,24826,38824
11456,2239,1652,5369,1612,50627,50072,18841,26235,38823,31095,19397,25416,38771,18283
9984,2239,2843,2812,1913,50627,50199,18834,33048,39315,27663,24259,18562,24274,38838
9984,2239,1941,9321,1613,50627,50198,17091,24259,18842,38780,19488,37469,19973,18290
159,2239,1313,6536,2830,4340,50093,19106,24378,18840,24258,38771,19192,30816,27663
24449,2538,32878,50550,2830,1053,50201,18309,30715,38823,18265,19495,18825,38838,24824
11456,2538,1657,37850,4887,50699,46681,15947,31273,19739,19977,38566,25119,32763,38781
9984,2538,1046,18905,3130,50627,49937,17970,30715,19398,38833,33044,18861,38780,24543
159,2538,1058,17108,1328,21602,50203,13638,31097,38834,17379,18291,38780,24543,26817
4040,2538,1658,32036,1613,4331,46422,18840,24821,18870,38833,19192,38770,19686,30449
7320,2538,1357,39745,1914,50768,50203,13907,18842,19399,38833,18906,25463,38772,24272
9984,2538,1653,14801,1029,50550,50198,24320,18841,18034,19399,38834,38769,30820,24272
4040,2538,1065,9549,3130,50554,50070,24868,20026,18841,38834,19686,25107,38770,25179
12922,2239,4043,19991,1611,50627,50201,20259,32766,39314,23690,24840,38837,18018,18579
159,2239,2844,11711,1612,2830,50201,17089,19407,38838,24542,18858,38781,18035,27662
11456,2538,3443,10158,1314,50627,50203,17694,38837,19686,27663,33045,38509,18913,23973
7320,2538,1058,5370,1612,50550,50070,23412,18842,38551,17377,38566,27384,38718,25474
159,2238,4342,1799,1613,1029,50095,30715,17405,24276,38837,19398,23976,31377,38780
11456,2538,1351,11981,1027,50550,48066,17666,31274,19140,38771,24260,27649,38566,18259
6428,2239,1045,18315,3130,13805,50201,18548,13931,31840,32484,38782,24550,38838,19686
159,2538,1352,20071,1312,3131,46422,33045,25105,19419,19398,38838,24275,38782,27383
9984,2538,759,12784,1913,50627,50202,31374,19209,18552,38770,19686,38834,27662,27928
7320,2538,469,32944,3132,29241,46681,13930,32495,19980,38768,19785,17974,24610,38838
17865,2538,4042,6263,1611,50768,50203,18006,18841,19686,38834,31097,24260,38780,30450
11750,2538,1356,32322,1328,50627,50198,18266,24899,17666,38823,19159,38771,18312,24273
24733,2538,2841,2220,731,50627,50203,19700,19684,30995,38837,23697,38780,19751,32486
17865,2538,1058,31,1914,50699,50203,26798,18553,17743,39052,19686,32774,27662,38833
9984,2238,3141,2221,1612,50627,50203,31377,17378,18264,38772,24259,19157,38838,19980
12629,2238,2844,3435,1613,50699,50202,19491,20268,18554,38836,24273,25108,38779,24891
159,2238,1655,748,3430,5736,49971,25464,18841,38718,32771,19398,24260,38551,27662
11456,2538,1357,34553,2830,50550,46681,23971,18553,19685,25718,38781,24273,19719,38566
7320,2538,3141,12569,1314,50627,46681,32772,18268,25107,19396,38496,18296,24274,38837
4040,2538,1054,16510,3132,3434,50095,31273,31097,19686,18840,24827,38837,27929,38782
7320,2538,1657,27313,1913,50627,46681,19425,19478,24275,19686,38837,25464,24824,38772
159,2538,1652,3141,1328,8342,49969,30819,31551,18552,24324,38834,18000,31574,27663
12629,2538,1357,35070,1613,50827,50070,31106,40129,18555,27088,17378,38835,23697,25460
6428,2239,765,12842,1913,50628,46681,18555,23972,31382,17090,38780,19201,19974,19462
9984,2538,1357,2755,1612,50627,49971,44440,18265,20259,32763,24275,38837,18616,24543
24449,2239,1656,26222,1328,50627,50203,19200,24274,39315,25461,18840,38566,19398,24827
159,2538,1957,18845,1328,9690,49969,11692,25389,33044,38770,17496,30729,20262,19484
159,2239,1656,37267,1610,9334,48484,17698,32485,31273,18885,23412,38838,19401,25746
11456,2538,1657,18852,1609,50825,46681,31381,25741,19687,24275,38771,17970,18612,38837
159,2239,24172,12254,1328,2241,46161,18841,30728,31096,38780,23688,25466,38838,19687
6130,2538,1657,5827,4289,37826,46681,18554,20832,19207,38770,24258,38838,17089,18869
12922,2538,1054,32940,1614,50768,46681,18903,15973,18554,19686,38833,24825,27663,38772
9984,2538,758,14788,1315,50627,50200,44440,18553,17955,19737,32768,27369,24259,38838
17865,2538,1352,15953,1029,50627,50091,15972,30995,32765,38771,18841,24843,38832,19398
7320,2538,4341,19421,1912,50699,48279,32491,15945,18000,19397,38769,24275,38837,18885
9984,2239,1954,12524,1309,50550,50201,17750,17976,19973,38566,20033,17090,38782,17784
11750,2538,759,21696,1614,50768,46681,15665,18553,31104,18821,38223,19459,24655,24825
12922,2538,1058,36485,3130,50627,46681,30994,19987,19427,19971,38566,24275,24923,17089
9984,2538,1352,10240,1610,50627,46681,24266,31273,24896,19109,38781,19199,18554,38837
11456,2238,12197,758,1014,50767,46677,24556,18841,25108,39052,32794,19113,18900,38561
4040,2239,1351,73,1912,50554,25015,47393,18554,38837,20263,24841,38771,31930,24258
7320,2538,759,14537,1610,50627,50202,33045,19397,18552,39315,24844,38837,24898,25108
11456,2239,1955,6561,1613,50627,50071,19725,38829,25129,18844,19400,38782,31381,23976
7320,2538,1356,199,1610,50767,50093,31094,18554,24827,33049,39043,19450,19686,24275
159,2538,1358,24893,4887,50767,48279,18821,15660,18842,38834,24544,18923,38781,23714
11456,2538,1357,20266,3431,50550,50203,19728,18555,24822,38566,18333,25457,38770,24275
12629,2239,4043,11331,1613,50699,50069,19406,38823,18271,24542,31006,38838,25195,24274
11456,2538,759,22,1030,50699,50199,19109,18264,32768,24324,38824,25391,38509,19193
4040,2538,1057,35069,1914,12038,50091,17787,18553,24825,38834,18582,19398,38770,24272
11456,2538,3443,30538,1610,50699,46681,21693,31273,17962,38781,24824,17981,37742,24275
7320,2538,1657,14279,1612,50627,50201,17087,18840,38566,19974,24276,38509,25673,19194
11456,2538,3443,13913,1610,50872,50198,32770,19686,18842,38769,20044,38838,24272,25107
6130,2538,1658,140,1613,50470,46681,31273,17955,23992,17976,38838,24260,39043,32485
9984,2538,4340,14287,1912,50627,50070,31829,18841,38561,24845,18885,19399,38781,32486
7320,2538,1057,12746,1028,50627,50200,32767,18841,38771,17955,38838,21120,24273,25106
11456,2238,3141,10161,1610,50699,48066,24889,19397,17975,38780,25674,32487,38833,24273
11456,2538,1644,24663,1614,50627,49937,19399,18844,24255,38834,33045,38780,18291,19193
159,2239,1352,15683,1611,1328,50202,30714,18886,27929,38838,19975,25108,31377,18555
159,2238,2830,11331,1314,1045,49969,16258,25105,18852,38010,19398,24043,32206,38772
25299,2538,3741,8459,1312,50768,50203,25142,31273,19687,39094,17970,31098,24827,38837
159,2538,1654,33428,1614,50768,50198,24409,18841,19398,39042,24301,24603,38566,24272
11456,2538,1351,24603,2213,50627,46681,15975,18553,32484,19397,38780,33227,24272,38829
17865,2538,1053,35621,1031,50767,50092,18842,17667,32769,19201,38780,24545,18285,38833
24165,2538,1344,24414,3130,50627,49798,17977,31273,39315,17958,19772,38837,24273,32486
9984,2538,3443,8457,1612,50550,46681,31098,19437,24543,18555,38772,17956,17787,38838
11456,2538,3444,24320,1912,50550,48279,13386,24272,19972,38834,18841,32493,27663,38770
159,2538,1656,19710,2830,28960,50199,14221,19493,25463,38834,19686,38781,31100,19187
159,2239,1352,20555,1613,2832,46161,30994,19156,18902,38781,18554,32497,23975,38832
9984,2239,3143,19849,1610,50627,46681,20839,25435,38768,24273,23690,18840,32766,38173
17865,2538,11732,1344,1612,50699,50069,19446,39587,18841,19686,18036,38566,32494,23688
159,2538,1065,8715,1328,1046,49969,17089,31104,31005,18555,38772,18330,24273,24825
18154,2538,1058,13696,1314,50699,46681,19709,30995,19399,38833,17498,24613,38780,23978
6726,2538,469,6543,1328,50628,25016,24609,24273,38838,18841,18885,38779,19973,17786
6130,2239,3444,19498,1031,34518,46681,18555,19686,32495,39042,15683,24612,27383,38838
7320,2538,1047,7542,1613,50627,50069,24822,25404,38838,18266,19110,38771,31654,19486
11456,2239,759,16798,1914,50766,50070,39858,19205,18841,38566,18296,24541,19686,32773
6130,2538,4341,3679,1913,50553,46681,13929,16800,18296,31095,18263,27382,38781,21126
13215,2239,3444,12515,1328,50627,50198,19398,28487,38771,19191,18555,38566,24896,32763
11456,2538,4042,1496,1028,50627,50198,21980,31279,18844,38829,18540,31655,38772,17784
159,2538,1651,31514,3430,50699,49837,26517,39042,18841,19689,18042,38566,24273,18309
159,2538,1357,11977,1328,1641,49970,24379,18554,38838,20546,25109,38780,31007,30819
17865,2538,1344,37303,1914,50768,50069,19749,39315,18264,25182,19398,38834,25411,24261
11750,2538,759,27052,1912,50627,50203,25954,18264,19972,38509,24381,19497,38838,27663
159,2239,1357,15952,1313,2831,50203,19132,25106,17087,38838,19971,25191,38823,17995
11750,2239,3143,2758,1612,50627,50198,18554,19972,32766,18883,38561,24260,17089,38780
11456,2538,1352,12154,3132,50550,50200,14877,19398,18266,32772,38771,17996,38838,24543
9984,2538,1344,11113,1029,50627,46681,24254,32765,18553,19973,18335,38771,18583,38833
6428,2538,1352,36462,1611,716,46681,16553,30995,19688,34707,19758,24841,18841,38837
159,2538,1357,9391,2830,2842,49969,27664,31279,17967,38834,24274,25109,38780,17750
11456,2538,756,36452,1913,50825,50069,32486,39043,18842,18821,38834,24273,19192,24540
9984,2238,3141,17787,1614,50699,46681,31098,17087,18554,24541,38781,20075,24274,19972
159,2239,1955,2241,1027,11733,50095,30995,32487,20269,38770,18844,24272,38838,24584
9984,2538,1956,13350,3131,50627,50069,19685,18844,38838,19753,19209,38769,24272,30819
17865,2538,759,5704,1613,50627,50201,18840,27363,38837,19111,30541,38772,24275,18024
24165,2538,3444,33173,3430,50550,46681,31273,14289,17955,18842,38837,33046,24280,24261
6726,2538,30660,10830,1913,3442,49969,27636,24822,38838,19496,18841,19973,38771,31840
159,2538,1054,26,1612,50627,50095,44440,19702,30995,24840,38838,19973,19776,25391
9984,2538,3441,12038,1609,50627,48484,15688,18842,19972,32760,38770,27929,23696,38838
9984,2239,1657,4212,1914,50627,50092,13637,19685,31095,38829,25674,18840,38770,18622
9984,2538,1352,31,1610,50699,50200,26237,39042,18554,30450,31376,19400,38834,19190
11456,2239,2841,19485,1913,50550,50203,24805,19131,27662,38780,19398,38566,23693,25460
12922,2538,1053,37839,1914,50550,50202,18549,38834,19490,27663,19973,25193,38779,24275
9984,2538,1654,11026,4289,50550,50203,17090,30994,18006,38823,32211,24325,24543,27663
9984,2538,1058,5484,1613,50627,50203,19107,18842,39042,32115,38838,25108,18624,20024
12629,2239,1356,16230,1609,50768,50203,15681,18841,30541,19976,38823,24543,19198,38779
6726,2239,3143,32939,1612,1029,50200,23673,17683,31097,38551,19210,19686,24541,38838
159,2538,1357,5369,1028,30358,48279,18842,32770,20265,38823,24858,27929,24824,24272
12629,2538,3143,31773,1028,50699,46422,19481,24319,18844,19686,38561,24272,38509,20305
6428,2238,4043,3733,1028,34518,46681,31273,18563,39044,33045,19973,24274,38837,24827
9984,2538,1351,5453,1912,50627,50198,25125,18842,39315,18647,19398,38837,25459,24259
9984,2538,3741,11099,1609,50699,50203,27664,39587,17686,19686,33047,38834,24273,25718
9984,2239,1344,2511,1912,50699,50069,18266,20839,39042,17666,38561,24275,25108,31648
159,2239,199,15834,1328,13800,50201,13930,32765,38835,19435,19686,23996,38780,18265
11456,2538,3441,32321,3430,50699,50094,27649,39042,18842,24006,19397,38566,24377,24824
7320,2538,1357,15677,2832,50550,46681,31273,19110,18550,24290,38832,32766,24544,38770
12629,2239,3741,36221,1610,50627,46681,32766,17672,18265,30444,39043,19499,25108,38838
7320,2538,1657,40561,2486,50767,46681,32771,23972,18554,24604,19400,38837,24273,38771
11750,2538,1357,15364,1611,50766,49971,31558,19686,18264,38835,32765,38781,23693,17999
9984,2538,1357,10242,1611,50699,48279,21408,34983,18552,17790,31006,38770,17090,38837
9984,2538,1352,4773,1612,50699,50070,39587,23405,24321,18840,38293,19398,24858,27663
11456,2239,3444,12820,1610,50699,50202,25174,18841,19399,38834,23422,30727,38769,19198
6428,2538,3142,3114,1611,50471,46681,18842,20546,32768,24260,38780,25128,17671,38566
11456,2538,1345,11682,1613,50627,50200,19170,19684,38833,18842,24258,38782,24619,24275
12922,2538,1356,5070,1613,50699,50203,30820,18841,19688,39042,24274,19172,38823,23974
9984,2538,1357,6316,1611,50699,50198,19147,39858,24300,18265,19110,38837,24257,19786
9984,2538,3141,2211,1312,50550,50199,19209,24543,38833,18553,19398,39042,18325,31377
9984,2239,3144,24617,1914,50627,46681,14254,18278,19685,24273,38781,18552,31378,38718
6428,2538,1058,11964,1328,50553,46681,31096,19715,19398,23976,38288,24894,17969,38769
11456,2538,1956,6893,1028,50699,50199,19208,18264,25105,38561,19688,25476,38779,24272
9984,2538,1357,3057,1613,50627,50201,15081,18842,39042,31096,24273,20836,38837,24585
9984,2538,3141,31104,1912,50764,46681,24840,31273,19686,18554,38780,18295,25390,38561
11456,2538,1060,18008,1611,50627,50198,32664,17089,38561,18266,24259,18076,38771,20265
18154,2538,1941,26750,3132,50767,50070,44440,19195,17682,27662,19973,32763,37742,24540
9984,2538,1355,33774,1287,50699,46681,23973,18553,19686,38833,18000,24274,19192,38771
7617,2538,1652,23697,1613,50627,50203,13427,18841,19685,38835,18018,38781,27663,30817
7320,2239,452,34019,1328,50552,46929,41761,18263,31099,16797,38829,19687,18941,24272
7320,2238,3443,39201,1613,2512,46681,30992,17113,24823,19687,37742,19210,19477,24272
159,2538,1356,17982,1029,32028,46681,30994,32773,24544,18000,38831,18537,21694,24275
11456,2538,759,12746,1913,50699,50198,31374,27363,38771,18266,19686,24842,38837,24006
11456,2538,1654,32602,1030,50767,46681,31273,19412,19972,32773,24611,38771,24542,17439
9984,2238,1658,2198,1328,50699,50202,25674,17976,38288,19973,24278,32764,38771,24893
11456,2538,3144,4283,1611,50699,50200,24266,19686,18842,38838,18580,38772,31006,19173
12629,2538,1657,23704,1313,50699,46677,15377,19398,18266,31377,38781,38834,25109,31295
159,2239,469,3424,1028,6429,49969,14221,30724,38837,19480,38770,18264,24273,32484
159,2538,1358,12738,1611,50627,46675,31375,19684,23977,18554,38496,24918,19210,38718
9984,2538,3444,149,1912,50627,48484,31565,32765,18841,19687,27928,38771,19788,38838
159,2239,1357,33041,1328,461,49968,17499,30714,25107,17974,38838,19496,19688,38780
9984,2538,3441,6347,1913,50627,48066,19395,18842,32769,31559,38772,25673,24273,38837
6726,2538,2842,10176,3132,50554,50092,11398,18844,17668,32768,38772,24824,18886,31682
9984,2538,3744,11649,1914,50550,50095,44172,18884,18844,19685,31103,27663,38566,30729
7320,2538,1357,15082,1611,50768,50199,18902,18264,19398,38837,27928,32490,38771,24559
17865,2538,4043,10491,1610,50627,50203,17956,24822,32774,17974,23704,38781,38834,19228
6130,2238,3126,2842,1613,50628,50202,20550,31379,18555,24544,38838,17668,24275,38769
11456,2538,1357,20266,1328,50627,50202,23686,18842,30818,38769,19470,38829,17088,24272
6726,2538,12090,3123,1610,49969,1056,18902,18841,24823,38838,24272,19399,38771,19787
159,2239,198,8164,1328,12630,50203,8402,25241,31006,38838,24875,18266,19398,38770
11456,2239,3141,19513,3130,50699,50203,17976,19399,38015,23697,17459,38509,19463,30728
9984,2538,1357,12742,3430,50627,50201,13683,18840,19976,38837,17989,38781,24542,31377
11456,2238,3443,19207,1612,50627,48484,32108,18555,19688,31374,38781,19155,24259,19466
9984,2538,2841,2531,1611,50699,46681,32113,32771,19685,25411,18555,38771,18882,24825
9984,2538,1657,20844,1611,50699,46681,32382,18556,24822,24272,38838,18821,31098,38770
159,2538,1057,5736,1031,1343,50095,18842,23975,38833,19398,31096,18912,38771,24275
9984,2538,1941,31098,1913,50627,50199,19686,17970,31273,38771,19497,18026,24260,38832
11456,2538,2843,35379,1913,50699,50069,15946,39587,18841,24373,19973,38561,24824,30815
159,2239,1351,6059,3430,1941,50094,31279,17789,17976,38509,24827,19686,31377,38829
12922,2538,1054,15964,1614,50699,50203,19494,18841,19977,38838,27648,31094,38780,24274
6428,2538,1052,24133,1913,50552,46681,14221,17959,32217,19132,38780,25676,19439,38838
6428,2538,37274,11703,2213,1353,50203,18555,38768,18574,19400,38834,32488,24543,27663
11750,2538,1352,19428,1030,50627,50201,18548,19397,38837,24272,19498,22266,38780,34983
6130,2239,1651,31824,1328,12842,49968,19697,17794,38833,24543,30726,17398,38771,18622
9984,2538,761,30379,1912,50699,50198,12494,31273,19686,38838,24327,18264,18308,38771
6428,2239,1059,386,1328,34819,50093,31279,18265,38837,19686,18333,19462,38781,31100
7320,2538,3141,35662,1913,50768,50202,32773,17089,31273,38823,18840,38771,20261,24826
159,2238,759,10827,1028,10280,49969,19171,31097,18844,38780,27650,19729,38835,24273
6726,2239,3143,27328,1028,9967,50091,25105,18842,21690,38566,16799,38780,19493,32774
9984,2538,3443,4256,1612,50699,50198,26787,24542,32768,18844,17664,38771,24274,38838
12922,2538,1053,32920,3130,50627,50203,18006,31272,18841,38835,31097,27928,19110,38772
7320,2538,760,15082,3130,50627,50198,18946,18548,24274,38834,19686,19785,38782,25107
159,2239,1345,19205,1312,1328,50201,25104,31098,17971,38561,24274,19687,38780,31006
11456,2538,1652,6246,3430,50627,50198,32486,33222,18554,19686,38781,25177,24275,38836
159,2538,1357,3380,1328,9690,50203,22266,31558,38560,18844,24274,19401,38772,25177
9984,2538,3441,8457,1613,50699,50199,44440,18540,16260,31274,22265,37469,19784,25392
159,2538,1314,15083,4588,3141,49969,19397,17788,31003,32772,18842,38823,18292,24824
159,2538,1357,13908,1912,50627,46676,32767,16799,18842,24276,38772,19973,25460,24260
12629,2239,1054,32326,1613,50768,50069,13037,38823,31103,18553,19397,38566,24888,38772
12629,2538,1053,140,1028,50699,50202,20240,33044,19399,18553,38828,24604,23975,38771
7320,2538,759,28992,1612,50768,50070,19486,18841,38836,23688,19686,38780,32489,24272
12629,2538,759,24574,1912,50699,46681,19772,21693,18264,38781,18537,23982,38566,27088
7320,2538,1358,27310,1613,50870,50203,16510,38561,24272,30450,18840,19398,18906,38770
9984,2538,1656,17087,1028,50766,48279,17976,24258,33044,19208,38773,28209,24274,38838
6428,2538,3141,31650,129,50628,46681,13332,13931,18075,20556,38771,17974,23977,38835
17865,2538,3441,3980,1313,50627,50201,22266,18266,38834,19110,38780,31378,24275,25107
9984,2538,1357,19701,4289,50550,49050,19431,31273,19398,38833,24272,31378,38770,27383
7320,2538,1656,30696,1912,50699,46161,17693,32768,19685,25390,39043,19515,24273,38835
9984,2538,3144,6603,1610,50627,48066,32767,30171,18552,19688,39043,23972,38566,24606
7320,2239,3143,2510,1613,50627,50198,17087,27917,38836,19975,18259,24610,38508,24272
9984,2538,1941,144,1610,50550,50092,31097,19687,18264,25461,38772,38561,24543,19203
159,2538,1064,150,3430,3141,50093,31836,18841,38838,18316,19687,24829,38782,24610
159,2239,1914,23698,1312,9986,46161,12816,19687,39030,30540,18842,31006,38823,18001
6428,2239,1057,11027,1031,33415,49050,23698,18264,38561,21407,18905,38769,30818,17380
11456,2238,2241,11073,1613,50766,50198,24523,18842,32393,38837,20547,38772,19479,24275
6726,2239,3443,34537,4887,8160,50200,19973,33324,18555,38223,18334,38837,25173,25392
9984,2538,1655,1245,1314,50627,50201,33046,19995,38771,17669,24272,25208,38837,21121
11456,2538,2842,4771,1328,50768,50198,18276,19398,38837,25460,27663,38770,17971,24260
17865,2538,757,13332,1030,50550,50201,33322,18841,17087,38823,23974,38771,20833,38838
9984,2538,1352,10761,1612,50767,50094,24841,39315,18844,19398,38833,18076,18887,30727
24733,2538,759,13704,1612,50627,50069,32768,39868,18841,19973,25675,24273,38833,30450
4040,2538,1357,22806,1328,3432,49969,19111,32773,28208,18264,38838,23977,27663,18290
11456,2538,16520,1058,1613,50627,50201,20555,18842,38837,24826,33043,19482,38769,24273
9984,2538,1657,19173,1610,50627,46681,31273,19976,32772,17786,38770,17699,18840,24826
12629,2538,1058,3343,1612,50699,50203,23382,18265,19687,24654,38566,24272,38772,25108
6428,2538,35098,8460,1914,1057,50081,16636,19972,38838,18266,17748,24541,24275,38771
6130,2538,34261,92,1612,1353,50198,19685,18549,38838,14221,17786,23975,38780,32775
159,2538,1357,25744,1328,50628,1044,32768,20000,38838,24272,24254,27663,19398,38823
159,2238,1658,21365,1328,29241,50200,18552,31373,31272,38837,19146,24610,38780,19399
11750,2538,19201,1045,1914,50627,50203,23691,31273,19973,38781,18840,38838,24897,18007
7320,2239,1956,15372,1611,50627,50069,16629,19686,18842,38838,19773,32772,24275,38779
9984,2239,1342,32207,1028,50550,46681,31273,19399,24875,19707,38780,18325,24275,25391
13215,2239,2841,31382,1029,50627,46681,30994,19706,17380,21978,38833,24273,27663,38770
9984,2538,1357,6300,1914,50550,50199,20261,18035,18842,38771,38838,23978,24663,31097
6428,2538,1353,38931,1028,7542,46681,30993,22266,31940,39315,19398,18553,19436,38837
12629,2538,4341,17965,1029,50627,50202,24821,30995,30540,38838,24561,20546,38770,19708
9984,2538,1053,4855,1328,50627,50198,17682,19398,24272,38838,16510,38771,32767,25389
6428,2538,34518,10831,1028,1956,46681,19494,18842,25108,38832,25181,38771,19399,32769
11456,2239,1351,6302,1314,50550,50199,18840,19109,30817,38833,18357,24827,38769,21981
6428,2239,1357,3121,1028,40812,48484,31273,19685,17978,38566,32762,24260,38771,19753
9984,2239,2541,24714,1614,50627,50200,19972,18842,25179,38782,24925,17089,38823,24543
9984,2538,1053,11123,1610,50627,49050,18549,30715,39315,17376,28209,32768,24259,24275
9984,2538,1352,18833,1912,50699,50202,32764,31273,18561,19970,38561,23698,38771,25177
11456,2238,1658,19140,1614,50699,46681,34707,31274,19973,39042,18364,23975,17969,38838
11750,2538,1344,11713,1612,50699,46681,19713,16821,19686,24827,38837,18616,38771,27662
7320,2538,1057,30660,1914,50699,50202,15082,24273,19684,32218,38838,18840,18884,37961
7320,2538,1658,13334,1313,50699,50069,18548,39315,24274,25959,32487,38561,19686,27663
7320,2538,1357,19737,1028,50768,46681,33048,18245,18553,22845,25174,38771,19783,38838
11456,2538,1059,32600,1612,50766,50071,17693,39315,33324,31274,19686,18623,38838,24825
6428,2538,1352,37820,1914,11419,50081,31272,18841,19497,38838,19687,19170,38780,24373
6130,2538,50550,12257,1313,5547,46161,27917,19398,25959,39315,18265,18595,32497,38566
9984,2538,1059,14247,4289,50627,50201,17387,19972,31273,38837,18844,33044,24544,38770
9984,2538,1356,15657,1610,50699,50198,12842,18841,24259,38288,31377,19110,38771,25129
159,2538,24844,25015,1612,50825,748,24662,38561,16799,18844,38770,32762,19686,24261
9984,2239,1357,16797,3130,50699,50203,24282,18844,39042,31660,19973,18597,38834,24543
7320,2538,3444,14207,1914,50627,50201,18840,19398,38834,19480,31096,38780,19174,24259
9984,2538,1657,12165,1613,50627,46422,24635,19685,18265,30538,38782,19785,38468,24260
9984,2538,1356,10470,4887,50627,50203,18296,19686,31099,25122,18553,38771,38837,16799
6428,2239,34810,3699,4887,1352,50203,24241,18842,38837,16798,18622,38781,19686,24827
12629,2538,1351,27664,1913,50627,46681,31273,18562,31097,19973,25176,38551,24272,25107
9984,2538,1054,8433,1029,50627,48279,17681,32496,19111,24274,38771,17994,38834,24614
159,2239,13217,4554,1328,3441,46161,24254,32768,18840,38781,30729,19688,38836,25180
9984,2538,1058,14783,2214,50627,50199,31095,23975,32115,18842,38824,19686,24633,38497
11456,2538,759,15363,1613,50699,50198,18554,17788,19687,38834,27648,30818,39042,24273
12922,2538,1353,452,1611,50766,50198,32770,31843,18266,39042,25175,19398,27369,38838
11456,2538,757,31782,2830,50627,50203,32113,18263,18037,38834,19110,25492,24824,38782
7320,2538,1357,15041,1029,50699,50198,18842,17956,32771,21982,39042,25179,24273,38837
159,2239,766,8753,3430,5237,49968,18552,31286,31096,17087,38771,19162,38823,24272
24165,2538,26782,3142,1031,50627,50203,20268,30716,18045,38823,18844,17379,38838,24543
4040,2538,1357,8755,1328,7322,50095,14221,31282,19203,38838,18258,19972,38771,30818
12922,2239,1657,27316,1914,50767,50203,32771,21693,18553,38771,24556,18296,38837,25107
11750,2538,1357,13335,1611,50627,50095,19172,39315,24274,17399,31378,38838,19399,24824
11456,2538,759,19748,1612,50699,46681,31095,17695,30995,39041,24897,17667,38566,24272
11456,2538,1657,28739,1912,50627,50201,18075,18841,19399,38836,18007,38781,24275,25108
159,2238,1357,16381,2832,2841,49969,24895,30723,24272,38772,18840,18323,38838,25391
12922,2239,25,50699,1611,1357,50093,15363,31282,18844,38835,31095,24272,38772,19973
159,2538,1053,13402,1914,50699,46681,12247,25107,18841,32765,19973,38780,32412,27662
159,2238,1358,25917,4289,50699,45896,31377,39858,18297,18841,24274,18899,19398,24258
4040,2538,1656,32044,1612,1326,46681,31830,18553,32493,19973,38838,17088,22837,24273
17865,2538,758,2457,1613,50627,50092,24274,38833,19686,24888,18842,38779,19501,24542
9984,2538,3443,6894,1914,50627,50203,32768,19687,17976,28225,38770,19198,38833,24274
159,2239,1357,13967,1328,29240,50199,18841,32485,38840,24259,24895,19758,38781,17378
9984,2538,2256,4860,1028,50627,46681,19686,31375,18842,23691,38822,30729,24634,38780
12629,2538,1656,9888,1914,50627,46681,32391,18554,24895,19685,38288,24259,38781,27928
11750,2538,1658,21694,4887,50550,50198,18289,32766,18553,37951,18823,38837,18919,24541
7320,2538,1058,23693,1611,50699,46679,32767,19973,18266,19199,38781,17086,38468,19737
159,2238,494,140,1027,3441,50095,18842,31005,32485,38770,24273,18245,21694,38838
7320,2538,1641,11434,1610,50699,50070,19420,38829,24273,19110,38780,25461,30448,24824
9984,2239,759,5964,1613,50768,50069,25953,19111,18553,38834,31104,18357,38772,24274
7320,2538,1057,3873,1613,50699,50203,31376,14221,24826,38823,25126,17667,18841,38838
11456,2538,1355,11021,1029,50699,50198,18841,16507,19687,38837,18037,24616,24275,38780
17865,2238,758,50469,1029,50766,50201,25743,17380,18842,38834,20263,30817,38509,24267
9984,2538,3444,5454,1610,50627,50200,20267,30728,18554,38833,24556,38509,19495,17378
7320,2538,1357,14826,1028,50699,50200,31379,19687,18264,38822,24894,24267,38838,19151
11456,2239,79,31765,1612,6429,46161,24521,24272,24634,38770,24889,18552,19686,38837
11456,2538,1657,29868,1027,50550,50202,43109,18840,19447,19687,32762,24655,38771,23987
9984,7320,3741,13662,1328,2538,50094,19397,24839,18554,38837,19207,32765,27663,38781
159,2239,2787,14499,3731,3141,49969,19685,32496,25107,18263,38837,19430,38768,24276
159,2239,1352,24271,1614,3430,50095,31272,19460,19705,38838,19398,25107,31095,38779
11456,2238,1941,117,1610,50627,50198,34983,18842,19686,38837,26519,23696,38779,19203
159,2538,1364,15083,1328,3142,49969,18316,31273,39043,18869,18840,37469,24272,31377
9984,2538,3741,13352,1314,50768,48279,19199,19397,18841,38771,18857,32767,24273,38837
7320,2538,760,6003,1313,50627,50201,24889,18554,38838,19973,18888,38780,24275,32497
4040,2538,1057,2521,4289,36497,46681,24822,30715,18556,31098,38771,24324,17379,38838
6428,2538,2841,11682,4289,50629,25015,18254,38566,31274,18885,38823,17408,25107,31656
6428,2538,1356,26182,1611,9966,50089,17403,30995,39042,19488,24826,38838,19687,27662
9984,2538,1357,25670,1610,50627,48279,32772,19158,39043,18842,19398,27945,24273,38837
24165,2538,759,13625,1028,50627,50198,32206,17682,39042,31273,19686,38823,24256,24274
11456,2238,24574,759,1613,50699,50198,44440,20017,30817,18842,18533,38566,25742,27662
159,2538,1065,28447,1328,11751,50203,32390,14221,33322,38768,38838,18840,17991,25153
9984,2239,3441,17499,1314,50699,50090,19696,32493,39042,24543,19725,24275,38838,18007
11456,2538,3441,2530,1312,50699,46681,20257,18554,24322,24542,38835,24273,38771,32765
9984,2238,3441,3425,1612,50550,50200,19972,33049,17971,39587,24275,33227,24544,38838
7320,2538,1058,32878,3430,11062,50198,19973,38838,18842,18306,25463,38718,24272,38551
6428,2538,1058,6246,1028,50551,25015,19461,32767,18266,38772,19397,19774,38838,24274
159,2538,1655,15076,1314,50627,46422,31939,19688,19136,38223,27663,19223,38446,24585
9984,2538,2841,19780,1913,50699,50198,31273,17088,19159,38561,18265,24839,38772,33045
7320,2239,23889,25672,3431,748,46160,18265,18604,38829,24902,19689,24272,38771,24858
159,2239,3443,32624,1612,2187,48279,32497,30995,18244,18000,18552,38838,24825,27944
159,2538,469,13995,1028,9099,49969,12570,28479,31007,38834,32762,17972,24824,38771
6726,2239,175,25192,3130,32028,50198,19496,18841,38834,32394,18570,19397,38780,18616
9984,2538,1053,11414,1613,50627,46681,21407,32761,18553,24542,38511,27929,19462,38718
7320,2538,1656,18563,1314,50825,50201,7507,19973,32767,24275,38822,24006,38566,25673
6428,2538,3444,33,1613,50551,25016,31373,39314,26235,18553,38566,17380,24606,38823
7320,2239,1942,31378,3731,50629,49936,13637,38833,23413,19397,18844,38781,20074,18871
11456,2239,1059,3034,1028,50627,50203,20261,18266,38837,24826,24276,30817,27662,38769
7320,2239,2844,19496,1328,50627,49937,19972,18265,38838,27945,18075,38823,32763,17089
9984,2239,1956,14783,1912,50699,50203,32498,25125,18840,24823,38823,19399,19481,31566
24449,2538,3444,6348,1610,50627,50201,33322,18324,18554,24826,39044,30816,18534,38838
159,2239,203,10567,1027,3142,49969,14221,20832,39042,19996,31008,38833,24272,31322
11456,2538,1053,50552,3731,50823,46681,31272,16798,31099,19684,18840,38769,18922,24257
9984,2239,452,12232,4289,23888,50095,19982,31272,24543,38837,18853,38770,19463,19192
9984,2538,1657,12450,1612,50768,50198,32767,19686,17975,25675,38772,19460,38838,24272
11750,2538,2241,20546,4289,50627,50203,23698,17963,37741,24290,18844,39044,24892,30727
7320,2538,1955,25391,4887,50550,50201,24324,19687,18842,38837,16246,38780,18886,38550
12629,2238,756,28730,1027,50699,46681,16799,31273,19973,34706,18552,38838,25128,38771
11456,2538,2842,24893,1610,50699,50203,17784,18554,17669,38835,25110,20552,38782,18613
7320,2238,1644,13409,1613,50766,50203,13625,18841,19685,38832,24254,31098,38780,19207
11456,2538,1657,24,1913,50699,50200,18560,31653,39313,24274,19398,18006,38825,25958
13215,2538,1356,33444,1913,50699,50203,24899,18842,19686,38561,18883,38781,23977,18036
6428,2239,1354,33971,1612,3679,50202,25240,19975,18844,38834,20053,24826,38770,31376
9984,2538,1954,11944,1913,50699,50095,44440,15968,18555,38020,19398,24545,38823,24603
11456,2538,759,15373,1611,50699,50203,30816,19729,18842,39042,23689,24274,38837,19486
9984,2538,1058,15369,1612,50699,46662,17459,30995,19399,31381,18581,39042,18555,27663
11456,2538,4042,11615,1612,50550,50069,31382,39043,18842,20261,38837,24274,24542,17379
12629,2538,1652,23088,1913,50550,50200,31273,17955,24894,38834,18841,32486,38770,18585
9984,2538,1356,30378,2814,50550,50198,19201,18842,39315,32211,19400,24273,38838,23689
159,2239,1914,5709,24172,3141,46161,13921,26818,38010,23982,19684,18840,38769,25463
6428,2239,50627,3378,1613,2841,46161,30817,18841,19684,38771,25676,31006,24637,38834
11456,2538,3143,13701,1913,50627,50203,32771,19398,18266,39315,24894,23988,38837,24539
17865,2538,1351,29551,1328,50699,50203,30995,19972,32208,18842,38772,19170,17089,38835
24449,2538,166,11588,1031,50627,50092,33218,21977,18841,38837,17088,38781,32767,24827
6130,2538,3443,38088,1328,3733,50203,24524,18554,19207,38561,24920,19399,38780,31382
159,2538,4341,19117,1613,50627,46676,31096,39316,24273,19421,17788,30727,38837,25176
11456,2538,47620,30148,3130,164,50553,14221,38829,33045,19998,19974,38769,24275,18282
7320,2538,468,36222,1610,50768,46422,18562,24889,19397,31004,39042,24919,24272,38561
159,2239,1313,25182,3731,3141,49970,31272,19210,17668,38825,18842,32485,38770,23975
11750,2538,3741,38932,1328,50699,50069,18616,38834,17667,18266,32764,38778,24275,19748
11456,2538,1356,20261,1030,50699,48066,17696,31273,24826,32770,38837,17378,19704,19209
159,2538,3743,50550,2830,1620,50203,17377,18035,27662,31282,38833,18844,38771,24274
7320,2538,1655,34016,1027,50627,46681,18553,25672,34983,19399,31100,24272,38780,18870
6726,2238,1357,10242,1328,39729,46681,30714,19685,38838,18842,30450,18571,38224,25108
9984,2239,1644,5783,1611,50627,49050,31097,31558,17975,38771,19973,18581,38838,24273
9984,2538,1357,12445,4289,50767,50203,18844,24925,24663,19398,38782,38837,24258,25460
12629,2238,86,3143,1612,50699,50201,31097,19398,18841,38566,25434,24259,38772,24276
7320,2239,1357,13097,1613,50767,50200,18841,19399,31377,34983,17992,38508,24824,19173
7320,2538,1059,4215,1613,50627,50203,19732,13929,18555,38834,19685,33048,19496,24256
6428,2239,748,32208,1328,23888,50203,18841,24843,18911,19398,38834,24543,30449,38779
9984,2538,2541,24324,1913,50768,50201,16218,18840,32488,39315,21409,27662,38836,18026
9984,2538,1955,32920,1613,50699,50198,19130,24274,19688,38833,32486,24615,38771,24824
9984,2538,1942,13077,4887,50767,50070,14557,38771,18841,30819,19397,38834,19201,17730
4040,2238,2541,3733,4289,2832,50093,19398,18289,31938,25108,38779,24273,18841,38833
9984,2538,1058,15378,1913,50550,50198,31104,18841,18537,39042,38833,23991,25108,27383
159,2239,1641,24634,1328,3142,50201,31379,18844,38771,19687,24842,38838,27657,30728
11456,2538,1357,32102,1613,50699,46681,32489,18555,17667,38781,19466,24542,24274,38837
11456,2538,3743,17087,1313,50627,49970,31376,24900,18553,38771,19973,24275,38837,25675
159,2238,1357,8135,3430,19596,49050,13930,18848,38837,25110,31573,30820,38770,27383
7617,2238,24408,171,1913,50627,46681,25952,19398,24274,39052,31008,18842,30816,38718
9984,2239,759,15944,1028,50550,50203,12823,18555,19687,38837,18858,38772,23689,24274
159,2239,1657,6059,1328,7322,50095,17680,31273,38279,31095,19974,34984,24274,38769
159,2538,766,12743,1029,21888,50200,13639,30819,23401,38838,18268,19688,38770,27662
6428,2239,1342,11430,4289,1030,49969,21696,25460,31006,32488,38770,18841,17956,38838
9984,2538,2841,16041,2214,50766,50203,19686,30995,25674,39315,32492,18841,18325,25742
7320,2538,1046,6081,1028,50699,50070,21979,18841,38836,27100,17379,38770,30820,25173
1043,50871,3741,2531,2830,50627,46142,31273,19494,17380,38768,18554,22843,38290,20262
11456,2538,1656,2135,1612,50699,50199,31105,19686,18842,15979,38825,24585,38772,27383
11456,2538,765,18557,4588,50627,50199,19694,30994,38771,31377,18869,17377,38834,19497
7320,2538,760,33704,1613,50550,46661,20269,31273,17378,19497,38833,24843,38772,18266
159,2239,3144,22805,1610,3431,46161,31271,17784,25106,19398,38837,18313,18840,38780
159,2239,10470,19716,3431,3141,50095,24238,30994,30815,24543,38838,21407,17974,38551
11456,2239,3443,17665,1328,50768,50201,14286,18844,24261,32762,38823,20266,18861,38772
11456,2538,3144,91,1313,50550,50198,19460,19398,18555,38561,18862,31095,24824,38780
9984,2538,1344,8460,1612,50627,50201,32921,19686,32767,18841,38772,25463,27087,38838
7320,2239,747,23415,1613,50871,50069,24522,17790,38838,18264,19398,18919,38771,32766
9984,2538,2841,27070,3131,50627,50203,30993,24323,24272,38771,19686,32771,18554,38838
11456,2538,1357,6580,1613,50627,50198,13097,27355,19686,38834,32767,17976,19440,38780
9984,2538,760,3998,1612,50627,49050,17110,19686,31005,38771,30539,24272,38838,25208
159,2239,1656,4254,3430,6131,49969,32385,18842,38833,19449,27929,19400,38223,32767
7320,2538,1059,15392,1313,50550,46681,30819,25955,24272,19687,38772,18841,19749,38837
12629,2239,3141,39743,1313,50768,46681,15367,30994,19110,24560,38560,18554,24605,32218
159,2538,1652,16217,1913,50627,50199,19159,33042,18555,39042,20550,19212,38838,24261
9984,2538,1058,2395,1028,50699,48066,24331,18263,19685,38838,19726,33048,38770,24274
9984,2239,1657,16,1612,50699,50200,22267,17669,18841,38837,32764,24275,38770,25108
11456,2538,1058,38633,1612,50699,46681,13111,30995,19113,31373,18904,38768,18554,24275
6726,2238,1352,25928,3430,1330,49969,24251,18841,38833,19973,25742,24275,38768,34982
11456,2538,1356,19434,1611,50627,48279,31273,16800,18334,30816,39042,18553,24552,38566
159,2538,1357,19377,4289,50766,50069,17783,31559,18840,38838,19400,32486,38770,22551
9984,2538,1358,2735,1613,50767,50198,27383,19973,18554,38561,26238,31098,30728,38780
11456,2538,760,8211,1612,50699,50093,19718,31273,38551,20271,25718,25110,38780,17976
9984,2538,3441,17392,1913,50627,50069,44172,19972,31273,20022,38293,25109,25179,24273
7320,2538,1657,11684,1913,50629,46681,16245,32767,18842,18532,24259,38771,19158,24274
7320,2538,3741,32669,1613,50699,50201,14289,40138,18840,19688,18325,38838,20037,24274
11456,2538,759,13917,1611,50627,50071,19709,38837,20260,31273,39044,19489,33045,24259
7320,2538,1054,1244,1610,50766,50198,19129,19397,24273,38837,32764,19497,30730,38779
6726,2239,759,1627,1611,50554,46681,27081,20550,18555,31096,17381,38780,24258,38566
11456,2538,2841,27643,1314,50627,48484,32764,22262,24575,18840,38771,27663,19398,38837
159,2538,1352,24557,1028,50550,46662,19686,18555,27929,18921,38561,38770,19446,24613
4040,2538,3441,1626,2830,50628,50069,32115,18555,38837,16800,18914,32767,38771,19687
159,2538,1652,13059,1612,50627,50069,22266,39858,18841,27644,38566,18248,24378,24272
7320,2238,3142,33167,1913,50699,50203,13625,18841,24261,33045,38835,18245,38780,23998
11750,2538,3741,4555,1614,50627,50203,24301,19686,38561,18842,31096,24259,38771,19170
6428,2238,1057,32601,3130,8729,50088,24523,18842,23708,38560,24300,19399,38781,32497
159,2238,1657,4331,1029,4938,50093,11397,15944,32767,38780,20260,31007,18841,38837
7320,2538,1358,21122,1027,50699,50202,19772,32485,18553,38823,18246,38780,24274,19441
11456,2538,1357,2541,1610,50550,49970,17696,31273,24899,39043,32769,18076,19687,24826
159,2538,1656,16247,1613,50767,46161,32765,16798,18841,39043,25193,19974,24272,38833
11456,2538,3141,32393,1913,50627,46681,23404,18841,19686,19785,38781,18292,33049,24272
9984,2238,3143,32053,1913,50627,48066,17783,18265,19687,38780,15365,33048,27383,19207
11750,2538,757,19210,1028,50699,50201,19685,18841,32762,30450,38838,25109,38779,24274
159,2538,1363,28447,1613,50627,46681,32486,21981,18842,38772,18284,27662,17672,38838
9984,2538,1657,12523,1613,50550,50202,19993,24615,39315,24274,38838,17380,18922,25108
6428,2538,1058,34556,1612,3733,50091,19684,18554,38833,18617,32395,38780,24273,24541
7320,2538,1954,7156,1612,50699,50071,18261,31098,38780,27663,19686,18599,38836,23975
9984,2239,3441,11734,1312,50627,50198,23097,18841,19397,38566,24259,38508,24275,18315
6428,2239,1055,35663,1610,11436,50087,31551,18841,20551,38561,24272,19203,38780,17666
159,2538,1357,9228,1610,50699,46161,24610,18001,18266,38771,19686,19788,38832,27662
11456,2239,1350,3915,1029,50550,50203,24584,18840,19686,38833,17210,24275,24826,24889
159,2239,766,3113,1027,11751,50092,23699,32112,18842,38838,32772,18910,38771,19112
159,2239,1644,11440,393,2831,50095,30993,17403,32770,19398,38566,23976,38234,27663
4040,2239,3443,2219,1612,33970,46422,18553,31662,19686,38780,18874,30448,38837,24826
159,2538,1656,39475,1028,50627,46422,18846,31273,18245,32768,38771,18646,24275,24824
9984,2538,1358,28463,1612,50767,46681,25175,31274,19399,15957,18841,38834,33044,24826
6428,2538,1357,31762,1914,2230,50081,32773,38833,18841,19397,24610,38780,24823,30816
11750,2239,1357,27617,4289,50627,46681,14511,18841,32487,24540,38835,18282,19688,38718
24165,2538,24845,3144,1031,50627,50203,25179,31273,19687,38837,17999,23693,18844,38771
11456,2538,2841,24432,1914,50627,48680,23129,17975,25462,39052,19110,17787,38833,18020
159,2239,20832,1352,1313,3430,49969,30714,33047,14832,24542,38838,18841,18279,38769
6726,2238,1061,13625,3130,50553,50069,18843,25202,38823,19686,25107,24275,19496,38566
11456,2239,1357,31505,1328,50550,50198,17499,18841,19686,38837,32770,38772,25107,19448
7320,2239,3141,32616,1612,2814,49050,30994,32497,19129,19400,38771,19515,24544,38838
9984,2238,1345,12253,1314,50699,48279,31655,19400,18554,38780,27368,19493,38837,24272
13215,2538,1657,14750,1912,50699,50094,19971,18841,19788,38780,32767,24824,38823,19438
11750,2538,1352,6604,1611,50627,50198,25177,25435,18841,38768,19973,31098,38837,18571
159,2538,2241,6948,1028,13806,50093,24275,18841,23688,38837,19399,38277,32762,18285
6428,2538,1054,26487,3430,2824,50094,24822,24894,32773,18842,38780,18306,19973,38838
11456,2538,759,13626,1314,50767,50198,31105,18841,19973,38837,25434,18863,38771,24275
11456,2538,1656,4772,1612,50627,50203,31097,18553,31005,21695,38837,19459,24272,38782
6428,2538,3142,38130,1913,2514,50203,19108,18552,38837,24299,15391,38781,25390,36100
159,2538,2841,25174,1613,50550,46422,27663,17095,38770,18357,18841,32766,24542,19976
15838,2538,1352,24267,1328,50627,49938,31273,19117,18382,38551,17405,38780,31377,38838
6428,2239,1356,20184,1913,3732,50095,31273,19398,25411,39315,18554,30817,19496,38838
9984,2538,3741,6001,1611,50550,50200,27928,27663,38837,19686,19421,23976,24275,38550
9984,2538,1344,19710,1613,50627,50201,32207,19686,19450,39042,25389,24276,38838,18077
11750,2538,3142,3334,1613,50627,50203,25661,18265,19398,38838,19205,24273,38772,17787
159,1939,748,14247,3431,12924,46161,15948,18841,24607,38782,30730,24544,32773,19398
6428,2239,766,6049,3431,50628,50202,31381,18846,19973,24272,38838,17090,38771,26237
11456,2538,7540,1942,1612,50768,50198,33495,19686,18842,38566,24557,38772,18331,27648
11456,2538,3443,31320,1028,50627,46681,17089,18840,31100,38768,20262,18293,24274,38560
159,2238,100,13329,1614,3141,46160,24823,18937,30727,32493,20262,18555,38837,17089
6428,2538,1357,7322,3131,50629,24732,18841,38832,17088,31097,24272,38771,24541,19433
9984,2538,1357,30671,2213,50699,50200,13329,19688,18552,38566,18315,32485,38780,24260
16998,2538,1357,14501,3132,50627,50199,18905,18554,39042,30541,19110,38838,24273,27944
11456,2239,3444,2219,1611,50627,50201,19701,21118,38561,24827,17380,18035,38771,24275
17865,2538,1956,14796,1030,50550,50202,32645,24274,38771,16523,38837,17701,19686,32494
7320,2239,1058,35899,2788,2830,50203,13698,31284,19686,38838,25128,17976,38771,24544
4040,2538,1352,19987,1027,1326,49969,31551,14221,19141,38834,17666,32767,26237,38779
7320,2538,1357,24550,3130,50627,49938,17378,18841,38837,21694,31098,38772,30182,18597
159,2538,3444,14213,1614,50550,48066,32769,19687,18841,19200,38496,24272,24824,38837
9984,2538,759,2528,1612,50699,50203,17977,32775,25108,24272,38824,19686,24610,38509
159,2538,1356,7157,1612,50550,48279,25181,18553,24824,18624,38834,24274,19686,38770
9984,2538,1057,12456,1610,50767,48066,18868,19685,27663,31104,38781,18263,24272,38837
12629,2239,4043,1496,1612,50699,50203,16799,38824,27663,19416,19685,37747,24540,24275
11456,2239,32497,1941,1609,50699,49050,18849,17377,31274,20555,38287,23715,24259,38780
17865,2538,1058,10748,1613,50699,50203,31378,18252,30995,38771,19175,38837,17115,24543
159,2538,1356,1243,2830,1342,50093,31099,24273,18553,38780,25463,27649,19401,38837
159,2239,4341,11882,1611,50699,50071,44172,20271,32485,24542,38293,17091,17976,25179
9984,2239,1044,2230,1612,50767,50203,17093,31932,24538,18841,38768,19973,27929,38837
15838,2538,1351,11036,1028,50768,50199,17977,19684,38834,24274,24605,24257,38506,33046
11456,2538,760,19715,1614,50550,50070,44440,15968,17955,30995,38019,19987,32768,24272
159,2538,1352,8457,1613,50627,46422,32497,18245,18842,38772,18569,24275,24893,38566
11456,2538,3743,19135,1029,50699,50201,19767,24611,38834,19972,24262,38772,17383,30818
6428,2239,2842,32660,1913,1627,50202,24524,18842,23982,38834,17089,18597,38770,19975
6726,2538,1352,27589,1328,50628,49050,33045,18548,19397,31273,18870,24273,38771,18906
7320,2538,1064,31212,1028,50550,46681,13624,18555,19687,31382,38838,18041,25107,38781
11456,2538,1058,198,1913,50699,50200,17991,18841,38829,25458,30816,19398,38772,24260
11456,2538,1357,23693,1613,50627,50202,16823,31273,39314,19498,19687,38838,30537,17994
9984,2538,1357,13660,1613,50550,46422,20543,31376,18841,25109,38782,24273,24896,38835
11750,2538,1344,10537,1611,50627,50203,18585,33046,39042,18840,17378,24260,19492,38837
11456,2538,1357,13040,1912,50699,50198,11044,17976,19398,38566,32768,38780,18297,24543
11456,2538,1353,27563,3131,50699,50071,31828,18840,19496,32766,38824,19111,18280,38772
18154,2538,760,31504,1912,50767,50201,13109,31377,39315,18841,19110,38823,27929,24541
9984,2538,4041,2531,1613,50627,46681,21981,26516,18554,38772,17089,38020,31100,27662
159,2538,1657,71,1028,28960,50198,14221,32218,18315,38838,19399,19137,38781,24541
11456,2238,30994,15100,1328,4041,49494,40409,18846,19686,38566,24274,18039,32490,24543
7320,2538,1351,5759,1613,50627,50199,32130,18842,38837,17955,19450,38781,24827,32773
17865,2239,1351,7209,1314,50768,50203,29870,19687,19431,38837,18263,32485,38781,24273
11750,2538,12988,50200,1914,50699,1059,18603,18842,27943,38769,38837,19685,24257,17784
9984,2238,1357,26484,1613,50768,50203,15070,18842,19398,38837,25174,18922,38509,24275
159,2538,26782,50627,1913,3444,50070,44171,24903,18555,38833,25674,19688,32771,31005
11456,2538,1058,39467,1912,50699,50198,18837,31273,17956,38834,19459,24275,19489,38769
6130,2239,3441,2528,3431,38906,46681,11692,15386,31099,18841,38768,16799,19688,38015
7320,2239,3742,33704,1313,3130,46681,31273,31378,19424,25107,19156,38837,19686,24275
9984,2538,1357,13058,2213,50699,50198,21694,18554,24544,31096,38772,19210,18313,38837
11750,2538,2841,2152,1328,50699,50198,18842,31655,19398,38829,24842,24259,38772,19750
159,2238,1657,12546,1328,2842,50095,14221,32772,18008,18552,38781,25389,30461,20014
6726,2538,1956,30935,1029,1929,50203,31268,18264,38832,21407,30818,24258,38782,17957
11456,2238,3141,6599,1612,50550,50199,25674,39315,18841,18246,31095,38834,30727,18037
9984,2538,1652,3615,1613,50699,50071,43904,27929,16921,18842,19398,38837,24259,34706
11456,2538,3144,40564,1914,50768,49937,17499,21978,39315,18842,18533,38566,19193,24275
7320,2239,1363,17399,1328,6727,49969,31272,18622,38837,27081,17089,32207,38781,24258
24165,2538,1054,11609,1028,50699,50198,25670,31377,31273,19686,38823,18554,18910,38293
12629,2538,1058,6559,1313,50699,50200,32494,19686,18842,24898,38823,18869,23705,38771
9984,2538,2241,6407,1311,50550,46422,22551,31273,19689,31097,38772,17976,24556,38566
6428,2538,1351,34554,1613,3424,46681,31551,18555,28206,38833,19686,24275,38781,19450
11456,2538,3143,13057,1613,50627,50200,25120,18842,19109,38566,18044,38771,17710,38447
159,2239,205,4630,3130,9396,50095,18841,30728,34984,38824,18623,24826,19687,24273
159,2538,1057,18033,1328,12630,49050,19209,24557,38837,18841,24258,32485,38779,19973
6428,1939,19207,493,3132,13806,50203,32217,39315,18842,20301,30727,19687,38838,25109
159,2239,1053,11963,1612,3731,49969,10456,19688,38833,24544,32498,18555,38779,25173
7914,2538,1357,2833,1611,50627,50201,20274,31273,24618,38823,19397,18024,38838,24275
11456,2538,759,19714,1028,50550,50198,20547,31273,24543,38838,31379,17089,38768,24274
7320,2538,758,16796,1328,50551,46681,19138,14221,19688,31096,18309,38833,24272,19497
11750,2538,1064,34279,1913,50699,46681,16507,18552,19784,19686,38781,32772,24272,24323
7320,2538,1358,33209,4289,50627,50202,16506,18840,39315,18077,19686,25463,38837,32774
12922,2538,4340,38954,1328,50767,46681,31274,25463,19974,17087,32764,18265,38562,18597
17865,2538,3742,17979,1028,50699,50069,32392,19686,39052,19495,38838,24275,31377,24828
11456,2538,15074,1358,1312,50699,46161,25466,31273,19687,17406,38771,33324,38838,27662
9984,2538,1357,27080,1913,50627,50203,44172,18259,30995,19109,19498,38838,23976,18852
9984,2239,1351,747,1610,50627,50069,10786,18265,38768,31655,24275,24325,19975,38823
4040,6653,1654,35628,4588,50627,45887,29870,18565,38838,19685,33044,38779,17972,24541
4040,2239,1358,27,1328,50551,46681,17966,32767,19972,24538,16264,37742,24273,30728
11456,2239,1954,33693,1611,50699,48279,31273,32769,18534,18552,39044,18325,19495,38834
7320,2239,3141,12038,1610,50768,50199,32486,19684,18553,38837,22268,18008,38780,24275
11456,2538,50553,11412,3430,4041,46929,19685,38829,18553,33043,25109,38772,19753,24845
12629,2538,469,34244,1028,50550,48279,18842,17955,24617,38823,24272,18074,38780,24541
9984,2239,1657,24893,2213,50550,46681,16789,19686,30995,33042,18552,38832,24544,18655
6428,2239,3742,40281,1612,5758,48484,19686,31273,17400,38838,23975,19786,32486,38769
4040,2538,199,30817,3431,13805,50199,18076,18841,38768,24606,23688,38838,19400,24275
159,2538,1956,12168,1312,2213,46161,31272,18549,25719,38782,19687,24828,32486,38832
7320,2538,1656,14209,1614,50627,50069,18870,19686,18553,38837,23693,38779,33047,19487
11456,2538,1656,26483,1028,50627,46681,13402,24272,17379,38833,18554,19496,38771,20548
9984,2538,1053,13661,1612,50550,50200,23985,17403,39587,38020,19400,24333,27663,25501
9984,2538,1058,25959,1611,50550,50201,17088,18266,39042,32765,19974,38833,24040,38173
9984,2538,1351,20550,1328,50699,50201,32770,39043,18840,18035,25748,17377,38823,23975
11456,2538,3144,13694,1614,50550,50199,32771,39315,17975,18291,38838,19687,18597,24259
7320,2538,1351,36765,1914,50699,49494,18002,18554,38823,19685,32769,38770,24274,24610
159,2538,3741,31378,1614,50699,46681,14248,17090,24272,38781,18841,18865,19221,19974
159,2239,1358,9584,1913,50550,50201,15083,19973,18841,31100,38566,38771,17091,24895
6726,2238,452,13918,1028,50628,24731,30994,38838,17971,30821,19399,24560,38771,19205
6428,2239,1312,12719,50550,3443,46161,27355,40409,20000,25177,19973,24272,33047,38718
11456,2538,1058,20273,1328,50627,48484,17375,30995,24265,38284,26800,32216,38769,24281
159,2238,1357,25180,3132,31750,50200,18844,17086,38837,24869,32485,23690,38771,19405
12629,2538,1057,7025,1612,50699,50069,13325,33045,17976,38509,18616,38837,19398,25107
9984,2538,1644,2510,1613,50627,50200,19713,23992,38771,27662,19685,38566,32763,23975
7320,2538,3142,36727,4887,14641,50081,19972,18555,38838,18290,24544,38780,32488,25126
17865,2538,1352,3361,1611,50627,50201,14266,27663,19686,38822,18841,27647,38566,24260
7320,2538,1053,18835,4588,50699,49971,29587,39316,31378,19396,25109,25184,38835,24275
9984,2538,47620,4924,1029,4041,50087,19140,19399,38822,28206,32773,24825,24275,38769
159,2538,1057,16218,1328,50699,50069,30992,18840,19449,38838,25460,19687,24273,38823
159,2538,1058,15344,1613,50627,46422,20021,31273,19397,18074,39042,18840,32489,22268
159,2538,1357,1044,1311,50699,46161,18308,31273,18039,39042,18840,33044,19686,25178
11456,2538,3441,32102,4289,50627,49050,21410,40680,18555,32485,19739,17090,38837,24274
159,2239,1364,13914,3130,28960,46681,18841,14244,32765,24826,25462,38551,19399,27662
7320,2538,468,29553,4289,50627,46662,32769,16521,38768,19110,18040,24841,18844,38838
12629,2538,747,8162,1613,50627,50203,16800,18842,38837,19685,19738,24542,28210,38770
11456,2538,1357,6245,4289,50699,50200,27944,18842,38837,19398,24616,38779,24274,24542
9984,2538,1653,3893,1314,50550,50198,31375,18842,19685,19202,38835,24541,25742,38772
17865,2538,759,32380,1610,50699,50201,13118,19428,38835,19686,17970,27662,39043,24272
6130,2239,1657,3424,1028,50551,46422,14220,18291,19973,32497,18265,38771,24827,17089
11456,2538,1059,30427,1029,50699,50069,26518,38835,18266,19687,31099,38509,24835,36363
24449,2538,1344,25352,1912,50627,50201,12571,18842,39042,31936,19684,38837,24275,24826
17865,2538,759,19171,1313,50699,50201,32496,18842,24574,39042,19398,23690,38566,27662
6428,2538,4041,32892,1328,11418,46681,31272,13930,18314,38293,24611,19398,18263,24259
159,2239,3743,12550,2788,1031,49969,18821,25457,30819,38832,24260,18266,18028,38780
159,2538,1357,25897,1314,50550,46161,19206,18902,18841,38771,19973,32485,38801,23691
9984,2538,1352,3644,1612,50699,50203,19738,18554,19973,38833,34707,17090,38779,23976
9984,2538,1344,16928,1610,50699,50071,19494,30727,18841,38834,19688,38780,31378,23991
6428,2538,1057,37275,1028,11428,50203,23982,18841,38838,32496,18290,19399,38771,24301
159,2538,1657,2241,1028,5783,49971,31274,25178,24272,38837,19399,31376,18580,18844
159,2239,1351,18557,1610,50550,50198,19201,39314,25179,19973,24259,38838,18883,24275
159,2239,3142,10256,678,3431,49969,19397,30818,24835,38561,17786,18841,38781,22551
159,2239,3742,14244,2786,1328,50201,30994,16236,38838,17379,24895,24824,20264,38822
9984,2538,452,734,1314,50699,50069,19397,32767,18554,23691,39043,24560,38837,30727
9984,2538,1354,2241,3430,50766,50069,31377,18840,19399,19496,38771,24275,25184,38823
159,2238,1352,29868,1613,1028,46422,11961,20259,25107,18283,38566,18841,24273,32216
11456,2538,3442,32886,3130,50766,50198,32498,19684,18842,38771,18914,38832,24374,24274
7320,2538,1352,23406,1328,50699,50199,15968,18553,19686,31098,38823,38772,25456,19146
159,2538,1059,18261,3132,20170,50203,13931,24270,31098,38769,30727,38838,18911,19398
13215,2239,4041,25661,1612,50768,50203,9880,18554,20546,39042,38566,24274,19174,30727
11456,2538,468,6599,1313,50627,48279,15076,18842,33043,19686,38560,23691,38782,24275
7320,2538,1356,13332,4289,50627,50203,25128,18841,19399,31098,38769,23405,19498,38837
9984,2538,766,196,1613,50627,50200,32761,30994,19771,38772,17975,24273,19498,19399
6428,2538,1353,17968,4289,50554,25016,14221,38560,25675,32764,39315,24272,19450,19686
12922,2538,1657,32615,1328,50627,46422,31273,23988,17398,19397,38833,25109,33045,38781
6428,2538,460,16928,2830,50554,50202,19787,16558,18840,31098,39044,19399,24273,38834
6726,2538,1644,3362,3431,38633,50203,14221,17667,38833,31658,38780,23689,18840,19442
9984,2538,1054,18624,1611,50550,46681,16217,18266,31384,38769,19399,30728,24272,24585
6428,2538,1059,5088,3430,50551,39943,14221,19398,38833,18842,19451,24586,38771,31098
11456,2538,1358,173,1314,50627,50093,31044,18553,32496,38499,17667,24541,24272,30171
159,2238,1065,25917,2486,50767,46422,17786,17087,18841,38771,18614,19737,24273,38718
9984,2538,2843,11983,4289,50627,50198,17667,24826,38833,18555,23990,38772,24323,30816
11456,2538,1057,15105,1328,50550,50069,33048,31272,17089,39043,18554,38834,27943,24275
11456,2538,25919,3141,1612,50767,50069,44172,32497,19396,19487,18553,38837,24275,19434
11750,2238,759,5140,1613,50627,50201,17667,24822,18264,38834,21408,24042,38781,30536
6428,2239,759,7867,1912,50470,46681,11692,19398,30818,24096,18841,38780,19443,23987
13215,2538,760,32877,1612,50699,49937,20268,31376,18555,38833,17667,24618,38771,27944
9984,2239,3444,2530,1613,50550,50200,20545,32489,39587,18554,24895,38837,17090,25123
159,2538,1357,2497,1913,5237,50093,12570,18885,30728,38780,20551,38566,24275,17673
7320,2538,1651,6580,1611,50627,50069,23987,38837,18553,18826,38769,25718,18018,24824
11456,2239,3141,12820,1031,50699,50203,31378,18265,19397,23969,38837,24275,38770,18323
7320,2239,453,25333,1612,11413,50202,31271,13702,37742,19686,18841,32768,38496,25389
9984,2538,3144,10536,1611,50699,50198,17953,25457,39052,17976,23985,38838,20267,30728
11456,2239,1656,5965,3430,50699,50203,31100,18264,19397,24611,38562,23975,38772,23991
9984,2538,1357,11415,1612,50627,46681,18277,31273,24542,16554,38838,27662,19688,38768
17865,2538,3441,15167,1028,50699,50202,20544,38833,17086,18841,24259,17120,38781,30728
12629,2538,36451,50699,1612,760,50198,18533,18553,38838,24840,31097,38780,24893,25107
159,2538,1654,19760,1328,748,49969,13117,18553,32497,38446,19398,27087,24272,38838
159,2239,4340,11393,1613,2830,49971,19683,18007,38837,31099,17969,24260,38780,30450
9984,2238,3441,2513,1613,50699,50199,39942,19686,17688,39044,24274,24542,18312,38825
159,2239,1644,7839,1313,3731,49969,18278,19687,32767,18840,38780,25406,19451,38838
159,2538,1352,3036,4289,50627,50201,27928,32493,19686,18555,38823,18326,38566,24826
12922,2239,2841,13974,3731,50699,50202,19973,18555,38834,27929,17088,38781,32495,24273
17865,2538,1344,13992,1314,50627,50203,32380,18841,38496,33050,17666,19199,38823,21983
7320,2538,1055,34251,1913,10566,50090,25955,19686,18264,38838,19192,38780,24609,30739
12629,2538,759,15370,1609,50627,50199,18855,39316,32765,18552,25126,17380,38838,24259
9984,2538,8462,34832,4289,9099,46161,19399,18840,31662,38772,19158,24543,38837,31008
159,19201,1654,3141,1328,2538,49969,18841,31830,31378,38780,24290,23690,38823,20262
7320,2538,1056,12808,3130,38359,50203,46928,19686,18844,33051,38770,16521,24542,38835
9984,2538,1057,5702,1609,50768,49971,44440,18842,17957,24895,38293,24258,18035,30449
11750,2538,1357,6581,3731,50550,49971,31551,18266,38838,22266,33045,39042,27088,19110
7320,2538,1356,1641,1027,50699,50093,18916,18264,38837,31097,19398,24826,38771,24614
6428,2538,3444,15373,1328,2229,50095,19109,30995,38837,18290,18841,27648,38770,24824
11750,2538,1357,34554,1029,50766,46681,18844,16264,24291,19689,32485,24273,38780,38837
4040,2239,1954,25635,3430,11682,50093,24247,18555,38834,28210,30817,24274,38769,19496
9984,2239,2541,4881,1913,50627,50203,29304,19686,18844,38566,24554,38770,19201,32767
11456,2538,759,6240,1914,50766,50071,25459,38829,18841,18297,24824,38781,24274,32498
9984,2538,3141,16641,1612,50627,48279,19973,31382,18841,17994,38771,19210,24543,38833
9984,2538,1358,6646,1614,50550,46681,29333,19686,17976,16256,38833,24272,38770,32764
9984,2538,1358,5138,1328,50699,50198,18243,31097,39042,18841,30450,27663,38838,24261
12629,2538,1357,21125,1314,50699,46681,18844,16796,37742,24824,24272,25174,38780,18885
9984,2538,1351,34833,1028,50699,50198,19210,18842,19111,38837,39042,18039,24824,24272
7320,2538,755,19092,1614,50873,50198,30818,18840,19399,38566,38772,24895,25676,27663
13215,2239,3441,8162,1313,50550,50203,26516,18842,34982,38771,19397,24275,19488,38836
11456,2238,2241,11412,1612,50699,50203,32102,18842,19397,32762,38838,24273,38772,18648
159,2239,1357,13037,1614,50627,46161,11059,18841,19398,38782,32495,25107,38834,30728
11456,2538,1657,18596,1613,50627,46681,23698,18841,19398,38561,24655,38780,27943,24898
11456,2538,1352,15082,3131,50699,50070,19427,38824,27355,19400,37747,24542,18623,24275
159,2538,5243,15384,1613,50627,46161,30815,18841,39315,21694,25129,38835,17378,18884
11456,2538,3744,5705,1611,50699,50202,17959,17976,24826,32497,24610,38562,38772,19194
159,2538,1356,7246,2830,1941,50095,13931,24274,31286,31097,38771,18554,19399,19195
7320,2538,747,32770,3132,50628,50197,43109,17975,19731,19399,38566,24274,25460,38823
159,2239,8742,15372,1913,2542,46161,23983,18895,38718,18841,19688,38838,31099,38770
11456,2538,1059,20472,1030,50627,50092,16814,31273,19397,32765,25209,38825,24838,38772
9984,2239,3441,5407,1611,50627,50198,19109,18842,38824,25391,32486,39044,27663,25181
6428,2538,3443,7245,3430,50554,50070,13345,32489,19686,18554,38834,18883,24542,25179
9984,2238,3144,24414,1612,50627,48484,21695,18844,38833,24543,18616,30449,18252,38780
7320,2538,748,34805,4289,50767,50198,32495,19728,24261,18555,38771,18247,38838,19207
9984,2538,1656,31243,1611,50768,50201,32771,17086,18842,38769,19174,20263,38825,24824
6130,2239,1352,3725,1029,13033,49968,31552,18842,27368,38838,31376,24617,19399,38781
17865,2538,2841,13995,1914,50550,50069,44708,32774,19125,31273,19398,38838,18581,24273
11456,2538,1046,34844,4887,50627,50069,44172,18840,19198,19686,33045,38838,18885,24543
12629,2538,1357,19712,1028,50699,46681,31273,18250,18921,23977,38837,24609,18886,38770
17865,2538,1652,16535,2213,50550,49937,14512,30995,19686,38837,25479,24261,31662,38770
6428,2239,1344,3730,1328,37813,46681,18554,17378,23973,38832,20263,38771,32493,24274
159,2239,1657,13392,3130,19308,50201,14221,23990,38837,18290,18844,38772,18364,19686
9984,2538,1046,2497,1613,50550,50070,17499,39042,18840,19685,18878,38834,27648,24275
159,2239,759,18868,3131,29800,50201,13930,19116,31099,38824,25391,24275,38781,19419
159,2238,1356,1046,436,6704,49969,18856,24823,32497,18841,25179,38779,30728,19195
159,2239,7333,166,2787,128,50094,16045,24825,31286,19499,38014,18841,19113,18603
9984,2538,1352,3062,3131,50550,50198,19397,24274,17971,38834,18622,38772,24543,24608
9984,2538,1356,21,1912,50550,50202,20545,32767,24542,18266,38551,17088,18622,38771
6428,2238,1058,32598,1912,11161,49968,48186,18265,19974,18295,38561,18618,38770,24542
18154,2239,3141,31835,1914,50699,50199,18314,17667,18265,38833,19153,24557,38780,24824
6130,2538,1356,27043,1613,1628,50199,31830,32763,19172,18555,38771,17956,21121,38837
9984,2239,1656,39448,2214,50699,46681,19787,32773,18841,19400,38779,19449,23977,38833
11456,47620,4639,32602,3130,2538,49968,31273,18581,19771,38770,24275,19686,32765,18844
9984,2538,1357,15100,1613,50767,50202,16245,39587,31273,18076,19686,38838,17969,24259
9984,2538,1356,20833,1613,50699,50200,15677,18844,39042,31939,17956,38833,25107,24845
159,1939,768,11430,1328,12923,50203,20839,18554,31284,38833,27944,27084,38772,25469
11456,2538,1356,18549,1914,50627,46681,24610,30995,19685,38837,24275,32762,25109,38780
17865,2538,4043,30965,2213,50699,50201,30715,17381,21695,38769,18840,31661,27663,38837
11456,2538,1358,3915,1612,50699,50072,24300,18870,38828,18265,19686,25180,38771,24273
12922,2538,29024,1353,1614,50627,50200,32390,18841,38833,19400,25179,19737,38780,24273
6130,1326,4340,1913,46159,17954,32665,32765,19122,38837,25956,30449,24275,18933,38550
159,2538,1357,34833,1612,50627,46681,19495,18842,19110,25120,38782,18035,38566,30727
4040,2238,1066,7322,1027,4033,49969,14785,17975,38495,32768,18024,24542,19687,38837
7320,2239,1643,11118,1314,50627,50069,19993,39106,27917,19685,25179,38780,24274,24826
11456,2239,1365,35104,3132,494,49968,13663,31273,32773,25180,38780,18266,21979,38446
11456,2538,1356,17665,1030,50550,50069,15086,18840,38829,25109,32771,38770,21696,27663
11456,2538,6139,3622,1913,50699,46161,32385,14221,39044,19975,31102,18263,19739,38834
7320,2538,1656,31836,4588,50550,49050,21119,18263,39315,32487,18598,24275,17955,24328
11456,2538,1641,31098,1614,50699,50198,31273,18562,19397,38560,25171,24543,38781,24275
11456,2538,1941,15369,3131,50699,50198,19460,19110,38566,18841,24826,18646,38506,31007
7320,2239,758,32394,2786,1328,50203,24822,18018,38838,19973,18842,38780,32495,18621
159,2538,1954,30380,2787,1031,46681,24276,30995,18842,31095,38832,18296,21409,24826
12629,2538,759,35348,2213,50699,50203,13369,32762,39316,18841,18019,23693,38822,19688
159,2538,1358,15074,1612,50627,46681,24616,19397,18842,31098,38771,23698,31284,38837
7320,2538,1357,19705,1912,50554,25016,48869,19440,19205,38834,19399,24544,24275,38772
6130,2538,1355,31210,1611,2226,50198,31551,18844,40409,21695,37469,24273,18357,24542
6726,2538,1957,6950,3131,37272,46422,31272,18824,39042,18840,24605,38832,24260,18578
11456,2239,1358,10175,1313,50699,50203,12463,30716,17378,39043,32767,18266,20260,26519
7320,2538,3141,13997,1613,50627,46681,31098,18841,19685,18885,38234,25393,30729,38838
11456,2538,4533,3142,1613,50699,50069,20261,38833,18842,24543,18336,38770,24274,32486
159,2538,1058,12449,1914,50627,48279,25458,18841,18867,39042,24272,32762,19686,38838
6130,2538,4640,34831,1328,3129,50202,31550,20280,37741,24259,19110,38772,25174,24275
13215,2239,3144,23982,1612,50768,50095,19700,32496,39315,18887,18244,38838,19428,27663
11456,2238,1055,18835,1612,50767,50198,30994,17088,38566,18042,32208,38779,25673,21408
9984,2538,3741,8138,1613,50550,46422,20838,24821,18841,38781,25123,32765,31006,38833
9984,2538,2241,11434,1028,50550,46681,30995,19972,18322,18263,38566,25107,24275,32773
9984,2538,1657,26235,2213,50699,50199,15969,18841,19208,19686,38838,24916,38771,31097
11456,2538,1352,14267,1913,50699,50069,21408,18265,39315,34982,24826,38564,19783,17669
6428,2238,759,35374,1328,11419,46681,31001,13930,19491,38834,18840,31654,19974,38771
11750,2538,1053,13616,1611,50627,50198,20839,18841,39316,19773,24273,38293,16800,24541
9984,2538,1358,6281,3132,50627,50198,18027,17955,24273,38837,18841,24606,38223,24378
9984,2239,1345,7540,1614,50627,50198,44707,18842,17089,31101,31562,20839,38566,19739
9984,2538,4041,4882,1313,50627,46422,15960,18266,19684,38561,24255,30818,38771,24275
11456,2538,1355,13917,1912,50767,50201,20275,31376,38781,19686,18075,24273,38829,17396
9984,2538,1058,18549,3132,50699,50069,11961,19686,14221,38837,16798,32486,38771,25127
159,2538,499,1921,1028,11751,46161,19207,30727,19685,18547,38834,17719,38770,24835
11456,2538,1059,13662,1610,50768,50203,18266,19787,19684,38566,19740,24259,24275,38780
12629,2239,747,30976,1313,50627,50198,31273,17976,19399,30819,38771,19212,24906,38834
11456,2538,2841,13410,1610,50550,50203,32486,18842,19974,38782,25184,23974,38838,27649
159,2239,3058,3443,1312,2214,46161,30994,31096,19398,24540,38560,19419,25460,38769
7320,2538,758,35344,1611,2814,48279,19992,33044,30714,17380,25128,38838,24824,18007
24733,2239,1351,13118,1610,50767,50095,21956,18555,39315,19400,24275,18915,38837,24258
11456,2538,1054,26799,1609,50766,50200,22527,31273,17089,38566,19422,31097,38770,18579
32305,2239,165,24574,1031,50768,49938,25191,38834,17093,19684,18266,32220,38782,19497
11456,2538,3144,3129,1029,50627,46422,32112,19109,18842,19487,38833,24543,32767,38780
6726,2538,3142,11408,1328,39444,46681,32490,17971,14221,19399,18904,38771,38566,23983
17865,2538,3444,6054,1913,50550,50069,25953,38837,18264,20549,38771,24273,31097,17092
11750,2538,1358,15083,1610,50550,50092,12195,30995,38833,22550,18266,19687,32766,38771
4040,2238,1657,736,4289,50551,46681,19421,30995,15956,19399,38838,18327,31097,24272
3440,2238,1356,6302,3132,50551,46929,43914,18840,31099,25391,38566,19398,19199,19738
159,2538,1611,14803,1029,4041,46161,24542,31273,19114,32774,18553,30815,38771,24274
7320,2239,4041,11683,1314,50699,46681,18835,30994,18646,25108,38838,24277,38771,32490
159,2538,32900,24732,1612,50869,4043,44440,31094,24275,19110,38837,19445,18840,24540
7320,2538,1656,35644,3130,50627,50203,14199,18841,38561,19973,33044,24273,38770,17494
12629,2538,1058,17982,1029,50627,49971,31284,24275,19173,38561,21693,38780,18533,17713
6130,2538,164,11161,1914,30654,48279,13931,17688,31281,38781,18243,32493,38293,24827
7320,2538,1652,64,1612,50699,50203,26782,18842,19685,38566,18579,24272,38551,24300
9984,2538,1357,7191,1613,50627,50202,15948,18841,19685,38833,19490,30727,38771,27663
11750,2538,3144,35369,4887,50550,46681,18034,31272,19109,27087,38566,18842,19439,38771
9984,2538,3143,25119,1610,50699,50203,24612,32497,39043,18840,20831,17671,31284,38838
11456,2538,760,14793,1613,50627,50198,33040,19424,38771,24273,19399,38837,24540,24301
18154,2239,756,24895,1028,50627,50198,19129,32763,16797,38823,24274,19687,38780,27088
12629,2538,3143,2757,1613,50768,50203,33223,18555,19111,38561,24603,38771,24824,32767
159,2538,1065,1928,1027,5833,50095,31009,25464,38837,24272,18328,19686,19787,38780
9984,2538,3141,11687,1031,50627,50198,19397,18555,38833,18322,23691,38780,24274,19737
11750,2538,1657,12764,1314,50699,48066,32764,18842,30728,39042,26517,19686,38837,23976
12629,2538,756,17970,1613,50699,50069,24585,25107,38833,19397,32210,24275,38771,27928
159,2239,468,5706,1029,12630,50095,18841,32766,31005,38834,17998,24272,38771,19687
11456,2538,3143,3732,1612,50627,50069,39315,20026,18266,38838,19398,19206,24260,32768
4040,2538,1658,37550,1912,11440,46679,30714,21982,19714,38768,17378,38834,24825,25412
9984,2538,1657,8727,1312,50766,48279,14788,18841,19687,38781,23691,25464,38833,24842
7320,2239,1357,18010,1611,50699,49050,19406,30994,24257,38836,16799,32498,38770,23991
7320,2538,3742,32897,1610,50766,50070,44708,32497,23408,18842,38838,19686,18597,24275
11456,2538,1657,1941,1612,50550,49388,23704,31273,32484,39315,18841,19157,19688,38836
11456,2538,1057,6615,1027,50550,50198,20561,30715,32208,25107,38835,25460,19398,38769
9984,2538,1357,3360,1611,50627,50203,13991,18553,25390,38834,33044,19686,38771,27663
7320,2538,31792,11708,1328,1058,50092,19686,18555,23690,38838,33046,24274,19210,38770
7320,2538,469,29588,1313,50699,50203,25125,24006,39587,18842,19686,38838,18615,18291
9984,2238,759,5736,1612,50627,50203,13913,16796,38771,18266,32207,24823,38837,25434
4040,2538,1058,39721,1912,10803,46681,13930,19398,17969,38838,18868,38718,32765,18852
9984,2538,3444,4283,1314,50550,49050,36217,27917,19397,18580,38837,18552,38780,24543
12922,2538,1357,19134,1028,50699,50094,18582,24543,38834,24274,25177,38771,17089,19973
11456,2538,1352,11952,1913,50627,50069,27943,39587,18842,19686,31095,38838,24275,25673
12629,2239,1344,6059,1612,50550,50069,39858,18623,18264,19973,38838,25977,23974,25177
159,2238,1058,19957,1913,50627,46681,17398,30994,23713,25106,38293,38772,18307,27663
9984,2538,2841,16116,1912,50699,48484,17680,31273,19973,32767,27664,38771,23696,38837
17865,2238,757,20831,1913,50768,50199,18841,31098,25107,39042,19462,38837,18005,17380
9984,2239,1344,11733,1612,50627,50203,15946,18841,20067,38770,19398,38838,24827,33051
6726,2239,7197,6599,1314,4340,49969,24604,19397,19488,38557,18840,24256,38771,32761
9984,2538,1357,2466,1028,50627,50198,17957,18841,39042,32769,24260,38837,27087,25128
7320,2538,1656,22265,1031,50627,46681,31273,24277,32771,19398,18264,38770,25109,38837
6130,2239,4341,3114,1913,50469,46681,15075,18842,19399,32768,18284,19493,38771,24825
9984,2239,3741,11450,1610,50627,46681,17088,25180,18554,38718,19785,19974,31654,38551
24733,2239,758,28729,1313,50768,50203,31272,15383,39314,18553,24843,19398,38293,17496
11456,2538,1610,22520,50627,3141,50093,31272,17672,40138,19488,17786,18554,38284,18291
9984,2238,1651,10733,1913,50768,50202,19686,31373,17976,18309,38771,38838,31287,18911
11456,2538,1357,35626,4289,50699,50200,15343,18844,39043,18075,19398,38837,25461,24273
9984,2538,3741,8457,1613,50627,50201,13617,18554,39587,18535,32763,24262,18615,38833
159,2538,1357,7156,1612,50627,46422,32490,24821,18266,20263,38770,33226,38837,18903
159,2239,3144,19448,1612,50627,48484,33046,19685,18555,39042,18025,25109,38566,24275
7320,2238,1058,1544,1314,50699,50202,29871,25955,38834,17976,19686,24897,27662,38771
6726,2239,760,2759,1029,50628,25016,48067,18266,23431,31097,38770,19400,38833,17706
11456,2538,1956,1500,1029,50699,46161,29592,18007,18265,38835,19686,31045,24272,38780
159,2538,1357,25180,3132,4340,49968,13640,19983,31559,32775,38782,18580,24272,38838
6726,2538,1955,35625,1613,2211,46681,15370,24260,18553,38833,25463,31381,19975,38781
7320,2538,1613,29823,50627,4340,50095,31273,19684,19199,25125,39053,18841,38837,31097
159,2538,1657,40560,2486,2832,46681,19136,19689,31273,38838,19755,24257,18003,38782
11456,2538,1058,13676,1611,50699,50071,31557,18264,38837,19398,18885,38780,32775,27663
6428,2538,1056,32609,4887,3425,50198,20556,24261,18554,38837,32208,30448,38771,19787
9984,2239,3441,18916,1314,50699,50198,39587,19697,32491,17378,24258,18019,38837,27662
11750,2538,1057,18328,1028,50699,46681,17664,32766,24274,18842,38772,20554,24259,38838
17865,2538,1343,31381,1613,50699,50198,31273,17090,15974,38771,18842,38566,19446,19973
11750,2538,1658,36726,3431,50768,46681,25196,18841,19397,17990,33046,38772,24824,24845
11456,2538,1956,2135,1027,50627,48279,33198,18840,19687,38837,19446,24615,37949,24273
11456,2538,22804,50767,1611,1357,50203,17970,31273,32763,19397,38780,24275,38838,24605
6130,2538,3141,50554,3431,4027,50069,25924,32763,39587,18840,17717,19397,38838,24858
9984,2239,1058,2198,1312,50550,50203,19982,19485,31274,39042,17379,24896,38566,24275
7320,2538,2841,12866,1314,50550,50200,19398,17975,38833,18886,23974,38509,31376,19726
25299,2538,460,31234,1028,50550,49937,19738,18841,38837,19398,33041,38769,24824,27663
159,1939,1614,15658,1914,3741,49969,31273,24897,19399,38564,18840,23689,33044,38769
7320,2538,1059,22512,3131,50768,49493,19148,39588,18555,18313,24274,38838,19201,31098
9984,2238,3443,3733,1611,50627,50198,19397,18842,25671,38838,31007,24888,38780,32762
4040,2238,3741,3434,1912,50553,46681,11397,18357,19397,25955,18553,38838,30728,38771
7320,2538,1613,24267,4289,2542,49695,30994,19486,19689,17402,38837,31099,38770,18311
15838,2538,3443,40295,1612,2231,50081,19685,18264,38835,24828,17710,38781,19192,32769
159,2239,788,24897,3431,4041,49969,13929,32767,31006,38508,19714,19200,38837,19398
9984,2538,2841,2529,1611,50550,50203,25717,19685,18841,38838,32767,38781,19767,24260
12629,2538,1358,31774,1313,50767,49050,15968,25196,18841,19685,38837,18915,38780,24275
9984,2538,3143,12525,1028,50550,50203,16927,19397,18555,38834,25392,38771,24845,35825
4040,2538,469,12019,3131,19883,49969,14221,24374,31559,31377,19212,38771,18840,19977
11456,2538,2843,2459,1914,50699,46661,17663,31273,31379,18840,38769,24266,25434,38836
17865,2239,2841,12864,3431,50627,50198,19399,18554,38561,19197,32496,25106,38780,24275
159,2238,2787,12987,3131,6429,46161,31552,31376,24379,18842,38780,19110,24610,24272
9984,2538,1351,24094,1611,50627,46681,18936,17972,31274,19685,32766,38771,19159,24273
159,2538,767,8430,436,3742,49969,13639,31096,23689,18841,38770,24898,17379,38837
9984,2239,1358,15388,1029,50627,50203,31376,18844,19686,38837,20016,24272,38771,24902
11750,2538,1655,12987,3430,50627,50201,19696,31273,39314,24897,25674,17090,38833,24274
11456,2538,1357,37019,1611,50767,50200,18851,19399,24273,38838,18899,18292,38771,24824
11750,2239,1656,13701,1614,50550,46681,31273,19397,17388,31375,38833,24823,19709,24275
7320,2538,3442,34555,3431,50629,47844,30814,18840,38832,18366,19689,38781,19737,27383
11456,2538,1345,17692,3431,50766,50200,33043,19685,24271,38771,30440,38837,18868,19171
9984,2538,759,14289,1613,50550,50071,20839,18844,38771,32763,17088,38837,24540,24272
12922,2538,747,10255,1028,50699,50203,19981,31273,19422,38769,24827,32210,38833,24275
9984,2239,3143,3124,1314,50627,46422,18579,18552,19686,32218,38772,25125,25109,38561
7320,2538,1358,13326,1014,50627,50198,24834,33047,18844,19687,38551,24290,38838,18613
7320,2238,1053,18852,2214,50699,50199,19786,18531,31274,38561,21695,38771,31103,17969
9984,2538,1942,12277,1612,50699,50201,24274,20278,38561,19684,32766,24540,30448,38780
17865,2538,1357,5703,1612,50627,50198,21694,39324,18842,31096,24826,17748,38838,24275
11456,2538,1655,21409,1613,50627,49970,25120,18554,30995,39315,17957,38566,19445,31096
159,2239,1314,37026,3731,3441,46161,19682,31272,18913,24542,18842,38829,24895,38771
11456,2538,175,37004,1613,50699,46681,32494,30994,19398,17974,24016,38838,25956,38781
11456,2238,1057,2460,1314,50699,50199,13109,18840,31285,38833,17956,38771,25460,24275
11750,2239,12818,50699,1028,1053,50199,23969,30261,39042,18842,19688,38837,24275,27929
11456,2538,1351,27334,3430,50768,50071,44440,18841,30445,19398,32218,38837,19482,24273
6428,2538,3441,94,1612,50553,25016,26517,38838,18553,19686,33051,38780,23976,38822
9984,2538,1058,18276,1028,50627,50071,44440,27650,20547,31274,38838,18074,24273,33045
6726,2538,1357,6002,1031,50628,46681,31097,17086,18555,19973,28210,27664,38837,24272
6428,2538,1357,33974,1029,2813,46422,30994,20269,38770,31096,17667,17976,38837,25465
7320,2538,747,40010,1613,50767,50199,19684,18841,24348,38834,32487,24324,38771,16799
159,2538,102,11975,1314,4938,46161,19106,31940,18841,25107,38005,24858,38769,27662
11456,2538,755,8165,1611,50550,49937,19973,18555,18581,38835,24543,32494,38781,24274
7320,2538,1057,33698,1611,2512,46681,19194,25389,30995,38566,19701,32764,17091,24290
159,2538,1956,2433,1612,50627,46676,30993,24898,18566,39316,24260,19686,25141,38562
159,2538,1356,11027,1612,50699,46681,19983,31273,30816,17378,17749,38771,24543,19492
11456,2538,748,18917,1611,50766,50200,19395,18841,31662,39597,18883,24274,38838,25108
4040,2538,1058,6307,1328,50553,46681,32772,18007,18841,19686,24609,24275,38768,18364
11456,2538,1053,19173,1031,50627,50200,39942,19686,18266,24900,39042,25110,32134,24275
9984,2538,1357,88,1609,50550,48484,17378,31005,18841,31382,23687,38769,20263,38566
7320,2538,3442,18958,1612,50627,46681,18556,19686,31273,24378,27929,38780,24272,38566
12922,2538,4042,29010,1028,50699,50203,13930,19398,17750,38835,31374,24274,38771,18266
9984,2538,1657,12825,1913,50768,46681,33045,18843,30994,19686,38771,24260,24038,38837
