48644,2471,5907,12806,43583,21776,763,19509,9004,10851,29882,34795,33273,25810,9564
36005,1939,46240,17132,40947,28074,9710,46967,17092,9401,32687,23528,10514,37228,44339
37068,45297,46062,50859,38039,3611,38027,17459,27978,11858,25448,14068,47314,17094,43574
35255,44492,32634,5817,11093,1537,10240,32318,43089,42991,4833,9845,40491,5456,41031
47992,6120,31836,27578,26073,14900,17484,26579,11069,44264,39150,43093,769,37762,16863
9813,8786,3162,16465,2873,20026,18022,11406,31624,38791,5376,1268,16537,13889,6190
23935,38585,40054,39894,34384,14816,23505,40048,30377,21915,7088,478,17489,48496,40308
19760,23219,33725,19146,6195,42876,24318,48367,23795,8916,48398,44832,25292,27786,4706
38931,1471,8332,27139,21304,44507,34083,27428,4128,21377,25582,24518,17112,37804,28237
23062,27938,26867,959,42245,27259,20955,18045,17671,30129,37998,18311,33103,34488,11853
24226,42295,24420,15224,21369,36455,49676,24570,37729,50866,1808,1338,50196,20572,39668
33419,25759,11532,2097,7724,22941,41284,39784,4854,30822,48426,3489,37284,50309,22188
1985,46977,37071,11661,2666,2653,11679,47538,517,8255,35335,777,21368,47933,5959
31686,25618,22842,45919,14217,1389,31267,41134,23066,1878,2817,11042,33632,21815,47152
43914,11016,12806,37892,4367,28825,50672,1002,41977,44058,24276,902,11791,6416,4604
1375,18454,4619,12577,24037,37086,40099,44888,18773,15295,44214,9524,12858,17533,1450
21441,30402,10414,30888,5413,43824,9909,12828,20856,50466,32831,24161,39944,44202,32617
46818,50225,25997,42162,13478,14178,15237,30144,2435,26495,36709,45292,4944,3308,22961
39158,33998,22777,17770,8320,44086,43601,31898,22852,33593,8856,22240,17471,36194,44538
45569,37356,15512,4305,14686,45821,32894,48110,35687,35692,32050,41200,10120,13300,31523
10450,12111,11970,25772,30148,2943,46672,48068,12219,49278,29278,29433,10795,24126,19444
11126,21767,37768,4773,1682,47221,47535,30845,42579,8410,23696,2228,47834,13248,8581
12743,50607,39042,25675,10320,2811,8087,46114,15877,38449,35386,46179,17128,48581,15609
32075,25876,19160,22573,34484,33999,35594,13421,4926,31761,17291,21873,6927,42348,12244
29751,8871,37231,1368,26940,15466,1789,23480,2072,9785,18739,19641,893,35468,605
33659,46256,46796,14112,17644,5008,13588,25665,17089,49930,35749,46752,30754,31108,5929
39158,41139,46744,12559,4697,20283,43369,21705,37406,11138,49843,43757,42290,25692,29378
1261,29049,33394,23903,7979,22398,3555,21292,47186,6035,43651,6889,26626,25843,34829
310,32584,43732,28560,35497,30,6508,30499,36926,5636,28765,23279,26274,48491,10892
49391,42033,16166,2447,21367,4234,1802,8747,32690,4319,15414,45643,42587,10309,21360
11165,17042,28284,194,49552,26343,11644,5115,1405,50526,49875,50502,7084,9282,30662
31027,45344,25034,1663,40322,5358,25537,23110,18098,44665,30901,47480,42573,22365,46701
22723,17416,12600,22408,48487,30811,6321,41962,9642,46729,41971,38729,47749,34530,39003
15708,23138,23909,39248,5776,18981,28292,35416,285,12463,5168,2954,12342,5313,44794
10321,41665,21653,18388,24736,16109,1709,34402,12088,31320,5236,5296,27653,20832,6626
50403,15849,28351,10427,36339,15540,15503,2881,21687,44568,276,17104,29476,4291,46772
10015,23866,37188,23962,48211,25402,49129,37637,12465,1324,32307,48310,39208,34942,38631
34337,12671,35198,34801,28131,43837,1088,45322,7628,30516,32041,11247,7405,31135,27615
10016,35277,21065,31447,39191,20317,21523,11582,2189,38233,27858,45873,7850,2100,41572
12080,48556,19876,44040,7438,42782,4112,38723,17240,27314,23668,10587,35298,19772,33946
6770,33625,25844,16289,38288,49490,39145,19200,43949,48938,41073,19987,25751,2130,10876
46658,17891,36227,33568,35483,11727,50499,29791,15924,40590,1017,290,9584,29863,32987
7361,14096,22480,13408,10305,32264,1162,23004,19633,17634,49810,21942,42871,50297,37984
15295,2322,40531,26369,46858,46487,14409,17112,234,24876,9102,36313,16024,46088,27268
22714,35514,30406,4460,3581,16626,15982,29285,6504,36845,16209,28253,41343,46799,11452
23059,23932,41833,9986,2771,25544,46788,5712,40966,39478,4935,18285,22217,11303,21192
11754,45008,24527,27456,1368,18429,17047,37460,28154,18893,23700,10326,11386,12016,38823
6153,158,19203,46688,7442,1793,40723,22251,11153,33816,42207,26961,21873,45267,48240
576,2242,5368,41124,46386,4943,26170,41293,33151,43517,22455,27912,8522,6329,43988
23295,32346,36358,17332,49030,50832,47219,13197,6874,11547,28743,41277,39636,5286,45460
4175,17473,50684,6473,30174,4215,20314,37563,36881,42306,34201,19570,25838,26929,9543
3762,10551,37334,1929,11857,32111,30052,23459,36019,20752,17816,31207,48787,8490,27409
46704,46048,624,5481,48612,32752,31728,32502,28505,48383,21107,12534,43017,12767,19110
10154,18789,42155,23221,15527,15878,33680,4535,18485,9817,18852,13432,45632,50659,20458
30238,17786,47321,20328,35500,32245,20771,48586,7460,46647,26546,47124,32130,39637,25877
37521,46276,33732,29919,44916,48592,46124,697,49346,17094,19325,7379,40255,1856,29861
7879,11287,33849,9241,31649,44864,14319,7974,47871,39127,48262,34034,5528,50374,50806
16442,3437,47607,25134,43576,31787,8820,31664,27004,38905,34333,39734,32675,10199,22378
22655,50164,24933,47108,5381,26354,12377,49104,25669,20722,21062,47387,35376,37228,50785
27920,32242,16201,5961,46060,13191,15497,23596,6031,26535,1637,34570,22654,47170,24103
13207,22321,7502,4822,10352,19425,8478,31007,45778,24983,30705,18655,24706,9092,48694
20203,37905,15123,26614,27301,22289,33579,15638,1963,48173,49288,37276,42741,39782,50771
50777,32908,36490,41970,5334,41348,34311,5757,43589,24106,47445,16814,46009,20214,5293
13670,33849,15340,50060,26524,8295,1083,5968,32394,21913,18299,33632,43854,7892,6778
24542,31101,10986,6500,3052,6780,39559,12791,19675,37057,15435,49427,27554,10906,49608
32581,44237,4954,47814,9752,18789,42848,23596,25190,14795,2590,26136,21992,40248,24962
10728,8687,34486,15683,44846,31315,35842,2019,26582,16093,42778,7549,39626,16275,40507
17856,32425,45958,45498,5001,23901,3098,20389,20186,17676,27641,23583,23064,20566,6419
42094,46239,17761,32632,46837,5971,21395,7302,10964,25702,45151,23056,50839,5051,32811
39270,22088,2977,47056,14988,21086,42158,47719,39183,15409,29158,21643,5586,46208,1928
13060,10931,48844,9212,12812,50168,18175,6774,9954,22788,50873,3197,7072,9997,28971
12466,17176,34017,22782,5321,39354,45078,16147,31339,48524,48402,12129,21263,40480,28520
31478,49072,21624,23414,25560,14562,36648,17701,1095,20678,12116,7566,34992,42253,16183
19809,34641,8420,18035,19182,23581,13254,11080,24094,41294,33849,20392,44008,994,1091
34181,6272,40553,48172,6576,25387,47804,10077,7795,15520,16880,33797,2671,23941,37160
30547,6998,19418,15921,1303,37809,34875,26162,2674,848,48910,41222,27609,13503,41203
38419,22692,29262,13235,48562,14205,11606,14916,1698,19108,33403,37212,45283,21854,33282
25534,32424,31021,20792,22831,48039,46639,31558,35306,41775,28678,10083,34717,45603,2598
2135,674,30360,21655,20194,10482,22215,7935,32378,32768,18675,50226,46928,19651,26845
48942,33944,14276,23814,50516,1899,10675,34979,45510,14980,49299,39818,10878,29397,27668
41671,32036,2280,40436,17278,48792,31350,35327,37071,11741,40120,22526,47384,37713,47027
24951,45916,33804,21721,50649,12832,1730,23600,1314,11682,13338,31606,12949,8785,38883
15308,44429,9758,18985,48387,49526,10942,49240,47564,44848,25875,13286,19095,40532,42976
36198,20635,48581,22388,26691,29442,17292,3244,33137,11751,31356,19515,22418,34786,46809
2684,20788,40610,10954,43878,38544,46767,32202,16638,39564,8530,27290,19434,20564,6917
26576,30668,41313,46572,23105,8084,1354,29405,18004,4876,44837,37875,16656,34732,19155
48574,23099,23624,29283,47298,31701,27461,37049,34064,36336,11542,1647,25198,17515,20743
27785,48373,26768,17871,46033,39639,20200,11717,40996,25811,37556,43826,37607,26732,9127
48468,3512,34414,10602,50635,26134,21413,42001,20461,16058,43205,44676,38938,16950,6520
36954,38124,18055,12534,42979,25511,755,49816,13704,14792,4469,26173,32139,37369,13075
9495,17826,29505,29808,15430,27285,1549,25532,12019,17540,15521,28887,39897,49097,26196
1311,11966,34736,38779,14350,19712,17585,26945,22353,7370,2495,25616,37013,34496,40129
15529,20431,24271,32201,8938,26149,12310,4455,6734,11170,366,19497,32806,35158,26991
1402,45315,40736,21943,10951,49600,44990,33371,40528,1380,44319,39577,2436,20974,21311
47964,8466,41071,48985,8126,32061,48236,19235,49809,24958,9489,47362,48766,29081,38846
31107,14252,17929,7843,1249,2635,13175,33173,40506,12270,11403,17380,44584,46073,42520
39117,6449,1492,4148,33010,42163,2776,33311,23135,50121,17221,37132,29200,37469,46737
10448,9495,22213,22727,32563,3302,755,13740,36864,26763,25368,21027,46232,19809,47407
34165,12620,36621,46769,13040,50105,43529,42306,3360,20219,27359,46882,17489,19015,8087
1983,36196,28161,33658,700,14783,24063,33273,4194,28228,6399,46398,26433,39890,47788
34220,3826,41681,13221,25015,39507,31116,22358,44351,29360,20945,43360,28442,48888,41621
16744,21564,6245,29637,35140,21462,13261,49582,9641,29245,23105,19068,20866,49111,38730
6126,40053,34168,48451,9224,30962,1583,21727,43066,37764,13184,47914,32364,35705,24115
10341,49623,42512,23580,20599,21189,24001,38768,50151,39014,44643,45195,37059,43054,3029
31448,48161,1843,14195,30073,18698,2037,13346,22079,17846,5570,25113,20624,20731,45451
25461,11813,2512,50684,6251,29093,48063,6773,29798,33601,16517,45398,1295,13179,20490
1696,28573,13316,10847,41203,6666,23417,39341,28988,12576,41733,13714,34237,12334,44201
38572,4884,39679,13123,43239,50748,19519,31879,33460,10138,21340,20109,33690,5396,6373
32017,17331,16102,22615,38023,25591,5352,10517,9973,25762,32888,10777,49720,43589,33270
14201,14591,26046,18412,25900,19248,2707,23053,3991,38617,18725,21044,45515,50198,28362
11142,32266,3861,10599,1020,7502,30127,42378,10992,14244,42610,45199,50057,34428,2861
38399,41484,31831,31870,50288,20160,2526,34360,50616,49721,15013,31999,50211,39554,24726
47936,12402,4224,5964,31703,23945,1556,15598,33977,1386,28202,40475,6308,1923,5609
12945,6173,41439,13883,44358,13247,11645,45216,26825,18535,17758,11811,24864,23367,47144
39212,46842,39879,27114,7642,32020,9733,37263,10192,48025,29013,7357,37670,45008,5413
19454,47917,26377,2172,43139,16447,43249,38616,16745,9435,32060,11060,10116,24627,3395
9971,9349,3496,50696,41457,23717,39590,26041,37926,38556,41868,37201,12730,41190,11360
29323,19707,964,45275,17199,520,37274,45920,1701,27144,41797,28604,21984,34635,16284
4810,46906,21578,5949,11974,3490,38247,34301,39546,14332,45797,14800,35040,42972,45665
3163,19679,42950,38741,40113,6943,4572,49797,43398,40496,8133,6425,10124,14941,39752
37052,21813,15739,4827,48171,1420,49549,16183,8072,45549,41826,16062,13024,5894,41216
3314,16446,8547,3370,8775,24463,49375,46451,3012,14869,22940,36097,22514,30664,3342
44983,4667,15019,20176,37057,44526,34569,17700,1607,11627,18499,8861,12052,18367,40618
33377,47367,9803,37701,21854,18160,32291,11334,28962,12633,39113,29545,24182,46252,3040
38152,44999,40677,32501,26709,19856,9359,32473,528,9507,10007,6749,4385,22343,20749
22180,10543,1264,4340,37902,9774,42435,8171,9705,48025,18646,11082,15061,48350,6194
37132,12205,26836,3207,5525,1065,49615,32308,7228,521,7927,41443,18171,23159,36025
25494,4588,27709,33265,5012,867,20580,26888,21442,43542,15355,28004,42703,49031,1585
4670,43497,3326,36393,6600,15987,45245,34084,31183,16473,42771,35769,35363,22059,36511
26583,84,12032,257,37035,25052,7431,47248,26532,40330,35229,48543,30165,42281,2551
11946,6736,9705,50241,39887,9903,12421,16828,33953,15461,1398,780,49537,26587,9898
45003,7599,47205,39454,31674,44691,32808,5311,47463,11702,35780,13304,8757,27034,17518
36400,35494,46340,34685,20993,33353,23063,4480,42021,15513,40139,43268,38168,12284,43708
31926,5492,28175,33355,34483,33094,4450,31401,22361,13188,8927,41017,47862,28040,43481
6985,50773,20982,38298,17974,7539,28235,47577,2644,37326,43706,30425,4383,13599,11848
35433,46795,49404,17419,4958,14467,6485,41173,36191,25031,18296,14572,10812,35689,975
22643,49020,34578,33893,50658,49994,12347,3311,12183,31603,47848,3545,26089,802,47285
13842,19100,7277,42481,4286,35779,40856,9401,416,27377,44049,17533,46259,7263,34545
16696,40595,39606,3450,18193,50417,30119,44508,21120,2186,25875,9506,20354,10326,49828
15958,44368,29519,14904,30922,27209,43053,18296,37939,36423,35532,45281,18543,14678,12267
9695,41679,10462,40114,18668,49005,2738,25849,12807,47884,11853,37203,32205,13242,16960
13037,45252,8041,35047,29612,42139,32963,806,41814,28599,27948,7683,16738,10292,13930
48437,15962,642,42212,28159,25943,28773,2378,4394,47047,5882,41974,41617,24591,20190
206,15698,11468,18261,1654,16616,14780,17599,11793,30816,3660,3268,32378,3849,45260
18321,23991,13932,37063,17249,1668,2083,41859,33614,28821,36691,1823,26857,18687,4206
31460,48873,50133,23372,38852,20381,1301,13728,4030,49287,44022,36498,31773,3070,3365
37615,14035,28492,35928,115,49640,8258,45438,876,38952,35074,32303,12065,43962,18108
22734,34360,6637,10817,558,33158,17896,31081,29070,27339,11164,507,41615,6322,42172
39038,46171,28359,15523,22975,49678,8168,8748,18156,7383,47460,49777,39576,26163,15073
6388,45762,9808,21846,22013,33378,45223,32571,44953,21475,4042,1863,20098,19692,27117
21161,37920,790,7180,29106,229,50436,33169,3118,31311,20853,38547,23903,44512,30718
1117,39104,14238,17475,8650,39093,13026,48840,39486,31537,43896,6863,17042,22012,12807
33908,23783,11016,21038,47764,35854,43547,37563,38522,42551,17877,10368,20408,36442,5382
1458,8697,28596,2090,22424,6825,39095,34568,50649,11098,15570,20179,1182,32121,4276
47215,9791,3390,44441,36491,49339,39726,3119,16443,35746,24085,3840,50063,25391,12432
27595,42173,28025,16678,47134,34916,37468,31822,22972,20781,33889,17741,25996,499,335
42698,22105,17438,8758,26898,50392,42408,12531,30591,29181,23332,15816,12689,44590,26198
31548,20155,26661,2680,23526,17827,39930,15463,20116,19859,19122,33945,20221,42085,47441
32299,1841,15294,50613,20930,49509,1504,47752,19930,6897,42527,41395,7092,34160,28614
34804,40867,18982,12240,24583,41166,13154,17409,44510,2047,40130,15777,27209,30330,25691
8764,46424,40496,16859,33466,44994,20844,48287,43210,6477,23837,38351,41919,35566,37293
18357,5062,30369,13167,32899,47403,23366,2852,45974,15577,45603,22908,2965,19881,30279
1055,41243,30275,49124,35814,17942,30193,37682,29270,17609,21102,7334,28120,36291,26213
3688,42134,42030,35894,1480,27588,36504,12663,17046,12479,8134,17536,45600,46690,9106
34387,29597,5329,14348,7077,32514,35506,945,44437,35929,49190,23518,23827,8122,18790
13460,18498,47326,44746,13048,45872,31536,49224,36770,38282,1103,40001,46038,4219,13556
33697,13721,49761,82,34221,43624,30041,40290,28929,15187,36076,27183,23504,44965,37358
8347,9689,13875,50655,2231,15509,42192,29509,15193,4073,42910,37459,23136,9723,19205
45966,20931,43857,43466,50691,27801,16304,15069,20265,7557,32159,46177,34052,17910,26264
42443,1200,50172,42323,21651,49145,44765,39903,22984,43338,23446,32020,35232,5655,38085
10432,24240,30921,40328,5839,16687,26160,19007,13473,18820,27652,14539,38228,7994,49351
10462,2514,45331,18776,22090,11343,44900,9834,22726,36434,46467,10796,30186,31231,1739
16621,3384,42115,13424,17345,26518,28596,10872,17562,46213,34348,50243,7212,14391,889
48814,39226,24657,31122,42202,22319,9599,13273,40387,5859,10993,30220,3536,22915,7120
25841,22066,44867,5631,45998,44819,2567,32730,13173,49220,19108,18669,47471,1722,27000
14381,42005,23264,23578,15047,2231,11334,17551,15922,4883,4909,45192,3719,34754,2325
37848,6917,41701,37211,17613,30388,29715,49079,12259,7460,22697,5933,46505,6819,41508
41542,32971,41208,47731,25467,35327,29764,15379,3408,16094,36231,43733,16060,44849,48832
12330,33872,34738,17850,31206,19821,24397,11252,49624,37038,30192,39820,48482,5296,3278
14151,40902,25395,49015,5270,7201,39262,17342,7011,34151,19125,9938,41956,676,36658
47926,21382,7682,18696,48521,649,34923,9189,36460,1165,48445,17868,38497,47705,40193
32760,35758,10343,45086,30616,30627,48306,15797,8826,36986,10092,10287,37884,22171,6998
48117,16497,6226,5190,33829,20632,44346,34345,27209,40747,48796,3152,3957,33988,5944
3557,37339,36338,15886,30355,18216,38851,25419,24342,6077,23708,20271,6955,27182,4685
39656,12060,34699,45101,36483,26646,4113,27152,8596,3460,9225,31699,37929,30034,12638
34412,10695,22123,37127,6165,49789,42705,7447,16524,1422,36471,19678,6549,23179,24523
4716,11585,9600,16203,25253,28352,4439,6511,28499,11903,9562,10351,8926,42271,11461
31314,4728,36907,28788,32053,25958,18002,709,34290,12481,40751,30585,37992,30242,35154
14149,45558,3645,2491,43701,35234,21314,11820,38129,43906,20181,8639,18175,14191,14673
24050,44793,24173,47509,13440,50880,1290,42465,15809,24207,12968,40303,18799,4714,15777
2093,12013,11558,43134,38746,31508,20160,34397,552,46875,50032,32541,14406,1173,43242
35226,38787,21711,7899,12275,14841,23437,50599,10968,19714,4422,43810,38464,49188,22
9803,34976,39205,46999,3567,50083,14430,33110,35038,42806,17233,4160,37164,8252,25029
43575,24002,49542,6042,9048,35531,16935,34493,25602,40027,48764,13442,30823,48888,32662
20501,19387,11812,28229,2088,47760,46697,38014,21945,39569,36584,35962,2135,7531,43023
50109,3906,45158,13610,28570,40311,48984,13928,37206,17876,14544,20165,43465,32289,9673
36376,18003,11609,31977,13499,48184,34639,20573,41999,26153,40983,6326,49794,38803,9281
18354,7908,3510,19649,2135,12892,5003,38445,8706,18130,34239,49499,27413,36726,720
40523,11228,39194,8581,12530,5993,12441,25234,27631,34646,5116,28018,34306,48034,9894
31220,35057,43201,22399,45799,34008,50164,32750,3139,45970,7231,23135,38186,1335,23561
2748,43328,39962,9314,5154,25662,1659,48064,17801,13632,2496,10161,44308,3411,28953
36243,30093,36263,42432,17495,6163,40355,40081,9514,860,26827,16267,43841,23943,17666
19891,33620,29512,21241,21569,38486,2181,45648,42122,14670,16758,3450,6093,1087,4977
45107,10483,22255,20213,27076,23900,29366,26584,28061,12440,9606,1957,48565,43257,20820
47681,30769,31381,39793,5072,40044,42472,47421,8419,13457,48871,48563,32952,16803,25767
23816,38729,31381,49520,30916,16316,19693,46372,45859,17100,27481,15441,31418,16716,10139
29945,40954,19867,33276,34916,28948,32788,15350,42081,49918,12644,39298,4392,36697,8545
5610,22296,69,30788,3727,552,12572,27279,14150,36904,18567,8454,12245,251,19293
10535,41120,30612,12513,23425,36644,27225,42987,50616,30838,38319,18901,1256,49018,5521
8948,29394,39033,9229,23245,32910,41149,41372,46801,32156,11933,48534,26501,33444,5989
9313,37959,3755,11442,26949,18872,17611,40982,10723,10072,47825,41646,44594,21189,24043
29788,17666,11810,25662,38936,45783,30037,28901,41585,41615,1751,11879,18361,21061,33881
39811,4249,3882,9123,23737,21982,9187,33511,6007,33219,41918,35420,5746,3528,12388
30390,42818,34691,39808,50066,10383,43306,19900,23788,5461,36023,13792,45236,15865,6545
590,26879,31012,50506,5327,3628,6828,13595,46782,1134,34872,1438,37097,26473,32017
29061,17810,35621,41733,18645,39024,35836,6416,11418,50007,13544,22175,38509,41048,48242
38064,42355,4117,35611,12523,31885,15292,41555,35625,13108,46532,37135,19514,9897,32065
34862,16160,45296,29485,3472,24202,46062,29190,22881,39816,18954,13402,2746,44395,42545
15236,41533,35796,12086,31326,5850,2154,7438,47789,48829,19241,25935,33498,25732,18919
39685,40622,29122,35858,21882,19442,16641,50396,2341,41860,37686,34800,13495,17462,17802
20160,9857,5985,6045,38040,42937,6148,3434,21219,15202,46854,15989,33424,49352,37242
26480,47512,24554,49200,27127,38594,25449,10116,41757,17702,1558,23750,18365,16007,24974
40787,104,785,48569,16483,14297,19738,25816,1462,33479,40204,27128,42163,3400,40854
13293,16019,18185,13205,10932,28811,964,47083,32569,23050,29892,260,6504,14972,44955
42466,26458,10748,48286,35336,39256,25519,29837,660,22975,47988,693,19791,35249,30644
44776,46055,31945,45076,49804,13316,33824,42543,16398,44220,16869,1174,16164,17961,6726
39529,36336,37834,47241,43436,31412,2493,44502,33228,23352,28649,28545,37268,29611,1684
37249,39668,364,37993,4100,47140,16132,45426,48439,4538,24819,1610,13761,31377,19727
22375,9220,19225,26129,16605,12269,2467,23465,46892,24942,287,4484,35951,18015,26404
41364,26006,20154,13474,12822,47991,17557,2050,6152,25091,19269,31815,15037,22829,43451
6045,20569,42343,1557,33821,30228,40404,30075,2165,44295,40112,46728,3065,49367,33965
30406,20666,16944,15846,1564,17528,46027,4105,41710,37285,20389,33263,9515,3463,5895
6659,16860,13639,42832,34549,43614,34691,40624,14519,6163,28644,25529,9058,41823,1885
31709,36091,49128,24502,4059,4634,26001,38265,1639,10914,36125,34048,37650,30964,21123
32343,10509,20320,15549,9696,33348,1286,41729,11351,45525,27806,50216,14213,38239,38676
7873,50776,38403,34573,29182,32418,31220,4159,40740,12813,24331,45631,18208,36628,41730
41744,421,5632,40221,41900,33830,18675,19985,46505,46180,7055,8755,8696,28202,17338
21794,45249,37896,28021,44685,30271,18423,34563,41095,42697,45781,35883,16336,26223,19966
7209,12684,13631,17914,38032,48805,20604,12576,16349,30902,29955,17427,21152,4859,50804
42620,26554,12216,49716,29896,36442,12845,50678,18511,28946,26548,27984,27397,29335,48387
26779,27795,39362,41697,8023,3655,20499,46748,46910,13859,31987,17510,44722,21351,2402
20944,26255,16053,24054,48961,24532,3587,14212,38069,37522,44855,40896,40853,45565,2186
27854,12260,24813,17311,15379,34848,14483,18253,18486,29762,8078,8214,3964,21843,850
46026,29490,33143,3216,35726,23307,8129,19314,27770,2719,20891,21725,3854,36123,21948
28603,50822,9236,18013,10440,10570,20636,35334,29504,23004,16310,40107,25558,10873,43292
40364,35060,37069,50594,23675,7574,2941,50832,1384,33507,37441,10628,9742,14841,33060
39885,3332,47054,33494,34800,19579,34540,1341,12640,24012,45901,11994,42465,29814,39019
26970,34109,30498,47457,46026,33306,50307,32727,40005,26004,1306,34127,32928,45977,30572
25632,19877,12575,3603,27473,9352,16853,39835,17974,2046,43019,43329,35049,34361,39597
30035,46841,43198,1002,39758,2319,8677,33539,38805,42888,49015,23858,47364,5774,11684
8798,33960,31950,12467,41997,4631,2306,42713,44415,30364,35540,31420,25185,2545,21834
22595,8676,43127,4836,36266,12941,35081,25751,35334,24171,30890,38294,16606,15657,5028
31156,1634,24841,46023,24175,7960,48511,18517,7748,22058,17097,37647,45643,48291,11564
49147,39585,27644,5336,36686,3858,49743,35878,17011,31175,10171,29971,41732,1271,3745
12975,34618,36671,31522,9039,10895,7455,14559,14168,45246,28997,46824,11458,26913,36133
14871,50418,35347,44331,41134,6187,2271,29244,27270,39973,21408,2205,42224,4528,7396
4465,3308,1357,37109,13503,17247,12365,18367,20153,16420,24921,23366,47946,43975,33827
15479,44210,9640,48547,17595,7729,29876,17493,8060,30005,43326,40844,23041,26194,30427
50560,656,40986,21212,38757,39148,47136,31720,21197,10676,6429,16150,2338,10819,38190
42868,13180,9856,32061,11313,1863,12258,5353,25952,48412,9956,14163,43451,27248,11319
25726,7433,48362,3509,24871,27935,20225,32755,43185,2828,23987,8852,43287,15308,42933
40305,35314,37100,43796,32799,12047,30795,19994,4491,24018,14073,33146,6652,5206,22208
20095,25798,12363,43686,11640,8210,1776,17558,39113,20235,33179,546,7807,46628,24931
39402,40867,20503,36930,47361,21458,5165,9216,44272,21683,15751,47707,11245,20642,26091
1974,39506,16534,50143,3669,12659,50883,5601,15049,35202,40264,38814,21476,22563,27707
23365,13875,43845,20601,48959,17583,22877,45971,5394,8520,23407,410,37160,43181,10200
33585,19276,32862,1516,45016,49660,23447,19621,37550,46697,3607,19731,1377,25935,17392
22033,33015,21624,50317,43768,20230,24186,48040,24338,10421,43548,45211,39033,17036,23414
10934,43222,26563,49090,34895,49734,4594,9406,10655,25662,43463,35987,2272,25867,31013
11069,32213,21056,49296,23052,50805,19181,45983,24415,23342,32159,46816,11393,22606,44924
5694,50600,10977,37742,1970,40120,34459,45538,17998,8264,15355,13801,35390,3305,30615
47610,22755,27088,34651,14425,18506,16496,33262,5099,30486,36498,45003,6778,38955,39758
5980,35569,13038,20252,12421,23040,11888,42282,8489,10397,50887,22483,42459,45977,38989
19873,2105,7716,45779,45062,17435,22961,45438,24388,4881,44065,37889,5573,2808,992
5828,41408,1975,47856,39819,50102,967,6697,25158,45795,26083,23427,14700,590,14303
26896,20476,7106,25539,17737,34720,47099,25258,40844,23098,28517,19897,44477,5329,10885
6925,34275,12359,46836,1062,22752,37313,49576,38566,37229,27146,20415,21854,10391,19661
7439,1128,24686,13623,8385,38465,46081,19652,20891,2678,2921,21841,7599,40084,5192
28119,12422,50026,7496,48948,35339,46859,47194,622,2472,5028,26826,34443,47815,12745
2871,39762,47638,1459,507,43669,14495,17907,21811,45057,10326,32827,11858,30605,24907
25374,40652,19166,11986,33867,1421,12274,44684,33121,34711,47479,8643,1262,23656,39118
32395,9177,4443,46737,49669,46743,38530,31047,1060,34761,33758,36859,38844,3361,6361
43442,30047,2195,26797,47396,36635,25077,22216,25859,32386,32171,22629,39562,5868,4143
24133,42709,39641,50430,34920,10938,2219,23924,14904,14514,31789,32279,48706,41248,46734
15644,36893,28974,13874,10210,46512,36535,29722,6109,24285,45233,29267,7563,2567,12151
16490,23945,30224,2258,21765,24666,34537,44986,3910,38957,41501,46561,48865,21740,40113
46759,30985,48223,9369,9516,25471,5734,22773,50822,10943,48550,48020,46404,877,7815
19531,15545,22754,26973,49499,9474,14237,12504,41206,22279,46458,34258,15073,21928,35965
34825,44026,41816,43488,29201,39182,1549,42501,12912,40233,43935,6805,22357,43578,42593
24952,14524,46854,24940,14090,13352,26470,33376,23165,33900,41969,32709,6282,3803,38536
16392,3260,39785,9422,9088,23718,30251,47737,5777,40148,30840,28979,16844,25376,14314
38560,49775,36793,1039,26426,27352,19313,7413,40434,9047,34747,25897,39731,32976,10428
49377,47323,28365,33188,10187,16230,21220,9803,29084,11648,30124,14811,10738,2530,12552
46648,16897,17595,31248,35859,40596,3715,49184,21945,40574,5533,8819,24031,34373,47326
27722,4909,48873,25994,42683,16890,38044,680,43936,31129,8772,26898,35349,49398,44657
15374,24967,25748,29495,50787,4360,8107,45232,6082,41119,50521,45925,1991,28676,17611
44246,26197,45555,8301,32095,21124,5836,26988,43278,15671,16306,7529,21668,19462,8671
24621,18294,12434,4679,42641,27954,32230,11883,44301,29885,21141,14129,42353,24009,18950
7377,43835,31375,20511,14674,22583,42442,44046,13929,3830,50621,29650,4341,27629,28836
41,13207,2686,31909,30683,3572,46614,18687,43845,16218,42833,37621,29640,2082,3079
41664,19229,6943,25029,25305,15432,2882,23698,25416,20699,49644,9174,35459,45952,45565
44968,9703,44103,8993,31676,17999,7347,7956,48998,40534,36084,25254,35738,12831,14625
981,45888,29898,42179,10575,24739,12357,25910,33693,18569,43049,36060,4055,46855,9862
38379,37167,32522,26556,20846,22395,39400,35200,31971,45968,25235,26292,3409,1658,10104
33550,23369,2863,3715,10966,50863,25110,18948,46322,32598,7393,1016,4139,30155,26887
14424,45825,41091,14053,28579,1676,32274,13489,2314,26340,8971,41667,33510,30120,35465
21802,1676,39536,26520,39892,32152,11686,43772,47071,1841,48037,1423,19971,18934,2924
13552,17906,13800,25845,21352,48478,10023,26216,12688,136,15244,18310,48163,26641,27678
41928,17861,47146,44700,6995,20081,21125,31059,17913,7231,50512,39243,24498,19835,50532
6086,10642,50586,30363,13559,47430,29477,34484,4815,750,20415,46614,4484,38696,38466
30855,14608,14779,15005,8279,9738,10782,28935,29357,16395,30671,26531,34780,34707,42504
6336,14876,37015,14475,25566,46817,44055,46349,19025,8551,43909,41576,27441,36836,4396
37879,38328,3412,10452,36344,10940,10781,27540,42211,46662,47805,3538,28737,17588,21438
45015,33206,10538,4832,39362,42381,48308,17321,32210,2126,2707,43148,13184,2494,23985
38109,8952,37618,47484,33948,17409,20094,15895,10474,23248,17341,18873,22600,43131,32345
24236,43166,11630,27153,11423,44886,30896,3961,1393,14057,43715,26896,24710,39375,21478
29571,13079,14746,20924,48621,49022,34149,26966,13258,2120,17743,29121,23307,43043,30002
5889,50338,50423,19264,21528,22315,41922,27903,16944,20516,27912,38922,49940,23369,1124
41517,21361,1155,15633,449,4165,4861,26357,18814,22457,39383,50046,23334,3193,8595
44627,9978,50442,24535,25556,39621,39879,47308,48212,48025,49220,41675,10670,40743,15056
2983,28305,23056,45147,16693,31711,15200,4005,33275,24480,26856,25021,10743,37005,17105
31968,3117,23365,10517,26413,46734,15544,49559,8794,4345,47010,5176,14225,12623,39568
20381,23439,4334,28176,23199,12487,18867,7962,7319,23986,22132,26557,22761,36515,29216
7642,19677,8095,25206,16136,25350,29556,23702,32909,43514,25394,40831,20898,44515,27585
28423,12457,37083,35820,40708,27726,14100,43080,31088,49635,44024,21637,39066,32221,9825
47299,30215,3801,8668,19598,33636,46136,33648,39997,7452,8441,2470,30267,24129,34356
15549,12761,45453,19978,7557,3662,33577,49440,36480,24746,37190,33385,47123,30364,44045
39777,20484,31153,6219,14749,37131,9343,2224,1627,16633,41570,35056,26640,1253,35071
47744,33359,42276,6857,1568,46622,31223,45618,14912,48300,43348,27193,47783,50372,9803
10243,41428,16402,5521,9116,28257,47839,22495,50149,27272,40223,44587,32367,29950,32373
11639,43175,40645,25696,33601,35334,1805,14168,30120,50304,1143,46140,18549,31860,29036
28675,16855,33183,41164,39436,42991,30615,6868,13454,47621,22267,4509,34801,15928,8299
40403,45363,41490,1156,39111,12215,33343,32899,20956,2717,31131,9617,1031,40576,44840
47387,31140,23848,38595,26315,3874,1975,5019,800,7751,23067,46748,17552,34625,36412
133,42647,39501,24424,17669,27995,3933,45349,48873,11541,23861,1434,17504,38553,22815
13794,23521,31357,12844,6940,2176,21265,49106,24713,19223,45274,28836,47174,25707,11224
6069,18270,38698,20248,7668,17558,50666,17320,40653,12289,44910,27285,29478,12659,38108
29099,39125,48225,35038,29743,19349,29763,22313,39894,5166,30299,32323,28333,6028,38071
39304,9906,11830,49309,22308,34515,34965,5472,26564,37560,19173,37222,12850,45732,30575
229,18320,23990,24946,1663,16417,8763,40672,275,26121,10215,1007,48545,4573,23794
28491,16588,29212,44655,4817,7403,4558,9227,33574,22357,44395,29790,50675,49709,49959
35470,31625,37257,46442,21688,13706,20059,19919,38987,9639,31090,35478,26252,38408,46624
11615,42039,28651,12480,25853,5118,27094,50718,45757,2953,7235,50852,21319,31509,45140
32262,23232,46152,27409,34132,32327,50174,4802,35772,1043,7878,5614,49359,21418,26475
10706,2680,2461,46131,15133,27583,7421,37363,42890,45821,6747,1341,41365,313,23565
19870,42601,23712,37101,49834,17542,15238,10540,26487,4914,31411,6848,3624,48168,27535
40357,13106,10916,27806,24180,26383,49175,38469,42890,4525,36836,5641,329,9763,31604
1660,16781,34919,9830,41654,47246,45373,13888,6920,44222,40502,439,19221,35657,26690
3324,19892,19606,23423,41495,12154,21928,7519,13584,26007,23237,4850,45374,1593,8617
17755,48825,48897,42456,47498,48741,16451,7803,10890,19681,19014,40478,5152,39453,47686
17604,10222,25643,1049,5924,46883,44832,19656,29759,31419,23081,10859,34453,2523,43156
12711,24278,26561,17941,22754,7838,26501,29960,36164,37475,49379,35726,19802,7850,50535
25033,39165,37906,16195,16507,35675,12735,37590,30322,26827,6518,2821,25490,35017,40072
48268,18706,26691,17107,43223,50163,45496,910,21887,23071,20577,31922,40058,28920,8267
2192,10596,21253,15013,39354,46586,42888,8173,16891,9373,37329,42359,41722,12819,28071
31973,31648,40468,34101,28166,28162,14501,6267,23140,9604,12658,24931,17216,32991,44891
26476,1626,34591,3610,23183,41641,141,48364,831,31123,44548,12319,22906,42382,42111
20732,12134,40339,35385,10381,13906,47106,2812,11886,14135,43136,6710,42819,38311,6749
14662,15550,43111,27536,19977,6669,3736,20436,37727,37015,33886,31507,48339,31792,13267
10922,17283,36670,49759,42910,26125,880,26983,36682,24952,40710,41542,9079,31057,4751
28173,8733,10302,5833,32748,23260,22635,36848,15908,50092,34415,16332,28299,17877,50125
10136,31093,21645,16385,10852,47054,14993,44580,42080,11135,14182,34705,43546,48819,18482
14714,12914,2727,27326,28651,4755,17735,29601,17498,10377,908,47248,45120,5298,42345
39402,21013,50277,5984,10616,36646,13498,26662,38706,38589,3071,24341,14456,5435,45708
3781,1960,19577,26403,32844,4712,31014,19222,14615,6273,31439,43801,11791,8197,16372
33194,29338,34913,2817,44375,44258,46800,45024,26284,24720,23288,29260,22553,49169,35820
43877,38152,45205,12064,21173,28733,17547,11083,36764,3016,12169,3713,45810,18796,24201
3444,26914,29036,29626,5914,45277,17679,41679,19554,20546,29814,29954,49601,12176,18371
34610,40318,19652,13686,32974,10713,22253,31144,15328,40615,49940,4726,23178,40017,39286
44623,27270,11325,35681,41888,49637,29427,20123,41891,34728,14864,34823,6306,21591,20112
29751,24996,14916,25928,16112,6015,26444,37594,536,48184,27250,33751,40264,26285,12088
12979,7268,7253,16810,36824,40691,39916,16310,1152,49076,50194,43927,1832,48087,47608
36394,39042,11793,4120,38792,38261,49700,32696,31796,41135,5367,1898,25746,7503,32482
33141,45750,15803,5869,8704,35287,2131,16597,24927,30523,9449,49447,35,26769,34547
42279,3222,36606,36006,27098,24403,39806,46878,21372,9465,17559,20401,7519,2803,38876
43691,19615,26416,39733,10042,11747,34120,10526,29724,16201,11883,33449,24187,12260,23918
25510,20914,310,30314,25681,21952,20490,43127,44185,4301,8327,4945,37505,37479,9779
21670,42538,17202,13610,1604,18319,49481,20008,37749,31032,14057,25506,17992,1668,12012
22247,29483,9591,40305,11456,40255,21324,34426,35731,15861,48931,46372,30739,11232,7313
47066,37520,50490,41398,11656,11035,4750,40537,8496,9401,47181,11081,1131,10742,27346
1716,5968,546,6094,9336,38584,17208,31733,16147,29671,20773,39182,17356,43961,49311
10264,24154,46189,18885,1509,7347,43140,9327,19564,213,13036,39098,27206,9707,28191
19954,11270,426,31412,23587,10602,7071,4702,29377,32736,49427,48536,24903,32212,20172
36856,19278,19400,44723,3609,29601,20879,36870,35447,17666,15902,12121,29754,7884,17698
3224,42388,42734,19034,558,2486,44852,46003,45369,12531,40840,19506,2083,41053,34461
25987,28911,12584,29066,25645,20688,21060,48892,19364,3646,16162,8036,30283,46891,1923
45830,44405,41343,13636,6689,37888,23718,21205,5740,10124,31542,19193,43198,8366,17889
37631,37289,31633,43455,37903,21473,39046,30050,14786,29653,6626,37520,13385,24038,1218
1794,26424,470,30933,34912,26340,32723,45047,27238,24063,45329,30027,38448,23240,8256
26945,37005,9477,22028,41464,929,12827,42391,3263,30143,33508,11459,21356,31473,33631
45998,25512,25025,49827,19726,3544,33974,9676,1015,10027,36394,32477,22147,37845,45749
13340,11522,45644,38191,41214,15419,10934,32214,514,44086,37414,40714,18529,37220,1188
17830,1294,23464,48083,13958,4291,32269,37449,42313,35162,21146,2344,28994,41456,22484
39020,13037,243,10991,5563,12299,44592,6807,30220,47816,9541,27877,16585,46823,42318
273,16901,45795,30377,1954,32066,3050,23027,27506,14181,18915,26029,29472,39501,13985
18076,1362,34136,33020,16426,23110,50837,1994,40761,26006,47796,8979,4558,14627,44751
21731,32584,45055,8888,18977,19278,35646,36964,48737,5736,49371,40404,19476,23653,7683
27885,42302,7944,13554,19035,13761,20715,46990,43257,19001,4864,40907,34353,46966,35181
16464,29498,35720,8411,4521,9070,27652,18166,22323,35761,2945,40273,37949,5161,38429
19668,8771,22017,15542,38854,39628,18501,12596,42402,49602,39485,39820,46553,7862,36609
46883,20320,38774,34086,15017,14234,8257,33001,7755,18823,32794,25090,18755,34945,1432
8224,10140,25289,32208,26000,20343,47368,1951,33635,39689,45630,22958,15927,30565,10199
21761,11249,4447,50533,28806,40624,40143,36505,3241,1246,28403,33713,42417,28111,29575
11051,17500,41275,3385,12053,29589,19643,33356,23595,40119,34276,30173,36268,26311,50514
11624,15954,15641,18375,37923,37071,2347,44888,1923,27074,1116,5413,37682,22091,34701
15772,34285,21315,5977,47993,6003,37413,6930,16846,15892,28811,6877,26331,25903,35711
5214,23600,5337,33093,30521,24064,23879,27043,24974,50767,23597,22770,27397,1563,8030
31265,30385,2737,20251,37361,8826,21602,11476,43652,19960,40874,6851,43938,15564,8556
42785,6728,37752,46406,45246,48760,523,20839,47525,15889,1428,31914,39031,2305,13879
45684,42656,26616,9094,40999,24394,12688,29370,23251,35800,14901,16619,44038,34159,8346
33866,16010,9282,12049,49397,42308,38605,28694,23917,23415,25293,2747,38670,1963,11447
44909,3416,41269,2738,6015,41871,27758,5246,28172,22148,14609,50062,655,36461,25780
43768,29105,25559,4610,49990,25392,41821,45108,29509,540,15957,33403,25547,22716,22473
42513,42910,47211,6025,10180,5638,29496,47949,10336,39872,17294,12355,18269,689,40268
29521,47239,30212,40067,2184,6376,16459,5921,34964,45279,12910,50782,25900,11115,31909
18546,26416,50133,799,36039,37159,37559,32893,8243,31210,46941,31013,20855,45124,49528
9753,49762,24709,19407,49732,20062,20546,45673,25238,24662,14846,32266,10859,4780,50516
41187,15007,330,19127,43458,7068,45996,12897,20640,17716,30491,34592,20040,34057,47778
43845,4567,3911,45703,6176,8838,47904,3158,39897,30289,47414,5241,248,46196,11901
39699,2446,44531,40742,14390,46423,22143,4784,48067,17178,26311,4513,26877,43324,32337
42656,40020,32702,29568,27142,11824,14892,4937,50739,10939,7751,14702,26040,45403,17158
47682,15327,26932,23750,10296,5338,8489,26777,4188,5927,44471,41878,10426,46651,10166
50329,44996,30840,35300,28594,35429,45827,45645,2790,47413,32149,26115,10236,18090,44878
19590,18105,20854,41891,13936,32446,5746,15197,16846,28622,36587,26312,9971,41769,27585
31201,29791,18596,46447,19607,13058,5212,36487,47720,40093,44637,2037,30842,1291,23306
1389,43955,48438,13393,37895,34667,11604,15615,20134,48108,34101,38442,8327,21823,15796
43103,15388,42682,50736,8345,47752,30852,31389,43909,11938,3295,42862,34588,35478,37571
34939,31170,38883,6280,25855,50113,24266,36069,1356,29669,29468,4273,2690,9608,35965
43691,27197,35532,541,30655,2422,35289,49399,12861,31836,33919,47127,37564,29506,10185
23389,38106,30220,447,38459,27640,33907,34229,8609,43444,10665,47302,10819,24585,20959
38799,26524,12639,10442,10905,11382,32211,12340,31927,14401,37123,31644,28600,32311,6556
22027,28082,47066,2798,8761,48788,20657,9746,47968,27783,20228,15497,11074,4817,17629
18449,34754,29840,19518,1011,37938,48741,19521,48826,16517,17562,5821,29306,11182,7946
18529,18943,33123,32643,19397,2453,9423,4685,21529,28114,16652,12784,8457,43709,32134
41454,31230,44840,17937,48042,30277,36056,938,24364,901,40314,48334,36433,6599,1893
10345,36106,16606,39295,14701,29064,48393,16674,3896,11472,17371,39555,40966,16885,10415
4624,47225,25461,32045,4313,35816,50679,44986,10427,37437,34304,13001,50584,31675,17296
8623,627,37460,44034,47958,11387,16058,8590,20452,22376,11160,28700,10972,45074,50271
16087,13151,16850,46454,25688,7874,26297,2955,22002,5476,32529,3991,25054,28567,35183
43873,20695,32858,33137,4872,7061,5973,39835,48721,427,32059,38889,39148,34800,9851
5620,11229,13522,16198,40988,34417,9847,1990,19080,15902,10318,49399,27153,50658,14191
14392,32956,24065,7771,10512,29361,30765,42141,29401,48007,41147,3896,46462,50200,11849
17741,36845,6103,9468,24407,45934,4152,32921,31401,23322,44325,47875,28259,19853,30769
31499,13907,35445,23869,50694,16196,1831,9858,35363,21537,21779,16616,19145,26247,22601
7492,5739,44068,32890,821,7319,13554,36570,32830,35673,14331,50513,44508,41442,8703
30292,38387,5276,26626,12439,23384,11386,7115,25173,46609,43097,12398,33660,23674,48880
9085,39746,23832,48696,40712,16001,14841,18575,15155,46584,42730,42088,5028,39513,41441
26972,40701,17672,24415,9045,49070,47529,7719,40070,21743,3670,24805,2826,46722,19077
10271,30304,42529,23158,14877,47027,32184,40308,23189,1615,46117,14457,41,2168,15293
4837,9927,28287,33266,41402,45272,1555,17693,29919,2114,24318,27793,49872,49662,27980
28272,4477,9335,24476,20010,49253,14586,44029,15206,36085,41403,48360,26937,10233,23082
8269,11097,46733,31464,28105,50429,22500,40075,43422,33418,9040,25697,22828,28338,20293
4971,2695,31976,4660,22371,48142,27260,42785,32153,15561,13873,7667,18879,18961,31565
34315,33296,15190,46575,5365,48491,4161,151,33008,20749,3215,49945,44496,31302,2355
8114,2704,12127,3700,39250,30282,42269,46318,49102,50019,36563,29363,50799,7289,38959
1226,26583,10519,13154,14413,24907,46316,14688,40072,8076,11349,39213,38324,35919,46650
46400,11843,50360,42281,1696,15010,12279,5313,43004,26865,21278,48429,43729,10324,11694
25178,44669,2434,8478,36329,37644,2638,36297,23011,36598,46526,1659,18835,8352,32576
47496,23951,19839,39198,15133,33365,27416,8889,8925,20095,19972,26583,17763,20813,45572
42524,434,32098,49113,12326,43612,26214,49642,29202,18058,28506,45602,20457,46879,4300
10734,30128,12617,42456,10818,30645,3574,44409,18047,13617,47233,18150,22074,22988,21434
27992,39808,38343,11226,45618,30827,1440,46679,25084,35983,21145,46675,33077,24816,29935
20910,28377,16189,21181,36528,25637,24287,1471,7866,35760,18272,34840,19645,26630,10761
4752,31891,15561,17452,15374,31587,38256,29932,24163,1594,30340,48065,9322,26872,31486
29317,50125,29692,45833,3839,21974,9848,22979,9416,33191,6263,23394,41153,31436,43971
31042,27677,23571,26532,25772,27578,9102,11535,36450,27706,19194,12291,4928,11573,49978
38428,32527,36096,39755,23616,26836,28102,16777,44430,45840,26042,9421,36443,45940,28575
22623,32211,17846,21013,8005,16104,17907,31912,8296,2955,1102,23836,16747,21870,11068
19455,26471,43181,4558,41948,38232,23319,22288,40603,39993,27037,45736,25585,45272,50151
22130,7147,43253,43121,3653,37135,36416,9450,21568,23211,15952,47879,30867,8407,15015
48125,3064,9735,33748,21296,25176,26916,837,12794,48949,21783,19556,20421,6900,20039
27384,21014,12433,23734,38135,14011,6307,33277,3168,24205,50777,4309,47344,43947,11368
30531,19043,6796,28075,18459,19294,36708,10687,5051,23404,26620,3326,9701,2298,44640
43406,26158,23650,23956,17853,34075,28921,5405,50367,18995,36997,25521,7079,22406,21006
7266,25252,10752,22780,24006,11064,24015,33770,34694,19330,27384,26041,16670,1842,50531
47580,10250,48595,22677,34014,14528,39429,47301,47299,33572,38192,3806,12373,14715,12850
12473,31068,48678,24238,8389,32813,17221,33476,46947,19982,49294,36956,32254,9098,39396
1609,20439,37054,1340,13842,19959,1821,44657,12263,41883,16245,19398,24203,26827,10199
43898,6910,12747,34379,5041,42530,11027,257,23319,21681,46389,49146,50110,8279,12573
12628,36425,42939,16471,30514,32119,33223,19051,6518,48034,41305,6265,12227,38766,46472
38097,41461,40798,6218,7653,21474,4038,49040,29606,10352,4411,24907,28747,11133,42154
29589,46717,48936,17709,19927,25692,28194,28406,4387,26751,20181,32293,46186,43584,8261
18225,42132,33489,19463,48362,43099,1565,48537,45147,50588,1396,6970,42538,29085,25710
12826,3173,46794,39143,4313,27588,19882,18783,46010,9542,3218,38039,41473,44113,3495
30636,9508,29408,8141,21919,20657,20576,38827,42730,22991,11508,9359,35510,21004,46731
32158,43111,49021,29663,34531,27666,18616,42677,23023,29482,4315,36326,43101,1798,13697
35592,32618,14309,42514,25338,22327,17473,18058,45813,50520,37444,46293,5032,240,38392
10279,26396,13274,20536,31544,41094,29406,5695,30001,40947,69,40019,37528,48412,25012
34287,40659,30995,26562,25701,46538,39995,42039,23678,40242,42680,30291,1433,16572,27823
43627,1138,32683,32355,30227,13323,45420,22064,42072,45776,26962,46197,25966,33893,8232
27608,14461,37967,23221,49819,29636,43559,4418,40953,34060,8242,20610,27591,45793,4665
26823,16079,17884,20481,2576,48987,43523,15356,39426,44038,41398,17351,15922,21482,7865
21302,26713,38691,19089,20899,29418,3685,38761,20193,10389,9523,34449,30999,44610,48917
45132,19058,25109,3095,5689,30317,36553,5739,13540,12763,8458,11514,42976,25007,16926
42663,4730,47440,27025,28094,42710,26227,558,50295,23617,8870,25819,31760,21838,47793
35800,42325,2435,16795,18867,44988,48791,37231,21595,34980,39827,2255,12182,30855,14716
23938,3953,1370,39723,30136,40228,19065,28731,49709,33242,1898,1277,34341,28426,47037
34007,36887,30583,28354,41395,9638,10986,48872,6405,10,30835,43505,32148,26269,2971
23862,5200,18439,50901,19218,39040,41771,29809,24928,35043,46723,16912,31899,19982,42867
6166,24850,44848,8234,32764,42193,21406,30654,43900,35533,38774,47064,38126,12794,21187
21319,49879,46182,11244,38784,44812,26905,151,44140,20065,13527,33884,11756,14556,48525
45384,41876,30953,43873,7990,44366,46467,22724,24249,1767,28971,199,32673,16570,13989
27633,13176,45918,44625,23523,15904,43031,36055,15801,25757,17636,7162,41274,47828,3012
4431,41406,33540,225,27965,9580,22458,48579,25675,34473,46121,9050,44540,19553,19107
27587,48028,10306,39483,4338,16048,30319,45138,23133,39386,18633,24743,9262,26996,25068
1157,36233,17996,10410,7462,36070,47180,16628,20984,1520,32994,15627,43467,7006,25470
43130,16904,13222,32427,28774,35327,3377,18179,24053,33519,48145,22467,38971,4278,31083
16870,30879,47867,24546,36060,31870,41910,27216,6956,16205,37526,25515,39203,34155,3925
10262,24293,32081,27072,17310,22653,1268,20463,4861,39543,46744,24490,3253,26344,50432
20414,5891,13054,33723,43834,49673,11602,48560,11123,41077,28943,33285,1899,37500,3578
34524,2103,6052,43435,45346,42282,29735,8981,43242,6506,33539,11071,15102,35659,41246
17279,43281,8202,804,1973,35836,9935,4269,47180,17167,50397,19981,36207,49777,20465
29744,6897,26268,13997,32691,26265,15130,6048,17918,1683,19532,16369,27262,25146,18386
16650,33183,38308,43136,35883,28661,30374,3901,19019,1554,2060,50697,26755,46256,13306
37097,33282,39384,44790,36443,29075,44321,42241,44959,47218,10214,11878,2237,45017,29556
16505,31208,434,15176,34763,28133,50059,30632,24468,49468,6629,43805,38194,27419,13523
16497,36125,9135,22279,9337,23838,40649,6059,5535,34236,46128,6832,16868,49272,48382
19047,40697,34292,14139,3842,28520,50166,35132,18474,25398,24847,24639,39743,38762,25344
39569,16184,38971,15918,20539,7323,32201,39454,50290,41107,9149,10669,35016,25904,33323
28201,10896,49008,47647,8267,18288,15714,50168,33635,9996,24231,11320,48917,29457,18727
6613,16328,47551,34015,1330,15968,18040,26090,9505,45427,1959,30547,43243,48770,21788
50007,42868,13053,24859,21072,33238,28738,36623,29532,46488,31955,30323,18046,28977,4396
30566,50185,47938,8402,141,9881,31460,44579,12630,30810,5030,27595,26598,35914,1952
27260,4146,34044,9260,21088,50605,15609,4887,29941,26867,15049,17983,6730,22049,36297
36075,48271,46376,47984,23114,41411,41547,41581,50309,25614,12563,14326,24226,43512,20804
44581,28601,27915,37028,34035,23442,15936,39967,7788,7524,47160,37041,30231,17559,43099
22013,997,47686,28612,37868,33448,43238,17338,21970,14324,34711,20714,27036,17612,5415
7720,35167,40578,37393,29946,25361,28157,31121,42109,262,9550,35601,48369,45902,9797
240,33598,23068,41568,3648,50715,25590,9909,9662,19023,34196,39985,31080,14291,33702
29927,14448,41122,39940,4549,50860,1447,6481,25840,40812,12931,247,31351,43906,49166
8319,34273,48911,4680,12100,44892,45609,19483,7489,39164,15907,41941,19241,1094,9083
14825,13853,27446,44437,42868,15353,41002,30105,12062,11192,21924,30358,15726,37345,42471
21951,37397,17538,35661,7661,23774,15326,17568,40632,144,11041,41513,25118,30170,15515
15396,4763,25390,31027,27295,46503,49571,31479,20234,48720,36803,33811,42134,9224,33074
27855,46965,46734,23517,23093,12117,43925,24465,39866,50430,15718,10538,41533,11364,27957
31319,34877,564,14539,30801,19533,41918,25681,18519,38066,5250,37297,8972,15202,46045
17329,5839,25784,39919,9154,18822,2113,37218,6142,36333,35681,26513,25327,14917,48227
4888,37069,22329,9485,203,7945,40428,14168,50778,16854,47130,24545,30550,3521,50277
37192,3488,4435,25500,1490,8649,3334,50202,32170,37629,20690,37658,27158,46316,46924
45099,26134,3826,25374,44463,46018,28838,2874,8926,40855,3403,43490,22596,3117,16991
33321,32350,18752,11889,22457,6593,20787,5931,46334,50072,21880,26391,26705,43994,21333
35257,43230,30933,20869,44724,12524,12443,45982,23062,46695,43372,35375,2382,4338,12279
36797,37217,30791,40989,10435,47576,38557,9993,32454,12927,35208,38446,10772,16246,42350
13234,30543,27569,35526,18514,1049,35291,4182,32420,21185,24825,35836,31339,32446,10566
470,30483,41148,47666,21743,36820,50354,7091,10447,15169,26410,12649,37053,29216,11891
198,30861,39480,7113,42478,47455,10548,6858,16112,50750,42171,34899,2944,2683,38504
21239,45053,6283,11329,50507,17931,36980,44589,47303,48987,4859,27864,4567,13429,43009
33261,28763,7623,43995,8009,41673,32070,23908,14719,28995,24203,48273,13864,40135,41363
10831,463,16123,23299,22143,41363,13270,35165,12352,18899,35255,30399,32308,7973,1039
26409,21163,37005,42410,43842,34578,8290,28151,39409,17055,43845,14363,21325,14876,7446
8644,28657,10351,34473,11402,31849,19781,3716,15907,28408,32078,4145,43256,13453,22078
46395,37219,15933,3332,31608,40920,4746,32781,809,24979,34361,18724,21660,37194,16191
32613,49758,21246,49555,2764,10257,1071,38220,26597,27288,30030,34642,3074,25977,38908
26468,11847,23811,32170,8157,39695,31615,22812,34569,36786,38274,48780,10460,4795,28722
9313,12985,41117,3803,386,34289,10645,45000,16811,30903,46025,49471,42179,43025,38841
45376,37712,31128,49806,18862,7490,12712,44481,47535,4245,43078,7769,15688,20307,6783
8393,37750,15530,45752,2523,13237,44494,27018,39771,15280,10671,32831,24779,30909,46342
38772,38781,12455,1117,11975,34739,11606,46913,12064,42330,50642,15172,40333,44554,2877
13470,43023,48952,20119,21668,6686,26523,17332,12494,24220,40338,29463,7335,29414,16165
16224,29953,19439,47000,47020,36771,13337,22795,6013,25354,49896,7880,12593,2673,21361
26795,19432,47871,23502,31491,29565,45855,26754,49167,37823,24620,47223,6719,42811,578
46544,15284,20252,28474,45209,11664,35434,10554,19563,5359,2934,6054,23692,33906,16516
40267,25226,11019,44335,36891,35216,49322,5678,10487,14836,1080,32108,356,45225,9889
1844,49749,30385,12335,29959,30493,32274,12459,9447,21036,49389,20529,33925,35640,38482
33235,3066,16220,49817,6247,6858,29239,34316,41082,10726,921,37627,44672,30485,30045
6741,1724,11426,3832,16323,22697,37004,32423,19338,35337,21539,35147,27501,44768,40535
9375,2385,11776,48637,24509,11882,10778,16428,39065,37110,27521,41277,10978,33230,15860
44155,15512,37652,5349,18519,1611,33718,29420,14291,11244,48679,9917,9337,39601,24506
5735,4928,34889,6000,17208,1352,5795,34770,5805,20248,26805,28650,49087,10440,41828
6274,44574,22304,17672,24878,40998,19777,43648,4404,39293,23084,39836,538,21941,32949
4236,27169,28461,9301,20962,13405,15891,44360,47473,40817,19225,16399,40766,14041,29168
33723,16164,41330,1595,10171,24178,30129,20799,8950,36658,12392,28333,18415,13264,30788
43015,38162,39476,50845,36122,31604,8538,12232,28483,43798,2346,19079,47029,41769,41319
24254,44365,50150,2411,31173,13645,18728,48610,37245,50871,19890,36973,43347,27621,37465
18678,12857,9963,8153,47196,48527,1404,1542,10966,50544,12228,37283,36470,38639,13717
41003,50670,39184,15829,45823,48226,48334,16374,32200,39972,7588,17015,47520,23472,14115
24153,34182,32607,9342,9433,9501,14346,39555,2679,45200,35694,12025,29491,49877,22206
24177,42037,11809,22806,42534,50761,30312,21407,3571,19394,40211,5248,18493,12978,41497
37487,29720,1084,43898,1071,35249,11749,46575,1110,3195,17264,14830,31928,27441,46689
22237,6430,17990,18682,15766,24563,15058,26376,22938,978,19629,20962,5406,27400,37240
42845,50328,9456,15740,33171,38756,5693,38642,28777,25089,27576,33789,30843,29959,38850
30940,39161,11445,49759,41834,7393,44838,2268,14168,24488,20592,1906,45094,35323,45187
29628,34534,15467,31971,8453,30936,29978,19569,47321,40504,11792,48894,27699,3012,38021
36365,2290,1809,20350,27596,9513,37361,18451,29100,44727,12026,7185,20570,2664,49895
42129,14792,32425,13155,46817,33743,46338,2704,2979,35284,42343,5176,11811,601,27186
3949,36919,1117,21368,16956,50630,69,35789,45178,18407,20276,32319,10323,3585,45378
43181,38610,4307,44694,6584,19923,13733,13708,45487,25959,2004,24801,16255,35368,7813
22397,12991,24209,42484,41287,22394,3179,16980,15008,2735,42584,39702,50314,29453,23196
47040,50371,41545,3593,34408,28863,29088,15282,23877,3459,24206,30832,30642,13143,27191
22314,22248,46483,47795,1815,14411,37596,38027,24080,12151,10281,10753,13627,9756,48804
10739,19366,10727,22038,18460,45864,27778,38358,14315,13719,19292,14779,46870,35270,25413
14991,33815,3246,13524,11459,49991,10180,20584,49915,26949,36171,41825,49444,42910,22010
48994,20210,24562,22780,32869,13099,12112,33205,12983,964,29980,8583,19754,24289,12757
15887,28463,25268,20400,23931,17478,23512,16718,22197,19001,47080,348,47915,28758,34674
4797,33497,19714,41224,1048,46302,25538,41063,34527,15890,33104,29204,41023,35218,5481
23060,2541,3331,40361,19824,20684,44663,49877,13514,19939,43524,44916,33781,16572,32247
19049,14720,36736,24074,47371,11486,2139,44666,26776,23519,47258,3900,28880,11780,28081
8763,20718,34174,5340,15028,25684,31167,21853,23590,826,8894,2418,9091,19757,41592
9790,29663,49202,27704,33615,30498,25338,532,15686,35768,36382,31667,33164,45331,18246
3326,32391,26590,3525,36036,45746,12033,4606,9067,3193,47941,21930,5478,5449,10465
27422,6189,50852,9827,26728,22913,15206,27678,30783,47945,2150,14222,47096,24969,27888
14981,18053,46893,43918,5306,27985,46543,7335,35193,24866,30964,31079,47737,29522,32153
27059,38488,36739,37274,23980,43513,40662,30517,35411,20029,23620,7869,26243,13701,39820
41825,4559,28687,39142,18878,7876,8310,13610,37507,26123,5599,37115,44930,24525,27762
35007,33177,43122,50860,5906,22964,26224,50746,36049,47604,45048,27843,38504,8359,38972
13538,36523,14008,2190,1926,8657,2761,22609,21083,31755,41057,21035,28973,29676,25932
19462,38489,21403,10336,43975,28837,44470,13064,13176,18020,41219,27031,17530,21041,12050
37192,42196,16903,23388,42058,5091,19897,45178,4061,21436,19144,26861,2268,42832,10403
15693,40467,2375,30835,31852,16060,8862,28295,12603,35961,38224,43216,26367,18082,14475
15890,31944,6879,32664,5075,23312,27310,1760,22494,11169,44580,17836,46210,46986,44061
3327,35508,21391,34834,46243,16741,35776,9972,18395,4928,28878,37131,20454,37923,20474
13516,3729,14899,33175,16456,443,26888,26729,6110,5496,19062,48466,28534,1473,12659
404,18138,12213,10950,10936,25984,32335,24783,34309,13337,157,38995,45669,50480,36483
21614,48533,28992,31284,27803,44324,30613,42229,12553,35073,2314,36085,589,22616,38132
35853,43896,35153,15268,34770,22901,21226,35625,15429,45827,30931,48107,31997,36843,41006
50542,16409,36586,23916,24107,9021,1838,48219,4331,18874,41798,7000,13078,25076,27215
7946,4633,50628,16909,22342,12754,29024,8156,219,42826,15322,2613,680,28185,3480
34166,22450,25537,21896,6753,31360,7556,25647,738,7243,48812,46952,41978,39606,32290
43132,9465,35981,13285,8625,25818,5889,36791,9451,24437,19320,19466,16408,8469,30473
16924,19765,19648,27504,5467,28972,13423,38643,29391,42239,19152,1382,44324,50595,4681
12015,49595,12650,25965,949,7554,27415,6885,39147,5712,40715,20203,30512,39996,1312
33832,945,39190,28417,49706,6980,49951,10089,3285,3040,46971,13140,3875,11591,46793
44573,85,39410,11530,5117,29548,19390,2123,29834,39880,50490,17533,48874,32631,32153
16266,25986,11461,29418,37493,47757,18289,21614,48949,28476,12387,2605,8071,24023,13506
487,29540,1437,2444,49714,33,41516,22429,43331,24219,20780,29239,43623,6880,38091
34768,48267,18065,26526,16739,2684,14849,8907,48901,50488,43001,4074,34501,17404,3791
34967,47570,6875,1905,31437,5203,40288,27599,43826,5654,22088,20177,44536,38294,6342
32608,23739,13217,19038,47185,42294,19996,26379,50874,43732,12020,21535,17704,38374,38962
18078,34416,41658,13664,32841,39976,49130,2543,30758,31400,29624,50771,16308,31962,33451
29225,46165,3228,9335,5618,76,6079,3166,42788,38283,34114,31017,47033,29228,24920
24932,37235,12088,48438,4653,43932,8891,17749,34992,37823,11397,42280,26892,12864,3515
20123,19245,25509,9954,23592,25298,4582,4866,6044,34299,8760,1280,49773,24489,40147
48611,36228,10969,39054,21073,30921,26152,10634,5200,44725,39473,27737,13206,36929,37206
26267,13654,49573,133,13442,21063,41440,12949,44840,24051,17318,50697,19992,25810,2978
44419,41068,50553,43736,14100,6357,2466,2446,28693,22216,6861,25255,998,4926,50749
40962,6772,40432,143,9198,14294,7096,31687,24959,21342,16373,12443,33282,26409,47930
49607,11788,15678,47418,8253,19012,40169,25391,26707,17208,20996,26188,39182,4524,23075
8939,42188,36622,27159,34048,14358,34958,44869,23721,13916,32563,7797,23462,17692,29310
46696,48462,12122,48228,13812,31534,4760,35952,19624,19889,44522,15569,33430,13846,29533
49316,8981,30654,49076,21324,26202,13919,20804,31897,33675,7726,37930,50171,29575,6633
1396,24829,44235,33817,20139,26869,31580,326,28364,19648,13854,29551,24421,33565,42680
28973,23443,9676,44900,17243,9220,10008,10484,28056,42614,1440,1675,36147,31724,28525
47809,20899,47402,21629,2006,46715,39354,7979,4050,29393,33592,38196,48323,22720,24034
13625,42165,42866,46914,32290,40156,13139,19407,37141,48048,2984,3977,10556,28248,4904
46196,19935,48624,16142,8460,40183,38639,29503,34996,10588,15017,1009,11098,7750,49992
39104,45899,24637,24217,23225,35923,32576,6459,15439,19672,50650,9000,38456,27449,18903
35003,3613,2393,31950,22687,36705,49516,32974,972,35704,32447,28403,693,3724,19307
45999,37400,14219,33905,11415,1252,44408,31295,28965,18321,6768,13669,23707,21576,26989
39833,45227,23160,9897,18827,12400,30923,39861,8326,14156,43874,45150,25432,18949,43915
10014,9755,34603,16961,39939,35631,41402,7287,20374,35057,47250,13906,11271,26030,26765
31486,31899,12570,8415,6991,38218,11482,27324,50487,15469,22744,2838,31636,27237,21162
23943,12533,45634,34186,16469,5636,25227,2407,46526,41962,6384,45016,26241,8123,7255
6993,25571,11223,7617,3685,10843,30048,27450,22433,42321,19783,2713,30704,35765,50682
39562,27454,15190,868,17911,43778,3413,3768,47152,36726,22156,31615,45100,2625,37431
15813,7678,32765,41544,46315,45180,902,42871,12935,12181,2013,18100,6109,7578,13043
17606,9124,23887,11777,18744,16957,2916,28365,21592,10088,24749,10586,14774,11689,17483
41042,19897,39984,36224,42700,40764,48393,17155,38687,8674,47467,9989,36886,36467,41383
31855,50431,27024,47987,48605,386,16564,43504,12796,13379,8519,14844,28627,31864,45241
32453,20073,10227,18238,31389,10998,22602,27060,41162,43143,45193,10911,16239,32818,26829
8628,48783,10087,50794,46326,1776,12496,27726,977,33506,2595,34364,28672,41378,25384
50388,15096,16095,44790,26510,1383,27474,42207,11347,47734,14134,20942,34261,5932,21425
43790,21641,33579,7053,31830,29051,38914,9927,45777,6727,9005,34138,12623,46011,29181
43918,11834,10637,2612,31653,35323,49277,10025,9536,19834,46281,25301,36114,38840,46513
43752,14188,40369,33898,18496,9365,37577,38767,48263,41546,39848,4162,39712,33910,6152
45130,35801,10377,45405,10155,35738,45237,25006,24672,21609,12959,32464,32539,37764,19349
42155,12113,5191,47369,4512,73,49793,2209,15186,1422,45686,40244,24368,7902,1195
44578,2589,32503,24670,43756,33867,42142,43391,2491,47873,42327,29091,12310,25126,2285
23675,17936,1602,32316,45758,19962,40434,28412,32264,39887,13885,38775,20471,201,26380
11307,20039,28903,42621,18403,3007,17571,33681,16992,50829,33189,14640,47931,11735,19383
2218,15938,28671,23197,41478,4739,9416,9355,36059,43864,44762,12636,39404,39541,15847
44237,1262,16903,26265,17813,29478,29573,26428,31580,40044,42793,40117,24312,39219,38825
39279,12712,38919,50541,1507,39039,13839,6756,2523,19806,12816,21959,20172,41278,20159
9326,24730,14829,497,35417,45437,7682,33550,34174,46371,9230,28645,42465,21092,6211
23918,10306,5407,25932,26050,4055,21366,8935,46976,5787,14331,49696,44146,43669,25945
35457,49916,32842,719,47373,1508,33038,37814,38700,3403,1514,27830,39210,193,11944
4316,18451,235,39199,14479,8843,1627,27253,37502,16778,2356,27777,27789,46493,12823
48155,26746,16387,22985,40806,10072,23211,2437,30436,43449,20881,1530,15406,44659,6303
16062,49772,43178,369,41265,48440,30561,27122,45740,32573,28693,16045,3122,22926,10507
38713,38565,28546,48467,44874,28269,35491,29548,33390,6085,33785,40438,14896,3714,27147
26153,18379,11188,9252,43519,34333,21019,24548,44404,31936,49905,36613,32208,41642,39546
38069,45072,45235,4311,12350,21892,45286,40912,9963,10773,31596,47642,33495,31284,49254
47159,46832,9340,27564,45857,22244,50380,32794,33419,6789,46685,8630,8060,39464,23
15642,26484,15297,4700,28491,45791,48236,5387,505,26601,23712,25100,17237,50175,20061
50173,6643,22325,4644,6959,29951,41466,19171,40072,1603,29806,32700,39458,42173,32438
47015,11727,16420,41513,35110,34247,43037,25552,45493,12104,46195,42774,24140,34703,30502
47850,28125,948,37826,14198,2209,17979,35438,616,16089,50006,34405,46636,41317,29215
40559,49714,25768,7431,39512,25272,23448,11888,31349,36950,50482,25566,9979,26612,5221
21507,7014,48018,39635,40803,38801,36875,14353,29222,28159,21101,5042,37071,39254,11469
27411,31703,50151,46324,43637,33382,19025,31947,17306,9782,21429,35270,1532,35483,23564
16309,4828,33904,10818,3101,23328,45648,16571,37918,706,49839,38502,12520,33387,5515
49086,14243,21245,14710,20823,39694,27769,17471,18997,42166,5256,1987,23061,8174,47468
24832,16293,20337,35273,37421,8488,47806,16832,37552,41704,24349,2412,32727,687,41988
50360,9764,19791,44089,28491,19883,50482,21290,30904,13043,34308,15099,31904,3940,40354
28210,25324,42182,1407,43651,30955,25677,43021,12519,24644,14224,43453,42262,17783,41546
46219,19831,5987,23864,7375,11188,10790,38937,32056,21156,36978,10531,23199,4646,7858
16137,20822,39087,34046,44811,13764,43327,19918,7413,16551,39843,44847,36845,2510,34267
36804,3793,44949,50737,26188,38439,32472,49695,31524,19063,45530,3219,14553,46220,34084
28038,21430,21658,34700,36911,39409,17669,9561,1634,16200,2309,49486,30658,32774,26435
28324,37773,42632,48771,42062,3601,9760,11977,27667,20591,24798,42888,23389,25028,8757
10080,36345,16891,17514,34880,28850,24220,41001,5273,42178,2094,8724,41571,41687,19281
13621,39150,33645,49963,2746,17540,1941,26752,39157,17839,12799,20352,48067,36046,43771
14447,38006,23271,23875,11178,49161,20367,37297,6304,36330,13745,44344,21645,42781,7372
12141,41916,34743,15087,33360,39577,40288,13850,42677,40666,31521,33597,18271,27189,7847
35233,44499,36872,2179,36970,22049,17574,15626,32158,3300,36488,49254,40046,28856,24388
46574,23493,4413,31233,47848,7458,43101,13700,15053,23703,28652,34501,29438,11622,16669
5549,46696,9113,43628,45655,14728,17332,35442,3887,25948,45264,41289,50543,45754,8421
7450,12448,22215,45748,14500,5028,14691,4531,39886,39837,25011,35005,29883,39873,43713
10392,47363,1549,28757,19774,19912,23645,18934,40179,36017,42535,11591,40389,7374,2599
49683,5551,49897,6312,27527,23450,9162,15813,38028,48915,9530,47949,47740,36242,33264
45102,10872,5003,49931,19936,4524,23136,10537,8349,35691,39001,865,10446,42412,20322
8456,41632,46263,17971,47122,33648,34788,37499,7473,41951,31897,4126,36567,15299,19138
13085,14466,3764,25807,15077,28547,30234,2415,16857,39728,22207,49140,50713,13678,41279
782,34783,20854,31383,41281,37719,40444,47740,43711,28359,7380,38811,14642,21110,5664
41488,49576,27588,31503,4243,49120,4054,39133,50848,13474,33908,39445,21112,27473,18426
33619,28904,5570,38904,2740,26849,27113,47349,1174,49126,18120,4612,12513,30114,28445
49299,12655,1161,8546,35674,29987,30066,25818,6367,18132,50710,23025,5420,12571,23439
50672,29799,16806,14005,29292,34140,26740,46737,21444,2265,46291,2656,8327,35954,9311
29951,26088,1530,50068,24742,24409,35300,15352,9917,41016,1779,31612,3781,4423,7876
42616,30566,5371,32730,30978,5542,40558,1328,46417,34072,27698,43801,5417,39657,13864
32566,15564,42914,8229,50547,8737,28951,3293,45527,35774,21249,17487,5754,28005,36590
27533,35987,2103,48939,49137,1451,42662,38755,41665,16312,47303,5622,7242,13759,43202
25823,12838,14338,29418,17741,34981,46720,2827,35152,7744,14035,29153,22693,40508,40461
2952,46641,34401,31135,26265,39792,24042,33438,42030,41842,10347,11136,44105,21144,507
31849,36185,43229,10306,20098,44939,8720,12212,14449,46185,38523,25572,19824,23670,34912
37912,16278,37084,3441,31672,18737,32081,11820,5603,2220,38837,7411,36449,42535,10881
11202,28752,33282,19591,30015,28753,30775,29439,11633,9269,40133,50142,762,20518,24038
49629,27786,40649,6918,19853,16113,47980,25091,2591,30701,6345,23880,32895,21229,16148
49078,48385,48886,111,29485,30351,38029,24956,31118,43165,34594,15095,36642,14663,17524
18921,36395,32306,4655,40031,42192,261,24162,35929,48248,48059,33250,38547,6181,25703
28925,14756,35214,49107,11348,35445,17717,48352,38505,41026,15855,44801,41407,31899,4014
19505,20714,31367,41966,22668,13549,30007,40725,43387,49845,42927,25571,14389,49270,17980
13461,18017,28703,15916,25052,9244,35819,44445,3844,24175,10239,43415,42250,13233,18383
14809,30148,31060,26865,13036,7042,12033,13602,19086,9901,35164,17820,38817,17853,46230
45425,48873,9152,20428,49864,9116,28566,8424,398,25734,32039,41301,16360,28627,17058
45067,44849,19824,25384,42148,49928,6546,39074,1907,11844,16101,24479,9146,46085,12210
12140,30128,12874,33992,17207,50536,18718,46658,12038,33381,29875,37969,588,11454,35493
7015,18452,50247,43482,49734,22894,22141,21725,29821,42399,7029,33940,8335,23859,45322
25295,16143,47765,12581,20084,48419,21570,5609,4571,9327,43310,13780,37910,34967,7820
23938,3867,26359,8444,49671,15245,3072,48742,25657,31938,3718,40072,13839,33807,49865
23536,3153,48445,36220,25012,25924,7051,1654,21973,2292,13800,25862,49458,46699,38456
35982,32624,1632,25440,49928,36513,11131,18827,47240,16449,30617,39439,24469,23064,23720
10996,30463,21099,42620,27270,21415,44073,35005,40423,39970,7693,45316,788,40964,20105
41596,37375,5683,17149,16183,1243,333,28986,11482,36502,902,31455,15481,44981,45822
45316,44193,20602,23858,889,46487,22799,13073,12177,5358,39453,7357,37288,6859,14555
28062,15368,34407,14650,6361,42708,7313,22898,26296,48664,49433,28939,6539,50845,20298
15661,17406,7386,24354,12072,20685,28496,30611,6090,45933,26756,9462,8054,37816,23834
23077,31780,5259,14845,15440,22586,22824,37771,41882,28914,11585,36220,46304,6359,39132
41012,16415,33014,35910,27421,8585,42618,23720,46632,25179,38586,25211,29366,37687,37338
9202,4700,49465,14029,9050,45317,8127,14667,3749,26268,11571,40053,41182,26339,604
34610,19395,31602,46431,7431,38656,17015,28119,28854,25720,47779,29921,33604,25746,16625
47382,18349,43393,48821,20382,48251,47087,42892,25252,5007,892,6613,1505,36176,263
33200,47358,48484,38120,9203,46563,37472,45175,19640,6944,43248,8306,21465,119,4064
27799,50031,5448,10302,46102,43978,26071,2699,5461,21610,16243,31611,33278,46918,2874
40032,32167,19488,5871,8883,21389,48128,28295,1833,42926,3511,13512,46832,20572,13842
6855,42745,37578,1377,17453,14272,43969,45407,11067,38860,46895,6066,42758,32561,19941
26181,39019,9822,14069,50685,1898,11900,37886,408,33856,26932,47081,42168,32384,25105
19029,13565,28683,48895,47298,778,41698,25882,8928,18429,43361,1451,25671,4444,42897
44605,8276,12087,23335,4592,9875,17288,10892,2166,36911,17928,43065,5500,3989,18437
32236,25694,2876,34359,42992,38587,6930,22707,27792,22590,43349,44906,23120,45015,12493
42811,40038,17489,12065,24525,23738,19284,35279,30963,24191,41419,21887,33723,44557,1017
21917,31580,40617,34006,44179,34476,7150,35319,31238,45543,28437,9059,6814,31533,45124
38343,16056,26823,49453,42345,1107,12216,26703,48466,11221,13704,24076,11485,31787,10885
24126,44021,2423,42898,1191,17695,723,35319,22059,5002,41918,45197,14913,28231,8917
36911,30800,25460,5241,14769,19336,27023,10029,14779,11186,7320,33010,6884,32793,22329
43088,15161,47593,20720,10731,6952,1658,29426,37117,10667,34406,18216,36871,37063,396
50005,20685,24375,13677,47362,39879,7452,29380,39076,39658,49682,40191,50095,4264,5191
43216,30658,48082,40425,27438,40297,33737,50591,28094,23052,33447,2226,24864,5747,15418
40635,16679,40067,42856,48295,33029,11623,18289,47814,16594,29079,24853,46479,32804,2251
13867,46250,1803,36791,23756,29715,34050,11798,13287,33557,13069,42196,20649,9126,11454
46941,49074,30355,13928,28293,5737,30599,10126,48156,2775,11586,11070,10927,41803,32987
23216,25234,41150,24209,23228,35959,36100,23083,38316,32499,50255,44480,39515,25433,31820
12022,42254,30964,25232,20990,32917,6744,25473,14472,17253,25727,22178,12920,4071,15055
26019,22789,18773,39962,6897,22122,40962,2342,5757,2614,22661,26395,12340,49274,33063
47556,50668,19595,17330,44326,45424,30308,40080,32415,16581,22572,31779,4251,35375,44978
36403,48419,9797,26909,14422,18964,9991,7892,12680,20413,6550,37235,50746,41721,2257
37632,2548,13858,38935,16314,27621,41635,21001,14289,47468,6314,43158,11878,26403,43685
2886,26979,35007,48309,6615,25461,31112,26278,43917,9136,48547,29417,34866,21122,29867
36647,38684,43744,49013,20115,27026,37699,34828,21472,914,27890,17595,3277,11251,14483
3214,28570,18176,29837,32188,37662,41765,23105,33961,46255,27651,30271,13616,592,994
12336,21265,47849,4275,10461,12782,28986,12644,41542,11612,1866,34076,42614,43751,8851
5901,30800,29238,9607,16434,41201,29820,17766,4458,31341,42333,22162,26103,46913,48312
45790,22658,19085,15096,5699,23460,24943,43361,28680,35212,32751,5461,26018,10279,2892
6376,7951,28591,40882,22105,16663,4479,34594,45519,29825,16174,10475,14845,5149,21028
7960,17176,47347,37052,26513,17612,39852,23382,15325,3946,44381,27446,39933,34518,12310
29423,46324,23508,30519,29199,43264,42230,41455,24021,20125,18737,33191,36120,40433,8842
33822,8278,32055,45519,810,45441,39342,9545,28711,21182,42998,3123,31511,27407,10177
31676,30961,4052,29208,11519,28274,38672,23024,38058,12515,2048,6338,45619,26981,17557
7580,37101,26537,46964,33790,2570,36900,34069,24391,48589,15507,19232,20895,9934,21875
23413,2738,27530,7612,20873,9282,11279,27788,9957,28854,28940,19269,48929,17968,21530
5719,12416,33775,18076,16492,16925,28024,862,33346,46546,42032,49162,12117,26200,22792
17518,48814,45564,42533,22167,34418,37119,44637,24623,1634,25505,48789,18257,49757,42967
34157,3610,5779,13102,17231,4929,8667,21979,25775,26044,18074,4414,29279,13702,32262
27973,21462,36051,20809,30382,45015,26925,32936,8019,19005,25321,11528,39639,5524,37898
11820,15774,26210,41825,16502,2403,7611,25069,47386,23086,12747,49304,37406,1944,9840
31788,48591,35043,49792,38727,13931,40689,9829,5779,34963,10955,3799,37314,30324,18891
37712,23648,36398,21648,48784,24611,32032,37106,3110,38565,5876,12874,40658,21176,8962
8578,49056,33502,19566,43891,25401,48095,8392,1450,14470,8798,30607,1451,21515,35629
25177,43314,23157,13440,30590,32654,22337,44821,18912,17004,42751,1737,25479,23294,49461
38381,31551,18825,2061,19782,32102,45986,39205,35839,29575,30108,8192,43798,6170,25165
28239,44832,9697,48604,24806,2711,24529,14167,24798,50464,20505,33455,33239,34924,4747
7194,32770,40544,44166,42152,21349,27204,38951,336,36305,46396,28089,26816,6687,6177
24893,1596,48616,35401,14681,15621,33671,18598,20781,41424,22709,38755,10631,763,12072
34407,176,18493,34917,19832,48911,28783,9302,46750,11204,2073,29339,30931,5021,42401
24349,50614,10468,4295,22652,43666,34012,21552,45951,25910,54,47666,37621,32362,4773
42516,25735,14880,29622,11109,1987,48600,9073,23022,31584,41828,2707,913,10201,27582
26327,4619,22455,48098,5439,11891,19115,50129,31834,22556,19075,19316,33644,5226,29996
22830,19560,17269,22479,26996,42760,32334,19445,8750,44402,33123,23608,11291,3900,45747
24006,49030,16252,16448,27117,33428,10623,33337,29258,33072,10911,40171,48579,4328,49664
3308,31302,10455,36794,49232,715,50523,15065,45980,16811,40595,8811,39233,3013,42065
35030,5950,37948,3625,31048,24229,44015,31519,34162,39281,35474,17064,11412,19455,15794
31717,14192,18837,31306,2683,8826,35165,45161,9781,795,23007,45863,10036,11345,5010
12131,46587,34141,40773,9638,23276,2224,6123,7510,18511,34501,26199,654,40064,7987
17534,44534,40389,44146,6063,47970,38929,12714,27790,30835,34842,42617,15681,40511,39356
7207,31250,43688,33406,42290,34266,282,17828,1165,30964,42548,41829,12484,39370,29419
42485,12459,17975,27946,8307,37038,37669,37485,35595,49013,41654,21584,36864,19431,29263
11471,45059,34001,48195,8888,15517,15857,41820,2313,16986,36810,40288,45683,15229,40592
38604,13174,22888,42558,24699,7341,42779,5533,46061,24046,7434,15018,50355,25349,44585
16879,29227,338,40930,1880,18328,49141,16839,45850,7420,8508,8558,36426,30839,7925
16187,12055,37504,13349,48206,1949,20619,41479,36359,10015,44309,48597,23014,43459,29465
8023,20422,25806,40227,43010,2404,49552,12088,42638,14248,42309,2523,9533,37252,40514
11965,6217,39801,41494,5698,43530,46035,40549,32850,3548,26158,49048,42417,21146,36213
18184,35144,14120,31236,38094,17141,837,41365,23796,14725,36982,49569,47303,41703,6332
10194,27847,15798,26089,11273,3523,34848,12332,27766,6098,17520,4763,40265,22495,40812
3104,24901,18173,21004,31308,8656,31931,44269,20754,3998,47031,5122,1298,34963,7288
23202,42982,11239,6766,22763,9907,45276,6762,257,47108,37813,30589,25738,50743,20851
1760,33623,43151,39399,22936,35840,30502,1076,50450,31564,33163,33773,6604,1058,18791
8338,1561,27037,1682,8512,31113,49932,24025,10934,7888,31032,50735,28875,25171,40563
3820,27389,3836,48747,717,2975,43800,47207,42365,7408,20961,31169,31522,1261,29571
10368,14986,2496,36125,4994,25253,32270,36868,35332,18887,29553,21912,7835,6345,40386
39362,4872,34131,39398,45637,29178,45796,35624,21084,13001,26695,32147,10904,6130,41729
44566,31413,20642,33748,2144,24476,28074,50303,5757,12898,32438,42590,26918,46814,13963
1247,32638,6712,11536,25457,47819,31154,41062,16541,18229,7475,7755,12963,40730,29202
22149,9251,49431,13044,749,22811,25194,47110,42926,46005,44402,10792,28478,37444,45501
10252,49448,46196,4201,3127,43221,14040,22588,28118,15411,1058,34361,1738,26634,12893
25765,30491,15605,19159,3882,34125,38525,43362,30557,29126,8878,16059,4908,50849,40774
15915,43312,46464,32409,28855,34589,34900,4455,2490,16986,20164,23407,48109,34690,21096
1441,45228,45705,3931,42440,42195,29970,44200,13633,48548,16498,39954,21302,630,26997
28831,2326,30233,32353,28503,23575,38901,27035,15566,41946,40597,49211,41062,14962,6544
27502,35780,7369,12475,46218,37380,37202,5217,40750,27983,31735,34500,49659,16112,11291
22929,4219,49715,13545,33204,41639,7644,22347,30008,2051,4901,50341,21571,14253,33880
25157,2673,19187,8947,16947,43097,32984,4335,25017,34802,7531,31151,48917,3562,16645
19772,10780,41109,16192,10886,42947,50202,26015,923,4243,45645,15228,28901,48238,24761
32903,21541,23760,45528,13415,2588,22078,25821,45323,11176,24276,35194,13303,45875,37894
41718,43366,7094,3447,25640,20665,29091,31386,22319,19898,9871,20107,10350,7340,28352
27474,2881,37635,19697,34091,33839,13602,17544,11525,42396,17454,42660,27666,30381,33111
23358,23979,14447,15907,4430,12276,23245,22760,22475,2683,28889,12734,22732,21796,46484
49599,26949,29197,36866,24316,36629,2647,44374,3540,40842,44466,25096,5484,15321,10246
37393,7170,39033,25699,29185,34221,5016,6284,17779,50204,20227,41362,14378,39122,42733
315,8482,16551,20752,49348,10290,21964,17929,9336,21254,45906,6922,43489,11387,968
12938,3654,48248,857,41468,31807,41263,34689,47844,4953,37213,13118,43224,25329,6301
43624,8725,11652,7417,50106,43486,9902,41479,50497,46577,34055,33999,41565,46469,23382
2410,33415,14212,3801,21397,12468,28593,22026,43720,3519,29851,6377,47047,15247,42222
19069,6565,26304,8953,20178,34832,14413,5343,43515,50188,20435,28163,30598,50635,47641
22039,43895,4147,12464,36611,20213,30076,24891,35507,5928,12362,15787,28983,22323,42383
35038,46961,16069,1517,11896,42800,1936,13033,37125,6379,42414,8557,45940,39703,50629
39743,20183,33800,39967,576,22170,50152,33133,28128,11065,30849,11351,4165,28610,40441
28487,49049,33834,33034,48735,3416,6755,48542,26262,10056,39367,48840,26203,29621,16367
33393,22703,25762,34826,21878,32313,20847,40254,37325,48369,9604,13523,49391,17614,22721
48908,49585,33621,50301,24255,22796,17285,20465,8488,31696,35585,34339,50842,25045,31570
28076,42666,32523,42078,34957,5430,9557,23833,7197,40719,24837,1681,31872,17603,45331
48224,8441,18398,7647,690,29932,30971,29063,22024,13370,22986,1537,39095,45322,13262
32232,23790,41054,17320,3365,41996,43211,41545,30308,21866,36595,411,18447,32910,15762
17023,38898,26925,17470,32367,47479,41794,2184,3943,10976,8670,12732,49116,24313,26250
8230,10335,47084,24102,42499,36587,36240,3393,50764,44161,36219,20999,42236,48376,32830
28009,9143,44244,13786,35161,43563,2099,40629,47176,35248,42547,2482,43259,22319,22338
8660,27047,44412,15818,28150,694,44453,3852,37461,38967,24445,244,39482,38492,37255
31672,48583,31651,40658,43989,39552,44177,43042,9156,41695,50697,16558,13435,17989,19108
17226,11749,48789,42573,47726,403,35216,24209,21400,34932,13125,28263,36663,22886,30348
20871,32792,22775,1930,45657,46149,34024,23655,27599,33544,33417,3733,31771,36453,38681
48832,47370,16896,39810,9996,10162,35977,43992,20914,23469,45495,9141,40321,30815,41169
12581,7066,33183,26718,23730,18867,30602,27552,35725,47115,5114,24284,49114,49223,44230
10284,46266,38566,48680,6753,10610,36701,12865,1334,16052,36203,50550,7121,29758,19518
19819,12608,5984,12632,28750,46931,5624,16464,4467,43966,21143,1310,36160,26631,5465
47650,23124,15876,45481,15953,21998,21489,22330,13932,16720,10996,35001,50408,3480,42895
29712,25073,38575,28413,19354,5150,46171,31118,39403,21481,3405,1493,33977,25861,33241
31317,38529,2102,44251,7301,8732,39762,11053,23256,40337,14522,44709,8285,3063,21887
4473,37515,39005,49465,32530,16152,43224,48239,11704,30292,18300,17986,20304,39834,13666
192,50018,43143,49995,31915,11462,42978,39208,5638,44120,20405,38055,49714,49747,493
46322,32114,1551,7229,18700,11606,34738,25047,27228,47612,3000,35224,41489,1335,701
34779,27716,27810,38803,37352,11042,39105,1596,9192,47613,43138,28072,17919,45218,11771
19704,21651,7257,48565,3813,33343,40141,40110,33122,15349,8076,3973,10216,13465,46026
39095,5045,4693,44682,40877,31891,17744,1770,41226,35573,25370,15448,34025,24815,14733
47163,14988,7835,44054,12493,11594,41080,6494,16701,38008,38497,37424,18627,4075,15103
37652,12371,20117,34938,1317,5307,32327,39600,11108,14680,48365,29345,16574,27374,12090
31357,29934,23554,2482,5699,14463,27926,49651,32886,31666,48164,37893,17400,49401,19725
46972,26718,39436,47073,14742,42038,50693,39483,50234,18489,28568,34553,32803,3806,17272
41286,32153,41937,17246,32205,1346,3626,814,14977,14686,39671,22450,47223,2649,41696
25365,2455,47669,32428,18579,27130,8985,34171,29905,37662,49293,38579,13774,9127,14486
42102,20323,37926,20472,15223,38753,31056,27938,32028,39900,25167,29808,12393,45669,35569
12090,9143,11951,2572,29901,49118,10937,28026,46542,26408,29927,6403,43306,32247,12098
12685,48034,25663,15395,12565,42092,6483,13773,34471,10936,44763,6303,27109,26665,20869
43741,15308,38871,20131,17129,12391,11411,22662,25958,34492,42707,7410,29733,23250,46064
28435,36347,19375,19192,33562,31273,47951,35131,48727,17901,30191,41301,2853,42458,44324
44316,44500,13482,5688,4340,12048,18607,22426,20252,45820,38040,15717,12441,29490,34378
10805,26755,16241,15218,9670,25765,9254,43479,20756,2003,35859,10600,32840,37785,46628
28638,50433,12892,22066,628,1809,32727,32083,421,28172,42317,39184,6497,17994,3226
26992,46325,10990,13856,38790,113,40262,12567,33898,44566,32102,45227,35365,5621,4210
921,45985,20530,35214,21401,5187,9304,22441,10420,16704,45055,16597,34015,14433,48412
32882,12887,43883,3867,26103,23546,11697,29601,12028,3601,4637,35225,41736,16075,12101
39959,9077,27120,41025,16399,21186,4581,27447,3779,5798,2269,14303,18743,10197,9749
39083,5842,28183,33287,37897,34289,12044,7595,27324,42351,34032,42067,4087,46418,13166
20263,22700,48377,7337,7245,44515,50456,18428,18814,41726,43193,12101,16942,25070,47618
39548,23292,27094,24486,14548,41755,26662,7398,14539,12418,17117,33282,45073,9772,47365
29431,35767,13603,31695,46444,46099,4988,37690,11074,43435,10,37148,22631,4024,17752
3065,28627,46790,6153,28922,25461,19381,35763,9371,29134,35800,6186,46204,4032,17256
50147,5816,17165,44262,33809,22494,11049,2033,1585,39114,41861,19881,34983,43806,14180
26937,46486,8350,12518,10054,25236,41317,28282,36156,23136,48338,24352,14269,28996,10763
27728,29831,50802,14909,33727,12859,8584,14769,19998,16808,46402,22604,2362,23341,3771
27499,31049,46588,7730,5428,10894,50413,1051,4727,21711,28217,3549,23101,37637,20550
30930,49433,34314,15303,21577,47991,35156,7589,18802,6771,39467,6581,7845,45569,10309
2583,11288,11046,50166,239,45223,22534,50087,18924,15516,17313,38942,35906,35892,28011
47023,28908,40283,6391,28634,1871,38073,8144,29437,11085,30160,21613,17716,33839,48176
8846,35429,42921,21847,30153,46260,35581,9023,30915,36546,8234,32496,4738,35880,8475
42614,38730,27210,38434,14178,34073,39310,40768,23755,44870,11817,49136,48633,34557,31066
38248,1186,49773,36487,34997,13290,45003,35787,32507,9243,39816,38180,4486,24896,35143
5938,47971,24726,47898,8873,13035,4997,36329,24109,17909,47233,35585,50244,12588,170
21380,4227,30738,13487,23081,37039,19584,2915,9017,23457,39802,2247,28996,39927,15092
37750,25678,14987,415,11062,41585,23567,39023,48809,43147,537,14458,22816,5508,21232
3711,23116,44497,35708,32299,48678,31548,45034,46986,21412,39569,46479,34354,24856,19839
1042,10151,50428,5604,24549,17305,8712,1919,24907,14987,11329,31161,23462,27147,48784
19212,36820,24251,20789,38587,4267,19127,2741,41355,25450,9851,14883,37314,25738,24320
2107,40213,28106,4997,42475,3164,47855,14441,41695,30636,48768,38907,36226,29880,41248
31061,20653,17514,47707,43754,6082,30262,40995,10051,34818,43121,45233,42915,14875,21684
32199,17728,44653,23493,17477,20169,35153,40497,15703,7801,11913,45299,13435,29783,22914
37617,36513,12160,36122,40432,7768,45449,42592,18239,2386,45478,1382,7977,3346,41535
4394,37234,45955,11081,42471,21514,27145,19784,38937,8487,267,21530,9505,6972,44374
389,16661,23085,45168,7804,29953,47800,25323,32595,8920,49927,5663,40924,50214,17999
29195,3340,259,1443,23134,10537,8993,32405,30072,34903,12274,10450,19567,22891,30924
3106,27422,33270,11056,8004,8859,26766,50311,6772,44671,18137,48609,50008,25393,39648
45332,48440,28474,45510,42297,10756,41568,12912,44137,33636,40609,50748,12388,44832,41006
38910,43613,19160,38865,42771,43903,30305,5228,18488,13538,5891,12130,28798,150,25194
47450,46094,10728,33033,2341,10303,40849,17254,19031,749,22478,22054,35385,50236,41792
24125,38819,23022,30083,31306,15011,48715,31701,10005,508,36302,14634,38460,2621,26720
37543,4357,26941,49175,38655,41948,1833,13062,32560,11551,22124,22319,34693,36649,19532
19473,45302,16388,45707,37188,19141,8724,4508,33586,50585,24037,35228,26587,8668,32289
30797,25600,30616,42096,3195,42167,28644,7578,35864,40297,8081,16341,24378,31312,48629
16353,26213,47688,20501,34811,19375,4749,35566,8017,41529,20288,36009,49318,3925,36453
41976,19724,32683,12671,1531,32796,17772,27041,42223,26550,48055,21440,43811,31072,21721
25052,23336,9705,34667,18907,4365,8286,25811,50296,26023,49406,43674,24629,8978,32782
31539,41874,13632,43298,3770,27561,25089,16204,26554,3151,34901,45704,31191,46791,13341
13814,48687,10910,29680,48351,25227,6190,16850,1515,11634,9997,26038,30636,41148,4306
46816,31380,23792,42130,47841,4924,11771,24787,2225,15993,47398,8555,37737,7852,17791
8452,15907,23929,5497,30730,20911,22092,50253,50798,42768,31445,11881,36333,44621,34985
7347,37425,48575,36482,14445,18566,49831,18891,4556,16923,36835,42550,47362,6692,37840
46544,32027,38958,38677,9754,38996,8642,34259,46184,20999,5944,25834,8514,49537,5839
29077,11048,20935,28836,27404,7828,5032,33519,48427,41793,31695,49552,13196,3841,46224
18578,16916,44735,16176,42655,31626,46919,12859,21132,15292,19994,45825,24434,12415,18424
5899,48060,5264,39304,43907,26525,1494,43841,28995,20076,14424,45382,28250,4517,34691
16540,11622,5068,23626,22465,33306,6785,44043,39683,11355,18500,35850,6066,41995,20662
44107,26221,31201,18114,37914,12570,45253,10612,34396,24628,4253,35269,21781,416,25601
10484,46587,42684,1711,24395,8935,50713,18402,23087,35876,1534,41659,7960,39275,35343
12777,45087,26508,31628,29926,11133,26471,34673,16532,33813,1088,15240,30845,40888,24242
5802,39473,24627,33007,24147,9423,38961,3365,7665,36805,47623,16558,21817,42966,13806
6293,25859,8281,48320,40634,36805,36992,33827,35872,7945,7630,2182,25502,10576,50741
30597,4520,43632,50613,43644,20880,16659,35852,82,41659,4371,2703,48454,15142,47384
33539,17171,3143,46265,34018,21031,36902,3181,30673,44019,30608,6999,30812,4004,37632
39883,25073,42199,46403,9102,2493,18100,8390,19169,32632,764,28643,32524,4701,7494
31035,30923,36749,1292,48148,47611,45631,2244,17171,4052,2770,17375,8450,26420,42710
5360,34434,45541,30558,49159,9262,15906,4380,30560,48860,27117,13810,29094,15285,8886
41088,16903,18674,11711,48751,10917,34646,40204,31351,39627,44030,8453,29187,12681,11644
10159,20109,26802,12592,20254,19769,15312,2660,3962,29849,44485,13493,47438,38389,38624
18805,45831,24027,38862,50473,40031,32948,11034,12080,1218,30296,11660,19424,980,40589
18234,39995,47867,6915,33267,43148,10423,2176,27146,11622,44396,26134,4681,49967,16936
6686,2219,1288,9760,2104,12295,39657,1822,41061,49624,30673,11916,38663,37520,26562
45576,757,16727,26358,29897,14657,28103,25733,3541,31813,9143,39630,43757,3037,8503
28365,18913,6748,10881,22874,24234,8907,13530,20082,23301,32299,49998,35381,8880,50091
31112,39309,44483,50375,4406,19451,38125,18821,47420,28686,25070,27213,39690,29155,29005
28601,6857,35270,43476,40692,45038,42277,10728,17416,4955,28540,17399,4620,46618,23719
44717,18465,24615,3871,34569,27521,46487,47371,2140,14462,22528,17436,36496,5391,19084
5872,14331,37327,14398,32191,3353,33841,40312,3060,40148,6656,29934,7094,14412,39594
8087,9583,23881,13491,9892,19909,2546,880,29665,19821,33097,18292,14907,28008,24925
37381,2156,22598,50229,513,35885,7781,24242,28065,17463,39038,10756,46320,26835,5453
50073,16655,37409,43397,32876,8161,37201,23830,23919,44299,1189,15322,3883,4266,6402
4151,12773,9011,3304,45357,46521,36625,42555,40355,536,29507,20214,7053,1829,49573
26639,13725,46629,48043,49827,31857,7910,25627,22058,28432,44475,34052,1789,8231,29985
10793,17179,12826,49605,23134,18746,14503,7731,8290,43976,30715,1342,13480,28915,3138
49821,28742,37831,18522,19584,630,24482,23225,14027,44973,18011,40941,32951,37047,28058
15055,887,26670,23465,38375,23862,17048,23111,7798,18703,2201,34462,49452,13340,41120
47074,23133,31225,16135,10285,41380,48726,1418,22433,28345,11546,43279,12360,32250,89
34822,10381,2160,8348,13733,43040,26457,31270,230,2281,13149,38895,16735,17570,47536
13317,9922,14284,21274,1947,27440,35322,23983,48869,46833,29556,35310,16650,14564,50535
4027,45656,46986,15886,8625,21535,47774,21552,945,49505,50244,40125,45499,21953,49292
5882,2418,35492,36863,40144,6734,37307,3997,895,45767,44766,10754,3961,8337,222
34424,30942,32951,41251,29016,18490,4973,6544,24295,2693,19748,26850,16,24266,13406
8914,284,44173,6075,41739,20125,50378,8687,14605,2152,25619,3483,15816,18608,23905
13601,21897,2994,10558,187,4461,32803,30801,2210,36306,26514,22978,10700,31962,42075
44530,12564,50675,26665,42374,36772,3344,18166,17299,44556,22688,2385,22712,38765,16579
33176,10460,9398,49656,38521,47456,16524,15354,3391,40958,2483,3669,10365,9430,24037
8603,38024,29330,14145,45242,44156,19740,9139,6363,38094,47209,425,21603,24859,49231
9816,31447,7660,25671,27157,6737,49549,34117,9887,11246,23917,26019,8043,44642,22506
119,26932,36879,36777,24603,7083,45130,24174,6504,3410,19570,3754,12433,38417,3955
33630,45487,44281,47149,9350,50240,23138,50597,3074,17187,34732,35810,13399,49722,24263
4342,31349,24889,29897,24888,31459,15442,3726,48222,46246,23529,20185,17098,11221,28218
22667,33821,6805,35757,15039,36042,48068,10873,14014,7433,8535,50167,15193,12880,6144
13421,4788,13116,36973,38394,7267,5583,40692,19939,15470,1422,49680,10058,39982,3732
44084,33490,31546,19496,2662,40305,25213,22072,27356,42667,3499,47043,47220,8002,29320
11548,43769,49319,38186,10616,43642,28617,4349,39212,42809,32816,39691,43380,16298,36152
15994,17734,41543,39867,49234,17670,14807,36047,39006,8215,12277,57,37802,3260,43345
41653,2886,28693,11362,42500,44968,38022,47379,40057,15500,12570,8647,4781,37531,24096
30281,7966,16013,24709,2513,9139,7287,38945,23201,31148,37109,34758,38184,175,6452
10714,7783,45078,3540,29698,27947,9890,49405,49271,31016,16583,41630,5676,3450,4285
27707,11746,7091,15501,28271,33688,1404,46133,36099,44751,39119,24326,23853,43719,28862
9238,19036,40513,50365,13575,48050,47332,49401,24950,41201,3160,2013,9735,22190,14134
16121,5738,12450,17118,33281,29606,34938,14398,4975,6467,21103,2303,17251,37791,30330
17692,1435,15281,2341,31010,45563,25783,21564,35787,47238,25663,13675,30473,37425,15722
29994,44623,26993,16050,30330,7704,45829,29306,9971,33684,38445,44249,38473,4999,28476
22431,20524,17492,27872,42019,35462,28554,12424,28636,25776,39241,46969,21716,10493,48336
45325,19800,38889,20989,29224,11027,43738,43726,26984,24278,20497,21626,12289,40268,17250
49439,27380,36734,38863,6494,46065,11291,32529,49328,27453,28719,7043,22532,40969,32260
197,41075,46370,26922,28544,29097,5357,24803,50296,36831,30845,10254,12753,41365,26593
20704,6159,46346,1268,28937,43480,29539,24639,28858,29920,5941,26273,42482,26099,443
15293,2941,33271,26792,341,3078,16864,29177,26915,22651,25325,3436,12726,33225,18728
30189,36210,6429,13844,20930,13015,21208,49978,7425,409,36240,23593,18858,37546,32871
