2239,3141,5753,1028,29521,46684,26227,30818,24584,38769
25173,50627,45351,4289,1325,1355,20544,14220,31273,38838
2239,1357,13677,2213,50629,49972,23970,37474,18856,39044
13696,1620,2538,1028,3141,46924,19398,30818,38758,30728
2538,452,15179,1028,50552,50070,14253,19398,38020,24894
2538,3742,23990,1029,25016,50629,11044,38566,25178,31563
2239,30368,3035,2841,1031,46929,14788,24272,38802,24891
2239,50627,3441,1014,8461,46933,18624,23972,39587,32763
11435,13806,2241,1328,2239,46161,18841,30727,31096,38836
2538,2842,1628,1028,50550,46933,20002,24379,31006,18327
3335,2529,2538,1313,1346,49838,24820,25458,16523,38838
2538,2541,31097,1029,50555,46933,19397,18618,31273,38838
2239,3142,3433,3130,50554,49973,20831,14221,38838,31284
2538,766,34798,1028,3634,46682,19686,32496,31273,24889
2538,458,33219,1028,50629,46932,11074,17400,32774,24538
3699,32306,4042,1028,2238,46682,18073,31280,18552,38838
2538,2257,3433,436,3141,46684,27650,17957,38838,18885
2239,30085,19426,2241,1015,46161,13975,30994,38779,32769
2538,1957,3954,1028,50628,46928,25178,32770,17667,39314
12864,3443,2538,1309,1328,46162,19398,18291,38283,30726
2538,13393,1345,1012,50629,24448,19705,38838,31280,30818
2238,3442,2096,1314,10866,49796,24520,25174,18840,38838
2538,3742,36994,1313,3433,46682,19685,31104,38784,17497
2239,460,6355,1027,31750,46683,18602,25676,33045,17383
2239,2241,11162,1614,50629,46929,19720,31273,38771,18810
2538,7838,3143,1028,50627,46928,15376,19205,24259,38838
2538,10866,452,1614,50629,25016,39112,27103,18266,25193
2538,748,13408,1328,50628,46928,15075,32486,25106,38838
2213,4639,2759,1313,2538,46160,24605,19687,38278,31273
32390,1367,50551,1913,2813,46153,18552,33045,19194,39051
2538,1955,11023,1030,50554,47845,18254,19489,32489,31559
2538,3441,2531,50628,1027,49973,15082,24272,38838,24327
2538,2841,14876,1029,50555,46928,17665,31560,30819,18297
31233,2538,1352,1029,1024,50097,19971,31376,14221,38837
2538,4046,35380,1312,2221,49967,19973,30994,18292,38566
2538,4508,4340,3430,50627,48067,15179,19686,14221,38838
50471,2538,3142,1311,4030,46933,20552,31273,39587,24322
2538,3441,10788,2830,50629,46425,22267,18308,38838,31006
8148,6429,20528,1315,2538,46161,25459,32389,24564,38838
2538,747,8458,3731,50629,50206,21978,33046,31561,24606
2538,166,31096,1027,50628,25016,18252,38838,19739,31002
2538,1357,6007,1014,50628,50097,15680,17785,19686,38836
6048,1058,748,436,2538,46162,32392,24260,19210,38560
735,1357,1641,1027,2238,46425,19991,31004,38769,24325
11434,50627,3441,1028,2538,46684,19397,19200,31383,38834
2538,747,24903,1314,50629,24732,21116,38016,38769,18077
171,4555,2538,1913,50769,47845,14787,24826,38020,18598
2538,25337,2519,1029,1058,46682,19420,38718,33044,18028
2238,165,11434,1612,50553,46928,19685,25176,38838,27664
2538,9968,748,1313,50627,46928,21977,18867,38769,38293
1045,2239,13513,730,391,47845,32765,19192,38769,18841
2238,458,5755,1912,50628,46928,31377,17090,18614,38770
2538,1652,747,3130,8464,50094,13930,31002,32763,19499
2239,3742,33453,1610,6116,46933,24239,18554,38838,19463
3616,1058,2538,1015,50550,25015,15368,38566,24822,25463
2538,3114,173,1613,50627,46683,33045,23982,39043,19495
2239,461,11026,1313,2814,46683,17963,32763,30994,19484
2538,1656,8164,1027,50628,46932,19114,19200,38567,31274
13041,47164,469,1029,2239,50628,25460,30165,38839,19686
2538,2842,13099,33967,1328,46683,31002,18841,38780,25463
18308,50628,1941,1328,2538,46928,17964,31273,38838,31095
2527,761,3142,436,2538,46933,32389,31101,19972,38837
1329,50554,3141,1027,2538,46931,19400,31098,18295,38833
2538,756,6644,1609,50627,46684,25461,24267,38838,39042
11315,13217,14,1028,2538,46425,24822,24891,32766,38768
46928,27,2239,1314,758,50628,18618,18554,38838,26236
2538,1351,20238,1014,50627,24165,19709,38838,18041,30727
2538,1057,29834,1029,15543,49839,19972,30995,38838,18293
2538,4340,32887,1028,4032,49836,19684,30715,32772,18933
2238,3141,411,1027,50628,50207,31099,19203,19685,38838
2538,3742,6615,1028,50628,46684,19788,16219,24542,33043
2538,1653,15852,1027,4880,49052,17981,31273,39315,19805
2538,23889,19713,3142,1614,46160,11104,24617,30728,38780
2538,759,26197,1015,17865,50700,39383,18257,19489,31575
32327,2004,3141,4289,6125,50900,43646,33044,18842,24617
65,50628,461,1612,2538,46425,14221,19397,32762,32114
11114,2257,18155,1027,2538,46683,19498,17667,38560,30729
2538,1357,6050,1029,50628,46928,18242,25462,32767,31006
2538,765,216,1029,50554,46929,11904,18842,31285,31373
2538,1057,30637,1028,3423,50205,24822,13931,38838,19477
2538,6544,1328,1311,1652,46682,30994,18275,31376,38838
2538,13703,1344,1013,50629,46162,13929,24896,38838,19399
2538,19460,758,1028,50629,46425,33046,18823,38769,18944
2538,40012,3744,1028,9965,46682,25104,39055,19143,18075
2538,3141,10536,1612,50627,46684,17404,32485,24540,39052
2538,3744,25742,1610,3132,46682,17667,28210,38566,18043
20271,2538,25016,1031,761,50629,24378,39042,24609,38838
2538,3142,20551,1029,50628,46928,18900,38824,30995,31321
2239,3443,4283,1914,50550,46929,20831,13931,38836,25178
2538,1957,1641,1029,9371,50870,17375,38022,18290,31098
12749,2538,1358,4887,25299,50700,32208,38835,31836,24272
2538,174,9023,1028,50628,46928,18597,19397,38287,30995
2238,3743,32593,1612,3433,46682,24258,14221,38837,24305
2538,755,50551,1015,11114,46684,15075,24823,38496,25179
2538,1351,27562,1015,1321,49970,24543,30818,18035,38566
2538,5405,1357,1030,50552,24732,15078,38839,24823,32763
2538,458,19194,1612,46931,50699,19398,33047,38769,27382
2538,1058,33975,1613,2229,48870,18244,14221,38767,32764
3915,3141,2239,1014,46930,50552,13929,19686,27944,38838
2541,2538,1354,1013,11744,50627,40196,13929,19495,32115
2538,1058,5132,4639,733,46932,32947,32773,24272,38779
2238,3143,3679,50551,1031,49546,18843,32762,39043,30995
2239,1351,411,1314,36177,50190,19771,18841,38838,31005
2239,14266,163,1028,39197,46931,19113,24585,38838,38718
2239,10866,30102,4041,1314,50204,19973,30714,31382,38780
13919,24740,460,1030,2538,46425,24333,38509,30993,32767
26200,1951,736,4289,40291,49936,42301,18844,32487,38838
6596,50628,3143,732,2538,46918,19738,19207,19685,38838
27368,50699,760,1029,2538,46932,16218,33046,19193,39044
2538,460,11418,1014,50554,46933,16508,25457,24378,38771
11435,24456,3741,733,2538,46160,18868,19399,38824,27662
2238,1352,3363,1613,50629,24732,18292,38838,19397,18076
2538,50627,5485,3431,1053,46930,17970,38838,17784,27647
2238,759,7247,1028,50627,39443,13672,19396,25177,38836
2538,1056,6903,50627,1015,46682,25401,32769,19783,17088
2239,50550,468,1913,10550,46683,16246,18075,24539,31378
36450,1058,2538,1028,10827,48870,13038,30994,33045,38771
5186,3741,9688,3431,2538,50096,19687,39315,19449,31284
2520,768,1343,1313,2538,49969,11649,18840,38769,32493
2239,173,12038,1028,33415,46683,17090,24892,38769,31558
2538,13509,5463,747,436,49696,25191,32112,38838,18844
2538,2841,11682,1014,50628,46932,24522,19194,18841,38780
38932,8169,2538,1028,3142,46933,24823,19207,38833,16220
2238,4341,15088,4289,1625,49695,32667,24260,38020,24899
50628,3441,5186,1313,2538,46683,31651,17976,26800,38509
50628,2538,3741,1314,9672,46928,26202,18841,39043,24327
2538,766,32050,1314,4881,46932,17995,31273,38771,32766
747,2239,4938,1031,5759,50191,18841,38837,17785,26236
2239,4341,36765,1028,10844,46159,19686,30996,32487,24611
2239,1063,4030,166,436,46160,31272,32484,18842,38778
2538,1053,50551,1014,3734,46684,20270,24892,38778,17786
2239,2842,11414,1311,717,46932,17671,32113,31375,38838
2239,1322,50628,1013,46932,164,12551,18559,37469,24614
2239,23889,24576,3141,1029,46925,18074,31272,18243,38832
34251,909,9099,4887,1624,49970,18553,25475,38782,31273
4191,50554,765,1030,2239,46932,19702,25175,31005,38838
2220,1356,31211,3430,2538,46682,18625,19398,30817,38838
2239,32307,19380,175,1015,46160,12824,31272,32485,39051
6561,50628,2843,1027,2538,46928,18656,19972,31657,38772
2538,748,1900,1315,24456,46922,13639,24893,18074,38838
2538,452,4233,1028,50629,25016,39662,17088,19205,32764
10846,2842,1059,733,2538,49970,19209,19418,38838,30727
6541,50700,759,1028,2538,46928,13409,19686,31373,17729
2538,1357,195,50628,1028,46928,18846,31273,37742,18027
2538,1357,7452,1028,50554,49547,25748,19972,38837,18076
2538,2542,5521,1015,50555,46932,24267,15927,19491,38838
2239,760,4192,1313,17576,50555,39382,22835,24326,31007
2538,162,18918,1031,50628,46682,18844,25955,32486,38769
2239,756,16797,128,47845,50551,19457,37736,24275,39042
2538,1058,15074,1015,50553,25016,31273,32493,39315,19198
50627,1643,18295,1015,2538,46683,32766,31274,19398,38771
3433,50553,3441,1613,2538,46929,19396,14221,38838,19199
2538,2255,3113,1613,50628,46933,24559,24616,38838,16219
2538,469,1045,1313,24449,50699,38578,32765,19499,24276
2538,759,18280,1028,50550,25015,39925,18333,30151,32765
2538,2841,735,1014,50551,47845,44173,25392,33044,17086
2538,1345,27312,1613,150,46683,13350,30722,19110,38838
2538,36451,2211,1912,1652,50096,19685,25742,32219,38779
2239,3742,8727,1611,1029,46683,25107,19496,38838,17689
2238,29801,3143,1613,7826,46933,31105,33223,18554,38836
10750,3442,50629,1314,2238,24165,39111,18256,32761,39042
34556,2239,765,1313,3433,50087,19686,30715,38838,18323
2538,759,13327,1027,46929,50628,10761,30715,38005,24372
2538,19993,3433,3130,3741,46930,31551,39313,24610,31930
2520,758,35622,2831,2538,46682,19134,32768,38768,31017
2239,760,10176,1016,32028,46684,18883,24559,38566,31096
2538,3141,17666,1613,50700,46928,13410,25182,38838,30726
2538,759,34798,1013,11140,49968,19397,27930,31096,38769
2538,1352,26236,1013,50699,24165,10748,38839,17376,30818
2538,3741,12808,1028,50554,49973,26026,32494,18841,38770
2538,19596,3423,1612,4341,49695,31550,32487,18553,38781
2538,1058,34801,1012,1321,49969,19685,31273,33043,38768
2239,7722,80,1028,14092,47845,31830,39587,18601,32767
50550,1057,2538,1328,10829,46683,14875,18554,31285,38838
35380,39185,1064,1028,3432,46161,24043,39042,18554,31376
2538,1656,25897,1029,2815,46683,19461,19398,38833,31096
1654,2541,2538,1027,11162,50868,19704,38834,30728,18598
2538,1058,8100,1028,50551,46932,15069,24255,32488,39044
2538,469,7545,1314,38087,46933,20535,25179,38838,31280
2538,759,32878,1029,11726,49969,25105,24334,38560,15656
28740,1003,1058,4887,17575,50876,18842,38552,19175,24657
432,34243,468,1611,2538,46683,13128,16800,38838,30816
8727,50552,4041,1028,2239,47845,19398,19210,38838,30447
5705,50629,1054,2831,2538,25016,18007,38566,19399,31099
2530,4042,469,733,2239,46933,25745,31561,19398,38838
2538,1653,165,1027,17575,50627,13675,38566,18263,24603
2538,1053,12863,1028,50554,46933,15372,25178,24275,38838
17685,23889,174,1029,2239,46162,19495,30715,38781,25435
18313,50554,3441,1028,2538,46682,24378,20268,31550,31099
2239,1057,1045,1027,1626,49969,23692,25742,38769,32768
2538,1058,12987,1328,50630,25016,18329,31664,18553,38769
10745,2787,3442,2830,2239,46933,16636,31281,19974,38566
2238,3141,4881,1611,50627,46933,24616,19685,33049,39050
2538,1345,1244,1610,50700,25016,31378,18026,38838,18841
2239,1053,2198,1027,50554,47845,16241,25183,39042,24539
1939,3141,2733,1014,23887,46161,17690,32765,31006,38780
2239,747,2228,1313,50629,24731,24844,38294,16507,31097
7541,50628,1058,2213,2538,46683,13931,17666,19484,38838
2239,1045,11456,1012,50628,46919,11396,19398,19193,38780
2239,757,8755,1027,38360,46683,18334,22552,31007,38838
2538,461,24610,1030,50629,46930,27081,18840,38566,32762
2538,1053,24130,34798,1015,46933,18647,18552,38769,38833
2538,23889,6305,3141,1029,46162,18075,32762,18553,31284
5463,50550,3142,1311,2538,45630,32763,18841,31005,39110
2538,1620,24732,1328,5237,49966,17956,19173,38823,31099
2538,1834,47845,1028,2841,49799,31273,18040,22266,38838
2239,1685,10465,1027,3141,46424,13931,31007,33043,22267
13703,50627,174,1028,2538,46928,25127,30815,16800,19171
2239,3443,5154,1314,50555,46683,18574,24378,39042,24540
2538,3442,4532,1013,50554,24733,18883,38838,19398,31281
2538,469,2433,1314,50630,46932,19718,31562,31374,39043
2238,756,1329,1611,50627,47845,16266,39588,32766,19111
2538,3143,5486,1028,50629,46683,22266,31094,31002,18580
2538,4044,15081,1614,2210,49695,24523,38294,25434,32484
2538,1356,13910,50554,1027,46929,18044,30715,24559,38838
2239,2841,3732,1027,50629,25016,18243,33044,38770,18886
23649,50627,1054,1313,2538,25015,18006,38838,19687,30724
2239,3744,14512,1028,1909,46925,24823,30819,19490,38838
2538,1957,18882,1028,50550,46931,23689,33046,39043,32681
2238,1357,6306,1028,33137,45630,13931,32769,19398,18615
2538,761,19999,1029,50554,46928,31273,19199,32764,39042
2238,39996,3121,1613,4341,46933,19397,31273,38838,18325
1939,747,11440,730,50628,49839,16509,25180,38838,24822
2538,1654,748,1613,10867,50630,18854,38567,18037,30995
2538,4044,40023,1028,1322,46682,19397,30994,24890,38838
3061,4639,1622,4289,2538,46922,17954,39315,31374,31006
2538,173,31836,1031,50628,46425,14285,18598,38552,19686
2538,2789,1626,3442,2832,46425,19159,19399,38838,19785
2538,1357,13623,38360,1030,46933,30715,22843,25209,38770
2239,3441,3361,1611,50554,32305,39111,27929,18842,24042
2538,163,13406,1328,1621,46923,19684,32763,38768,28209
3130,2538,2529,1614,6728,46161,19686,19773,31006,34984
2538,4041,2521,1612,50629,46928,20001,19194,38770,26800
2538,3442,2760,1313,50627,46928,18553,31282,31654,38838
204,2538,1354,1013,1326,50468,32488,30728,13930,38838
12489,46425,165,1028,23889,2238,18554,38783,17788,27382
13109,50554,1344,1028,2538,49973,24414,19973,31378,38836
11124,50630,1046,1028,2538,25015,19398,38839,19497,30726
2239,460,6404,1313,50550,46932,15377,33046,25104,24608
34258,49973,766,4289,1625,50629,32764,40951,18555,17785
2239,1644,35345,1613,25016,50712,24304,18074,38566,19686
8223,50551,46579,1314,24449,2307,24898,18840,38838,31273
2538,16136,1621,1013,49976,46929,19106,14246,31002,19498
2538,761,15392,1328,50627,46928,20259,32762,38768,24585
2538,1352,50628,1028,86,46929,15635,25177,38823,24273
2538,757,14508,1027,50628,46928,21980,24612,37195,30727
2538,1352,36730,1016,2770,46933,31267,24655,18841,38838
2239,1313,6349,32028,3143,46160,17975,15167,32488,38781
2238,757,12493,3130,50627,46932,18841,31006,32769,38780
39994,40291,46417,2832,149,1347,18883,19397,38838,27663
2538,3442,34814,1014,15835,46933,24544,13931,38838,19190
24617,9985,73,1029,2538,46162,19687,38718,17786,32766
2239,18313,31,1029,12923,46162,32386,24260,33046,38771
2238,469,1913,38360,3433,46682,13346,23988,38838,24605
19701,2538,163,1028,24164,50628,39382,31934,19755,38779
2538,468,12746,1014,50627,46930,30993,38838,24322,19972
2238,3142,2435,1611,50629,46928,19118,25459,31281,32773
2538,755,143,730,50628,49547,25459,21693,38835,18291
2538,1055,20265,3132,50629,24731,40198,14221,24323,30727
2239,3142,19209,1612,3731,46932,30995,18564,31098,38768
2538,1356,15851,1314,10866,50699,38839,31105,18266,24610
50554,2239,2241,3431,11416,50068,17377,31273,38833,17785
10827,50629,163,1031,2239,46918,19975,14221,38833,24895
2238,165,10829,1314,32028,46682,24652,17113,38838,24256
2209,1657,39177,1031,2538,46683,13931,17086,32765,27369
15634,2841,2538,129,23889,46162,11903,31273,31098,38780
38411,2239,2241,1613,24732,50788,16217,30715,38566,18076
2538,1613,11140,1342,50552,50097,20043,31098,19401,38834
2538,1364,7321,1028,12018,50902,19479,18840,38566,30728
2538,1357,166,730,17865,50869,32938,38293,18841,19206
2209,1058,2542,436,2538,46425,16532,33045,31007,38780
2538,760,50627,1014,4030,46425,19708,31007,38838,24893
11320,50554,1058,1028,2538,50207,14787,24540,31101,38838
2538,1058,3593,50470,1328,46683,15657,30995,30817,18906
2239,1356,3355,1015,50628,46933,11867,32763,19686,31008
2239,758,19987,1328,50627,47845,30994,18889,32767,38768
2239,173,11431,1612,32861,46932,20001,31836,38293,31097
2538,34280,11723,3130,3142,49390,19400,32763,38769,24308
2538,14580,748,1610,50628,46928,31097,19397,18296,39042
2239,3444,13700,1028,50628,46928,21408,31104,39315,18291
2538,15835,1345,1328,50550,46683,19486,32767,19396,31281
2538,3141,7837,1015,50627,46928,15372,25460,25107,38838
2538,764,32600,2832,50629,46932,31836,32764,18842,18038
1939,2842,12806,1614,50551,46929,42839,18266,30723,24898
2538,757,3980,1314,50629,46932,31097,21123,18333,38770
2538,1941,5223,1612,50553,46932,25750,18265,25387,38781
2538,760,6648,1328,34794,49390,20243,17501,38825,31097
10264,1322,2538,1029,3441,46923,18317,18841,30728,38838
2239,13973,1046,1027,50551,46928,18253,32493,30728,38781
2239,469,3653,1611,50551,49839,17971,18627,31280,38838
139,50554,3742,1613,2538,46932,20006,25208,25104,38838
2538,461,140,1313,50627,46931,24557,32765,39314,18327
2239,459,8752,1014,50553,46932,18290,19396,19201,38833
2538,1244,462,1610,50699,46928,19135,19482,31282,38838
2538,13402,453,1313,50699,25016,32765,25174,39110,19687
2538,3443,34573,1029,4031,49051,19688,38838,19497,14220
2238,1613,24300,3441,133,46926,19111,18362,30995,32774
2538,3441,27381,1014,3133,49694,17667,31102,39042,19752
2538,6414,1046,3431,50629,46929,20268,24376,39315,30727
2538,172,50550,1314,6600,46928,19788,19709,38770,34704
22796,2238,3441,1028,46928,50553,32764,18842,19481,38769
2538,1657,1941,1027,4331,46424,32389,24258,38767,30819
2538,1352,2542,1015,1920,50870,17789,18841,38566,31003
17576,972,46152,1028,50628,1065,19416,32114,38566,19790
2239,12630,8211,1028,11733,50206,32393,31380,18844,38770
2239,1065,733,2241,11137,49970,19482,30816,39314,18264
2538,1344,24894,732,50554,46929,19974,15974,38838,31382
2538,1344,3058,1030,50555,46928,15373,25106,18915,38566
2239,461,1928,1312,50627,45630,18918,25660,17976,39043
2538,1346,16796,1913,2212,49838,32108,32487,18037,24835
18040,50700,2842,1613,2538,25015,18270,38293,25106,31655
6896,24172,2841,1029,1939,46161,19718,31001,38292,18624
12824,1060,3441,730,2239,46162,31273,19974,31094,39042
2238,3143,15658,1913,50627,25016,32771,31272,39316,24095
2239,1941,13693,3132,32584,47845,13907,31273,38565,24555
2239,32028,2541,1328,17843,46929,13990,18266,38834,25462
2538,1054,93,1313,50628,25015,44708,30816,18841,31558
2538,3743,30382,1014,11704,49969,19685,17498,38838,31273
2538,14199,2844,1027,50550,49973,14298,38838,24273,31104
2239,2842,1629,50628,730,46919,15679,31661,19398,38837
2538,1956,3924,1913,50550,46928,14221,19685,25466,38838
2538,3443,12740,1028,50552,46929,39110,18593,20259,18366
2538,755,15965,1029,50554,46932,15166,20544,30995,38838
21976,911,3741,4887,3733,50872,38840,30817,18862,31272
2239,3441,11124,733,165,46161,31551,24896,19686,17785
2538,25182,1641,1614,50629,47845,16795,14004,38770,38838
2538,3143,10866,1029,50628,46682,16218,31096,31287,39314
2239,756,10828,1313,50627,46932,30729,19397,38780,18921
2239,760,6283,1028,50554,46928,21404,24654,38278,31274
2238,13993,1053,1314,50631,24733,23970,31939,39110,38769
2239,23603,18035,2241,1015,46162,18842,30727,32489,38780
2538,1357,12038,1614,50550,46933,16800,31097,25109,39315
2538,26197,1625,1014,4042,46160,19684,32109,18318,38566
4282,2538,3441,730,46929,50554,15370,24273,32206,38768
2538,491,2227,1031,12924,46160,24894,18266,31836,32769
2538,1354,32324,1612,2221,49968,30994,19110,32491,39043
2538,760,37303,1015,3120,46932,19688,24602,31273,38838
2538,1002,10769,1328,4340,46930,18553,19494,31006,38770
2538,758,734,1027,50628,46929,25111,15078,38838,19496
2538,1056,17934,4887,24449,50629,31273,38838,24603,19710
8211,2538,1354,1314,25299,50627,15676,31273,38020,24634
2538,1058,688,1610,50554,46928,18267,32773,38771,27663
2538,1645,31007,1029,3725,49694,19110,32217,38783,19751
2538,8122,50553,1314,3442,46929,19399,14221,32771,19199
2158,13806,2241,1328,2538,46424,18841,32494,31569,38779
2538,1357,37269,1014,9968,46682,24606,18842,31006,38838
2538,1059,6858,1611,50627,46929,18841,24323,30449,38838
37305,3741,2239,1313,50725,47845,17688,24821,24895,38837
2239,1645,18849,1610,2528,49694,24524,24901,18076,38838
14283,50554,452,3430,2538,46682,34984,18258,39042,25173
12168,172,50550,1028,2239,47845,30816,38838,19688,27943
2538,1356,6300,1613,50554,25016,39944,18533,39315,19173
3398,1354,35071,39185,1030,46681,13929,32770,19686,24609
2538,1357,38360,1028,3423,48869,19199,18842,38769,31375
6131,2538,19,1028,3434,46162,19701,31560,38800,19492
2538,748,14227,1029,50555,25015,19398,30819,38838,24308
2238,757,5485,1614,50553,46931,25672,16508,33045,38779
2239,3443,2520,50552,1029,46932,18309,18841,38838,31006
2239,3443,19172,1028,32583,46932,13411,19980,39586,37474
2538,40270,1925,1309,1055,46682,19973,19156,31272,38837
2538,3443,1927,1313,50550,46931,30817,24277,39042,16217
2538,1353,8431,50554,4289,46928,19123,18075,31273,38836
2239,1357,3333,1313,25016,50769,17790,27945,38838,18841
2538,1045,33138,436,2529,49697,39111,18553,27928,38779
50699,759,5437,1028,2238,24733,39110,17979,30821,30727
2538,468,39177,1328,4031,46682,19398,31273,18306,38838
2538,3141,13286,1027,50629,24732,39654,18265,33044,18035
12824,38383,3144,1328,2239,46921,21983,38780,24326,37747
2514,2841,13805,1031,2538,46425,17787,30450,18552,38557
2239,3443,1320,1613,50629,46928,24277,13931,38770,31376
2538,1058,1642,1028,49973,50699,18841,18040,31374,31006
20000,2538,748,1014,50552,46928,32769,31272,25457,39042
2538,1657,14,1315,50555,25299,39654,18603,24274,16217
2538,1357,6246,1612,50627,25015,18840,38838,32392,38770
2538,1356,2761,50872,1014,46930,15368,32486,24259,38837
2538,1357,13332,1014,50629,24732,32207,38838,24543,18912
2238,1055,2461,1313,50629,25016,25173,18844,38838,31006
2538,34,25180,3430,9985,46932,30995,23697,24378,39031
12807,50627,748,1014,2538,46929,14221,19398,32488,38780
2239,31506,11139,1328,1352,46683,15676,30725,19684,38838
2538,3143,12232,1029,50627,46932,16782,32485,24378,39043
2238,33500,2528,1313,750,49969,19398,38833,30816,19773
2538,1942,15973,1015,50627,46931,32766,33498,19398,39042
2538,31376,6898,730,3444,50195,17658,18585,38829,19499
17691,2238,3441,1029,31751,46424,18075,24823,18314,32765
15675,50628,2538,1913,3142,24732,38839,18615,24826,38782
2239,1059,36176,1328,11435,49967,17692,24822,32768,38768
2538,4042,30107,1013,5222,49968,19397,31273,33046,18615
2538,1941,15683,1615,32307,46161,30993,32767,39324,21693
80,2239,467,1028,47620,32306,15644,27917,38833,19495
2538,468,7826,1029,38085,46932,32496,18266,19192,25387
2239,2841,2212,1313,50629,46683,23697,31379,31829,17150
2538,1351,6244,1028,25299,50699,7839,18841,38284,25175
2538,747,4841,3431,50553,46162,15944,31096,24543,38772
2238,1057,6317,1328,50629,25016,17091,38838,25389,25182
2239,23889,2801,174,1613,46162,17976,25674,38566,25186
2538,1957,748,1028,12043,50903,38304,18842,24326,38801
2538,1358,2542,1027,11418,49970,33216,25107,38838,24892
2538,3725,1321,1913,4639,46925,19687,31005,38838,25746
2538,759,5452,1029,50629,46932,20551,18595,30725,38838
2239,3141,12525,1027,50628,47164,32772,19398,38782,18002
40012,2538,453,3731,12037,50902,39663,19687,31273,31094
2538,1652,7155,1312,11161,50628,39926,21691,30538,38770
2538,2841,5485,1313,50553,46932,33209,24377,19401,19460
2538,1356,26201,1610,3434,49969,17666,31099,20036,38770
2538,462,15076,1328,50628,46928,24591,24544,32485,39043
32366,2538,761,1913,24449,50631,15388,38566,19686,18074
2238,1942,10825,1028,50554,46933,32774,24845,17379,39043
2538,757,18578,1029,50554,49547,32767,19972,18933,39315
2833,50553,3142,1613,2538,46929,18314,19687,38294,39043
2239,167,4581,1014,32306,46684,21405,18328,39042,31097
2538,1045,11125,3431,50627,46933,18553,19201,30818,31559
1628,7322,14098,436,2239,46161,32489,24826,18331,38767
1500,1664,27557,1028,2538,46684,25182,18553,38832,31561
3433,765,5833,1028,2239,46161,14221,24664,38718,31378
2538,2843,3432,50550,1328,46684,19120,33044,24619,27663
2538,7321,2529,731,5542,46424,31272,19973,38832,24584
2538,1624,12333,1028,3441,46922,19686,18616,31005,38838
2538,760,7802,3132,50629,46928,17406,24827,32498,39043
13371,50554,2842,1313,2239,46930,31384,18840,26799,38780
2538,3442,19424,4887,1328,46933,31272,18906,38020,38783
2538,50628,3142,1028,3122,46929,17408,38839,25178,24823
6727,2538,766,1028,3734,50203,18885,31273,31663,38768
2538,3142,20550,1028,46929,50629,13685,31282,32774,38771
2757,766,2538,1027,46683,38360,17699,25465,24260,38278
2238,33174,1356,1014,3423,49969,19685,32766,39042,19174
789,17787,46682,1029,24456,2238,24918,30450,38838,18266
2238,1057,6240,1028,24714,50628,38567,18554,19499,31376
747,46928,2538,1027,1058,50630,27364,25176,18844,38771
1800,50551,756,1615,2239,46425,30818,24273,38779,18599
1326,1314,3142,3731,2239,46161,19395,31095,31839,38838
2538,4044,50471,1611,2197,46682,17664,31274,38769,32490
2538,463,11743,1314,50629,46932,18813,30817,38780,19206
2239,27001,4031,1314,3142,46425,25106,14221,38292,24326
2538,1653,3059,1015,33698,48485,16239,31272,38770,18886
35903,3744,2538,1328,9028,46682,24820,19203,38838,17700
2238,38905,6598,1028,4044,46683,19108,31274,32767,38770
2538,1352,5484,1314,36732,46682,20546,30995,38771,32770
199,2239,4041,1014,11750,50189,30994,19685,24610,38779
2239,748,31837,3430,50631,46929,17112,19491,32497,38770
2538,758,11724,1027,32032,46932,15674,31097,26518,38838
2239,1053,32,1027,50629,46929,18019,25107,16219,38838
2538,3141,11123,1611,50627,49225,18533,31097,31281,38780
2538,3141,20024,1614,50627,46928,44172,19398,32773,39925
2239,1027,14795,3441,1314,46162,31272,19479,23693,33065
2538,3893,1057,3731,50629,46929,25176,17691,24821,38838
2238,3141,4556,1914,50629,25016,39942,19684,18613,38770
2538,2842,4281,1028,50552,46928,18557,38567,30729,19209
2538,3143,3059,1028,50628,25016,40197,23690,18921,38771
2538,24456,4509,173,1028,46425,25240,18553,32762,38838
2538,13514,5105,732,748,46162,18859,24826,38758,25180
2538,469,6951,1028,50554,46929,17401,38838,31377,25391
2238,760,3732,1030,50552,49973,18556,25671,32765,38771
2538,1354,25926,1016,3732,50869,39672,17699,38770,19204
747,31094,2538,1028,31750,48067,19972,31272,19488,38020
2238,3741,4810,1611,50628,46928,15471,30817,19973,38836
2538,3444,19954,1328,3734,49969,31829,15950,32763,24845
2538,760,10456,1613,50552,46932,20836,33050,30727,18357
2538,1048,35936,3430,3730,50902,39664,19687,19449,31273
13702,46161,3442,3431,24173,2538,14221,18534,32487,39053
2538,50627,761,1913,3415,46932,19489,30817,19685,27662
2538,1614,64,1029,3741,46162,30994,19736,30816,19397
27843,8436,2538,3431,1058,46684,31558,13930,38780,24609
2538,2543,4553,1313,1014,46162,30726,24896,17379,34981
2538,61,747,1613,50628,46930,18279,19492,24537,38838
2538,758,13042,50629,3430,46928,25128,31273,19199,32775
2538,3443,6842,1028,25016,50627,13695,38293,18264,31561
2538,1365,167,1913,11428,50870,19141,38567,18623,31273
1045,33047,46932,1014,50628,2538,19700,19785,30723,38781
2538,2541,3099,730,50554,49973,17376,31096,38287,14876
2538,8718,46928,1314,50628,3444,18019,19399,38838,31096
2239,1046,2211,1613,50628,49973,17499,14221,38838,19111
2538,2210,748,1028,32306,46932,32763,28206,39041,18554
2538,19139,3,1028,12630,46933,31273,33047,19493,38769
1625,2541,758,1031,2239,46162,27362,18842,38770,32497
2538,26227,3744,1614,149,46161,17939,38785,17991,24605
2538,163,1624,1027,50554,47845,20269,30444,33044,39315
2538,3741,37264,1609,1030,46932,20832,31273,19497,38566
2239,1357,4283,2241,436,46162,31281,20262,38770,31654
2238,1058,748,1913,7320,50700,18308,39110,24273,38769
2538,1046,50628,1613,3123,46425,21980,19500,39315,32766
6578,50628,1358,1015,2538,49972,24663,32496,18552,27928
2538,1653,452,1914,17865,50628,25674,39110,17976,32487
2538,1352,5438,1313,50629,24165,18283,38838,31096,24544
2238,1028,3593,3443,50628,50095,18581,18656,38838,19688
2239,3443,11268,134,46929,50550,25172,19398,38838,19501
2538,50553,4882,2841,1313,46929,18554,25183,38782,26516
2538,38360,3442,1913,11456,49969,31551,19686,18611,38838
2538,173,17865,1016,50628,46933,17784,18823,24610,38833
2538,1057,5685,1028,50550,50206,19203,19686,38838,31007
2498,50554,1643,1313,2538,46932,20006,24617,25673,39052
2538,25434,1045,1314,50631,24448,13410,38566,19687,38780
2538,748,2815,1328,50629,25016,26788,38839,17375,31103
2538,29850,3133,1613,1352,49836,19397,24327,37742,39042
2538,1359,748,1027,6423,50629,37746,21980,30995,30820
25179,2538,3741,1031,1330,46922,18841,38718,26236,32497
9028,50699,1344,1013,2538,47845,18007,18647,19399,38838
2538,1352,32601,1613,10828,46683,19439,31283,32496,38770
2538,1351,12764,1028,46931,50630,17376,31003,31100,38838
3132,460,8729,1313,2538,46930,24259,19200,38293,19727
2238,13217,35378,1941,2830,46424,14280,18265,33046,31284
2239,3430,13992,47620,3741,37811,14221,19398,25463,38838
2538,468,13402,1027,50629,46425,31376,19685,38837,31274
1045,2538,24457,1311,1032,47845,18326,19686,39315,32488
2538,469,31472,1029,3113,45630,20545,14221,38566,25464
1013,19495,2538,164,50628,25016,14499,38020,25108,31374
2239,27315,3115,1027,1954,49836,19398,18018,31004,38838
2538,469,4882,1314,50628,46683,24557,18888,16216,38839
29008,911,3742,4289,10867,50878,43377,32489,18840,24900
2538,747,24893,1030,50700,23880,19683,38839,19516,31274
2239,2256,5163,8211,1027,49837,24377,32489,25105,38770
163,1003,2538,1312,50773,46931,31273,15088,33046,38780
86,50551,3742,1311,2538,46928,17666,19484,39314,32487
2239,50628,33219,3141,1318,46930,13678,19686,31374,38781
2538,12149,469,1014,50629,24732,39376,13968,25459,24541
2538,1657,2457,1028,50627,46928,19395,31097,19480,24378
2538,1053,11123,1312,50554,46918,15674,26517,32487,38771
3623,50699,45885,1913,1921,1354,14220,31097,20547,31273
2239,3444,4213,1311,3131,46684,30715,24846,17379,38566
2538,3144,3624,50551,1612,46928,24378,19418,39315,18315
2239,39198,3141,1015,11084,46929,19204,14221,19973,38838
2538,3141,4883,1015,50550,46932,18347,19109,14221,38838
2239,1351,11037,1013,50700,25016,19715,38839,30728,31378
2238,2842,2220,1313,50627,46683,24558,32763,16508,24610
2538,1057,747,1027,5521,49839,24838,38801,17785,30817
26026,14098,4639,1031,2238,46161,13986,24275,31279,38838
8136,50629,462,1914,2238,46932,33047,17668,17440,38780
2239,1028,27592,5535,3099,46933,15926,30994,32486,38780
2538,2786,2815,3431,3441,46160,24822,18870,38010,17497
2238,1984,144,730,2841,46162,20270,31002,25177,38769
2538,751,36496,1028,3432,50902,39675,21980,31283,18885
10534,32028,2542,1914,2239,46925,13031,31272,24555,32763
2538,1919,24117,3430,459,50903,17683,38838,31273,39043
2238,1053,11414,1313,50553,46684,19431,24378,25105,38768
1642,1626,13216,1314,2239,50207,14220,38838,19685,25179
2538,1344,1058,1027,2514,49969,22268,30996,38770,24322
15945,50628,1355,1014,2538,25299,30539,20072,38838,24539
2538,3744,11650,1328,50553,46929,20269,17728,38838,30997
2239,2511,195,1913,12630,50204,18841,31094,39596,38011
11138,50552,3141,1313,2239,46932,24290,19799,39042,18248
2239,14098,3415,1641,436,46425,20264,31006,39040,31378
2538,5186,1642,1027,50553,49839,24523,24378,38838,18842
2239,144,27328,1614,6131,46162,19688,14221,25464,38769
2538,1365,747,436,2527,50095,33498,25108,38837,19432
2538,747,23881,1314,50550,45630,18075,19109,25177,39324
2238,5762,1941,733,13806,46682,31273,19426,24611,38832
2538,3142,11416,1613,50628,46932,24609,23415,32489,39042
2735,4041,1613,10261,2238,46161,25107,19494,38836,18580
2538,12757,757,1028,50628,46928,27945,31096,19399,38838
2538,164,24165,1028,50871,46929,18548,38770,19481,31283
2538,33690,7544,1027,1057,46682,30742,38718,18841,18904
2538,3441,18587,1014,50699,46918,19109,15470,38838,30995
2538,1057,7749,1313,25016,50699,20557,38566,24893,39042
2239,748,18309,1031,23888,46930,11951,39667,38782,18840
2538,2228,165,1611,50551,46930,20058,19971,38838,13930
6357,1956,50551,1029,2538,46682,13040,31273,18903,19974
2538,1353,38929,1328,3434,46933,17087,38718,32769,18033
3356,50551,1357,1028,2538,46932,13694,32490,19686,25176
2239,766,2529,34524,1028,50196,18581,39314,19398,38293
2538,3141,6050,1027,50552,49546,24398,19109,38839,19496
2538,1055,10550,1028,50551,50206,19141,38838,25105,19486
2538,18327,3442,1913,50550,46931,32487,19396,38838,13929
1641,2200,2538,733,39943,50468,19686,38782,24321,31283
2538,1357,1641,1015,24165,50700,24607,38293,18844,38783
2239,3144,10241,1027,32861,46933,18007,19496,32486,19688
2538,25459,3733,1028,452,49695,19972,32765,39110,17717
1045,2239,765,1314,11161,50627,32217,24611,39867,24272
171,1358,2239,2787,3430,46684,31384,24823,17728,38719
2238,24173,4582,460,1314,46425,13639,38837,19686,32669
16257,2538,1053,1030,46931,50551,33044,25106,38779,17210
13697,50629,3442,1014,2239,46927,24322,18841,38823,27649
2538,458,10846,1609,50628,49547,16797,38838,18038,25105
2239,2842,12549,1029,50627,46683,26517,18266,25459,39315
2239,30921,19739,196,1029,46930,45250,27370,17381,37744
2238,459,3423,1314,50700,46683,18889,32496,24823,17398
3132,1053,3110,1612,2538,46161,18532,31273,32773,24290
2538,3444,17688,3431,11729,50096,24822,38294,18912,38769
4340,2514,46683,1029,3441,2239,30715,31662,38780,18844
2239,4554,2788,3731,2842,46161,31830,32765,19687,39110
2239,1657,6316,8507,733,46932,31002,20267,38779,19206
2538,3744,50627,1313,2833,46932,13030,32209,24539,39042
2538,2530,34013,1029,1048,49968,19687,31096,38770,18616
2538,25024,2519,173,4289,46162,24550,14220,38838,19209
11963,50627,175,3431,2538,46929,19398,24608,38838,14221
2239,24172,460,436,3733,46933,11335,16799,25107,38837
2239,24456,16219,3741,1016,46929,44181,19156,30816,24826
2538,36490,1322,1315,4044,46932,19684,30728,39043,18076
2238,1315,3035,23889,3441,46424,14220,23983,32497,38780
2538,3744,33425,1015,6347,46684,19684,24900,38294,38719
2538,1059,13331,1328,24731,50554,12255,38838,19777,25390
2538,1053,25673,1314,3733,50199,17375,38838,19496,14221
2239,1611,6317,3441,3131,46162,25106,32485,19140,38779
2538,38093,1057,1914,11119,50204,31376,19398,38838,18626
2538,32770,197,1027,12630,49936,18039,20262,39654,31007
2239,1357,144,4041,733,46933,28766,24890,19686,38779
2239,757,5702,1028,50552,46929,16256,38838,30819,24821
2538,1657,12451,1028,50553,46929,11041,19974,31273,38838
2538,13955,3142,1028,50629,46929,27944,19685,30817,39315
2538,3442,25124,1328,24173,46161,13623,31271,38838,19495
24845,461,2538,1328,50628,46932,18075,17090,31273,31098
2239,3442,5833,1028,12279,46162,13928,24895,38718,24276
2239,462,1920,1613,29241,46932,11986,19754,31378,18553
18903,50629,755,1914,2538,46929,17087,31375,38769,25389
2538,1059,3909,1027,50554,47845,23972,19201,38838,24301
2538,14287,1344,1028,50629,46928,17672,25171,31281,38838
23972,2538,3442,1029,50628,46928,13099,13929,38838,24894
2538,767,33,1027,50554,46929,18289,25108,37747,16797
2538,466,6301,1314,46929,50629,18549,24376,39041,18331
2538,1957,747,50553,3430,46928,12757,30994,38838,25463
2538,1653,36994,1313,4032,49968,19400,31273,19501,38836
13405,3742,2239,1612,50555,49547,24897,17960,32762,38566
2538,760,12514,1614,50554,25016,16508,38838,27662,28027
2538,4043,13334,1028,50627,46932,18041,21694,32488,30727
2538,765,2241,730,3733,50094,25125,38838,17377,19786
2239,173,18295,1611,50630,46931,19785,18242,38839,30995
2239,1957,11415,730,1941,46160,32766,23689,38768,25742
18845,1941,2239,1029,23889,46933,32494,30994,39041,24043
2538,1658,32040,1328,2813,46933,31550,13931,38838,24611
13119,13513,2541,733,2239,46162,31095,25106,24584,38718
2239,11440,164,1613,50628,46928,16508,18334,38561,24825
2538,1647,37815,1028,148,50097,19685,30994,19204,38838
2538,1657,1942,1027,24433,50629,18378,38838,17976,31374
2538,1053,410,1027,33137,46682,24896,32490,24258,38770
2239,1656,747,1613,3433,50901,26236,38020,18555,18075
2538,31272,2241,1328,4554,46928,19397,18334,39053,31374
2538,2542,1627,1613,39468,46929,19449,21689,38780,18075
2538,747,12336,1314,14098,50189,24845,30717,18295,38768
8727,165,50206,1613,2538,50552,14264,38838,18842,31005
7321,2239,6429,3431,2822,46162,31551,13929,25175,19686
14738,1358,2538,1314,24732,50699,19748,38838,25105,30819
2239,758,6263,1613,24448,50627,17088,38838,19206,27087
2238,23888,18562,174,1030,46162,18624,31273,32209,38508
3056,3142,2538,1028,50553,46918,18882,19110,38838,18648
2538,458,14282,1029,50629,46928,23706,31375,31282,38838
19308,2239,7928,1016,3433,46932,18265,30995,25177,38837
2538,4044,50550,1015,140,46683,19686,18035,38781,33045
3698,50554,3743,1030,2239,46929,17666,13931,32762,38769
2538,3442,6540,1027,10847,46923,31002,19685,25178,38566
2538,1344,24560,1614,50628,46919,18296,31384,17089,38771
2538,1053,17688,1028,46929,50700,24380,31272,25459,39041
2538,2258,2541,1029,11456,50628,21408,38838,31274,18604
118,2239,3141,1613,46929,50552,14277,18840,38779,33047
2538,3441,7320,1028,38905,46684,19995,33047,31284,19200
7841,2238,463,1314,46930,39198,18266,14540,38838,31006
24837,1014,3142,50627,2538,46682,19754,17785,39053,16216
1343,2538,1656,1313,24164,50552,18038,38833,18842,38768
2239,166,1329,1613,50627,49972,11398,19685,38293,31095
2239,5453,39725,46425,6727,1015,19686,31273,38779,19193
2538,13926,82,3132,12337,46424,19684,19785,38557,32116
2238,3143,3363,1613,50628,25016,39110,17995,24259,19194
2239,1614,85,50628,168,50207,13929,19396,32766,24324
34293,2538,4041,1028,46929,50628,18936,19684,27663,38769
2538,468,2461,1613,50631,46162,25388,18001,32219,16799
10750,468,50550,1015,2538,48280,19700,19203,39314,31378
2538,1357,2135,1311,50552,46683,14221,19494,19400,39051
2538,2842,6126,1912,50552,46928,18244,33044,39315,18295
2239,1941,12629,733,24450,46932,16796,30994,25742,38770
2538,1344,18883,1013,24732,50631,24268,38839,18077,38770
2239,3443,32038,1028,25299,50819,19463,38838,18841,30727
39453,1057,2538,1613,3678,46682,31272,17111,39315,24326
2538,32042,12037,1031,1057,49967,18870,19686,31274,38838
2238,1057,4257,2241,1029,46684,13921,31002,25178,38838
2538,1046,6082,1328,50628,49225,14783,18324,24537,38838
2239,1364,1343,1027,46928,50554,18912,18840,38824,27369
2538,1657,2460,1029,38366,46933,32492,20552,31273,38770
38674,911,3441,4289,4030,46922,30435,40138,18553,32767
2538,2842,11867,1613,24732,50630,39925,19685,31100,19191
3771,1939,12044,1314,2231,46932,18840,31559,39043,24330
2239,750,26209,2830,4032,49838,19687,32773,38769,13929
2538,1652,31,1014,50629,49697,15180,17110,39043,24301
2239,2842,5759,2787,2214,46425,31279,17665,38287,18333
2238,1614,37267,5237,1329,50095,25104,24590,39054,38566
2239,1356,4581,1312,50627,46931,18291,31376,19687,39043
12196,2238,758,1613,50630,25015,19209,38840,21411,31274
2239,81,459,1027,50628,46929,15384,38837,24827,24893
2538,174,4853,1028,50551,46928,17969,31274,38832,19198
2239,461,8457,1610,50554,46932,12743,18038,24541,38838
2538,1357,2211,36450,1029,46682,26782,17376,13929,38833
1044,39762,1063,4887,3432,50627,13921,38010,19486,39314
2538,2841,13703,3731,50554,46929,38839,17377,18296,38771
2238,756,8460,1313,50768,46928,15080,18657,24822,38838
2538,164,25124,1029,50628,46928,15675,25172,38838,24652
2538,3142,21117,1016,50629,46928,15676,19201,30717,38771
2238,4041,5463,1014,50699,46928,33039,23686,20072,38769
19139,50550,1357,1028,2238,46928,24618,32771,39042,31006
2239,761,8164,1314,50554,46683,19116,19459,31004,38838
2238,25918,757,1028,50700,47845,19206,19686,31376,38837
2538,27,32486,1028,12337,46682,30994,39313,19983,24653
2538,1657,3055,1312,50628,46931,14221,20261,24095,38838
140,679,4041,3132,2239,46424,17955,25181,38838,31558
2538,3141,5783,1028,50627,50207,17955,18313,38838,27663
2538,1058,37275,1028,12269,46932,19686,30994,18309,38838
35388,2538,759,3431,47845,50556,18308,18244,27087,32767
93,3141,2239,1028,50190,50629,33044,20017,38843,19397
2239,3441,6053,1030,38631,46683,32217,19787,18554,31286
2538,1045,11978,1610,50551,46933,39942,24269,32773,39043
2239,3442,10135,1027,50700,25299,18916,38838,19416,27662
2538,2788,5783,3141,3731,46161,24539,15681,32412,32768
2238,1344,24133,1028,50628,46929,18821,14220,38770,32765
2239,460,11433,1611,50627,46928,19685,18333,38838,39315
15372,3442,2538,1029,46931,50628,19497,38838,25125,32488
2538,3441,3057,1613,50554,25016,39110,19398,27663,19481
2538,164,50554,1313,12335,46682,13929,19972,31095,38781
24955,23888,198,1029,2238,46162,18843,30817,38780,27648
2538,174,8163,1030,50553,46932,31377,19110,18911,38562
2238,3142,2531,1313,50554,47620,19380,39041,32487,14221
12920,2538,459,1028,50627,46683,15969,19209,19684,38838
2239,50552,2435,461,1613,46930,13628,24822,24917,39043
2538,3142,10761,1312,1029,46683,31559,18872,19398,31384
2538,759,7492,50550,3132,47845,21695,13930,38838,30729
2538,1058,11962,33690,1014,46682,13930,20260,38293,19202
2538,1057,95,1028,34242,46927,18243,38838,31273,18307
2238,164,19747,1028,50554,24730,39925,19686,18675,31280
2538,6246,4332,1029,1344,49696,19686,31286,18297,38566
2538,1058,32320,1015,6423,49693,19970,31273,19477,38838
13109,2239,4341,1030,8401,46933,31272,17991,32771,38768
38359,912,23888,4887,6108,46162,30994,18840,39867,18327
2239,105,15947,2214,1957,47845,31283,15763,31378,38838
2538,64,32114,3131,12923,46683,23674,31928,38768,19139
8727,39453,469,1028,2239,46932,19418,24901,32767,39043
2538,1941,19183,1313,50550,46932,31104,17683,39314,25388
9583,759,68,1028,2538,46424,19398,32943,19444,38485
2538,3142,20758,1029,3434,47844,32940,19687,17788,38838
2538,19461,1052,1914,50553,46928,15366,24539,30819,38838
1326,50551,3443,1027,2538,47845,17955,19193,38833,24857
2239,452,144,1013,1956,49971,14221,24542,32767,24613
2538,1356,31774,1015,11161,50767,13040,37742,25389,18915
31836,50554,3743,1027,2538,25016,13042,38567,19685,19170
2238,2841,11440,1027,50627,50189,32393,19973,19783,38838
2239,2842,1327,1613,50550,46684,19417,30726,25176,39044
30664,767,39185,1030,149,49697,42840,16509,27662,24895
2538,2160,11455,1027,4042,46923,32943,19110,38839,25175
2538,1910,3442,1028,1245,50189,19685,32774,38768,24896
2760,2842,1619,1610,2239,47845,19398,39042,30819,31838
2538,11041,2256,1613,50630,46928,14491,19787,25104,32763
2239,1657,2211,31760,1027,46933,18844,28219,38838,25180
2538,3744,35902,1328,3114,46682,19398,30714,24584,38838
2239,3144,8728,1029,30092,46929,14221,19688,38010,19495
2239,2841,9884,1027,50700,46425,17970,32490,31025,38780
2238,1352,26208,1029,2813,46160,19399,31096,13930,38836
2239,3621,3141,1613,50551,46929,13385,25105,38837,31373
2538,1057,5749,50627,1314,46932,15391,19399,30995,38293
2538,4042,36203,1029,9391,46683,16532,24543,38784,25178
2538,168,40281,3431,46929,50630,19200,18266,38836,27385
2538,3443,1621,1029,50628,46932,13926,19686,25460,38834
2538,23367,87,3131,12923,46929,31273,19726,38838,31376
2538,1957,22227,1028,3433,46933,31003,18596,30816,38838
2538,468,10824,1913,50628,46931,15079,32773,24549,38781
2239,1352,4154,1313,50631,25015,31382,18555,38836,18311
2238,3142,3423,1609,50628,46931,27924,32493,18842,38772
2538,1656,11062,1027,50629,46929,19701,31006,18027,38836
2520,4341,18563,1328,2538,46925,24821,32773,18036,38718
2538,14156,1058,1012,50629,17865,13676,38838,18842,31008
2538,18265,1621,1611,9396,47845,31273,19200,38838,38724
2538,32340,1326,1315,4045,46682,16265,24823,32766,38769
2538,1058,7825,1027,50630,25016,19711,38838,27355,38770
2538,1015,34281,4340,6975,50202,19687,14221,19223,38838
2238,1057,3357,1027,50627,46933,33743,25178,19686,38838
1499,2538,1352,1015,50553,24449,39942,31273,19398,31661
2538,140,49224,1027,4340,50840,30995,20839,38835,19171
2239,1058,19495,50627,1913,47620,18558,30715,38837,38496
2239,163,19492,1028,50629,46931,24276,38837,17086,30818
2239,459,6050,1313,46929,50628,20261,14221,38837,31007
2239,1046,3119,1313,50551,46682,18595,20546,30818,31007
11114,5237,766,436,2238,46161,18870,24544,37695,19213
2538,1351,24555,1313,4033,49835,31551,18888,38294,17786
6598,759,50553,1029,2538,46683,19459,24272,32768,39042
18281,4340,24173,134,2538,46161,30993,31374,18365,38780
2538,1056,12449,1314,25016,50628,31099,38838,24274,19464
2538,3442,1627,1314,50628,46682,20004,32487,31004,19193
2538,1353,15105,1027,23881,50699,19199,38838,17665,31273
2238,3142,1322,1613,1030,46162,28502,19971,19193,38005
2538,760,5451,1027,50629,49973,25392,32771,38769,20014
13621,50630,2538,1311,1058,24732,24332,38838,24272,38770
2538,767,1500,1027,29521,46683,33044,30727,18841,24606
2538,755,12819,1028,50628,46920,15690,19398,38837,25203
14789,173,23888,1328,2238,46424,30715,25462,18366,38508
2538,39485,8162,1028,750,46422,19687,19448,31002,38769
2538,3143,35918,1314,3133,49973,19397,30994,18310,32771
2239,1653,9688,1314,16235,50631,38029,18624,25105,39054
2239,4042,1643,1328,11724,49648,32768,18041,31005,18266
2238,766,13402,1028,50552,46933,17109,25175,24822,33044
2239,23888,18311,461,1028,46162,18841,31001,32487,39043
2538,759,37004,1027,24733,50868,18074,38838,22267,30996
2538,1357,2219,1027,452,49696,19129,30817,31002,38838
2239,3441,10537,1313,50629,46683,18357,19431,24822,24616
2538,2842,30,1613,50628,46932,32487,24378,19685,25177
2239,1941,140,1314,49547,50550,11397,18539,38837,31006
2538,13806,198,733,4331,46161,19418,31830,37737,19783
2538,6414,1327,1314,3141,46922,19395,39043,33045,19773
12163,50555,1357,1029,2239,46929,30818,19111,39315,18916
2538,174,14207,1027,46929,50628,10765,25110,38838,19784
10867,3442,747,3130,2239,50069,30994,39587,32768,19110
2538,13281,1621,730,4342,50095,25107,32768,19198,38769
3622,46928,2238,1314,32306,460,18554,31834,38838,19202
33417,11074,2239,730,3443,46683,15106,19685,33043,38769
2538,464,5181,1312,50628,46928,15364,40129,32771,24823
2538,168,3334,1314,50628,46928,18566,31005,38566,18326
2538,1346,19420,4289,2813,49837,31829,25178,17788,38838
2238,4854,1046,1314,50629,25016,15970,38566,19682,30817
2538,14099,174,732,3361,46922,31384,31280,18842,38838
2538,3743,30932,1914,2829,46162,19400,30994,31384,39043
2538,1652,14206,7025,1029,46682,24611,30994,32768,18076
2538,468,5154,4289,50629,46933,18596,19974,34726,18075
2239,3442,10733,1611,2512,46683,30994,30816,20546,38291
2538,10527,1941,1030,50627,46928,32667,19398,18332,38838
2238,1352,1028,50629,4512,23881,39925,20238,32767,31005
2538,17087,65,3430,12630,46424,30716,31095,38768,24305
2538,1653,32033,1030,2520,50088,17112,31004,30816,38837
23991,30994,1352,1028,2538,46425,13930,38838,18324,31375
2239,164,3133,730,29521,46933,24897,18840,32668,38836
2538,173,18296,1028,50629,46928,19686,32770,30994,18654
5485,2239,1053,1031,46932,50554,32765,18307,19399,38769
2538,1046,31778,1016,50631,46928,13109,19976,24897,31273
6912,756,37810,1029,2239,46931,13931,19398,31104,38838
2538,163,7320,1313,50627,46932,17666,30818,25128,39042
1314,5109,2538,759,46930,50630,15075,31282,38838,24324
20830,3124,2538,1015,1057,49968,31829,19497,38838,13930
2538,24173,7570,747,1029,46926,32390,33045,17975,38782
2538,3742,12571,1030,50550,46682,19435,18236,25459,32774
2538,1956,6655,1029,37814,46682,19134,31273,24654,38838
11687,3741,1058,436,2538,46424,13681,24539,32489,38769
2239,24172,380,467,1312,46162,19463,18840,38566,30816
2538,3143,19828,1914,50555,46928,20832,25460,39314,32774
2239,1357,35378,1015,2220,46933,17994,24260,38784,18914
14826,50628,167,1328,2538,47845,23691,33041,38840,38223
2239,3142,13662,1312,50628,46931,24374,18266,39314,33045
6653,2239,50554,1029,2542,46930,19207,19687,14220,38838
2538,25675,1028,452,17865,50627,39940,17090,39043,25460
2538,1357,11119,1028,27000,46683,14221,18334,38838,19687
2538,759,13079,1028,50628,49697,27337,17784,19111,38838
2538,761,5703,1028,50555,49973,31096,19685,38838,14221
2538,34832,149,1609,4043,49969,18819,38838,24320,24380
2238,3134,2241,1610,50627,46932,32390,32765,19685,19203
2238,1055,1626,1613,50554,46928,25125,14221,17368,31660
2238,452,2813,1313,50629,25016,18852,38838,24043,31006
2538,40812,1651,1028,1908,46682,24538,32486,38838,19495
2538,747,3733,1610,50628,46933,23693,25742,39315,19788
11140,24457,789,1315,2239,46160,18656,32763,18552,31007
2538,747,13806,1031,5163,46929,31830,18840,38838,25458
2239,3141,15512,1328,34800,46682,31551,32489,18842,19499
2538,4884,442,1031,4041,50206,31551,13698,38838,18844
2238,1057,5404,1610,50554,29799,17647,38838,24301,25107
24448,1363,3772,1031,2538,49968,31098,31552,16801,38838
2538,1057,36721,1027,3733,46682,14510,31273,38551,19686
2538,462,11707,50550,2512,46930,19702,30994,38838,19203
2538,13038,1919,1015,4938,46929,31551,22264,38770,18886
2239,3744,39724,1313,3424,50196,19686,19500,38838,31096
2538,754,13118,1914,50628,48280,17694,33045,24827,39315
2538,2257,50470,730,2761,46928,21979,31005,19206,38837
4587,13514,2541,732,2538,46425,24322,32494,18841,38771
2538,3143,9960,1611,50553,49390,14208,17787,25106,38823
2538,459,24165,1613,50628,46682,17089,20068,31274,39042
11732,1656,33968,1027,2538,46682,31097,19686,30726,18868
2239,3142,5404,1028,50627,24165,39382,18553,26518,30817
2538,1657,7156,1014,50553,25016,18008,38294,19398,19208
2538,2467,1058,1328,50627,46930,22265,19496,31284,38561
2239,760,5737,1614,50628,46930,21689,13920,38838,19494
2538,756,4196,1016,50629,46683,18842,26515,19202,38838
1939,1344,140,1028,50551,46929,18910,38838,19685,31281
2538,3745,31506,1014,2219,46162,25105,24897,17981,38446
2538,6305,1058,1328,50629,25015,14288,38838,18841,24893
2538,1656,15945,1031,50555,46931,13372,38838,24260,24892
13642,2538,3441,731,25016,50628,39666,19112,24094,39043
2239,2168,38932,1030,6131,46424,24237,13112,18841,38838
2538,1957,1642,1027,2511,46162,21693,31272,31096,38779
2538,766,3123,1027,171,46162,17964,31098,31005,38770
7320,37810,46933,1027,2538,1059,25952,18555,38837,19200
2239,1045,50627,1029,10865,47393,13328,24261,18334,38782
2538,2842,6051,1613,50551,46928,17991,14875,24543,38837
2239,3892,1058,1029,50629,25299,26799,38838,18841,25176
2454,50628,765,1612,2538,46932,13931,31382,19399,38839
2538,1057,6843,1914,46929,50628,19449,31274,18249,38838
2239,1029,15850,3443,11683,49051,31273,19971,24659,32762
2538,1656,2541,1313,11744,50767,31099,17180,18842,38838
2538,1357,12755,1015,50629,25016,26518,38837,18246,19771
2538,173,11419,1014,50552,46684,19715,32768,30728,39043
2538,469,119,1610,33144,46932,20553,31001,14221,38014
2239,6001,1920,1028,6131,46425,30722,19482,38769,18841
2538,1058,204,1313,50550,25016,18097,18842,38552,19463
2538,2541,1066,1027,3115,49836,19133,31273,38769,25459
2239,1058,2541,730,1626,49839,25959,18919,38838,17378
2538,460,5756,1027,50629,25016,15083,38840,24823,24894
2538,4041,1057,1027,6349,46162,17088,31097,31283,38769
2538,1658,203,1027,24732,50699,30820,19450,38838,24824
2538,1058,5706,1613,50627,46931,12278,19787,19685,32765
2538,1058,10470,1029,50629,46931,20836,25458,30729,33045
35071,2239,1357,1328,1911,46933,13333,31273,38823,19971
1641,2239,30365,730,3116,46683,15944,24258,32665,37742
11430,1328,2843,1313,2239,46924,25107,18597,34985,16801
2538,257,1899,1029,4044,46923,31267,30817,18841,38836
2238,23889,13402,3441,1913,46424,12760,27664,37740,18822
2239,3443,6000,1613,50629,25299,20835,38566,13931,30729
2538,1356,32318,1611,5218,46682,19430,39315,31273,31097
2239,13513,165,1612,2530,50097,15673,39587,19207,24275
2538,765,1200,1027,47620,50553,15659,32492,25176,24275
2538,167,5455,730,28961,46932,18887,23697,38837,31098
17846,50629,166,1610,2538,46929,32940,38838,18840,19201
19244,4639,38359,1031,2239,46929,18298,27636,38838,18822
2239,1053,18914,1328,50699,49225,19982,33049,31005,38780
2239,3143,27892,1310,134,46932,12743,20263,33043,17787
2239,766,2541,1913,24733,50629,12551,24272,38005,19173
2538,39483,6711,1015,759,46682,19685,31273,20073,32217
2538,1651,17969,1028,50628,50206,19786,32763,31007,38838
2538,5819,676,1314,5833,46925,17787,19398,24326,38758
2538,1358,20183,1015,25015,50629,15945,37748,25128,19198
3954,50554,3443,1028,2239,46933,13977,18841,31280,38839
2239,748,11430,1027,50553,46928,18871,19398,19210,38561
16549,50554,3442,1015,2538,25016,40467,21409,25175,31273
2538,3142,19493,1028,50551,46683,12489,17377,32767,24301
25125,2238,164,1014,25015,50630,25179,32773,39586,17665
2239,3442,15953,1613,3134,50095,24523,32496,19498,38770
2538,1357,5370,1027,50097,50628,16641,18606,19973,38836
2239,1358,34554,1012,4032,49835,19685,18006,31385,38769
2538,2842,2220,1027,32584,46933,13645,25176,23974,38838
2538,168,25662,3430,50631,46928,19494,16218,38838,18291
2538,1952,49839,50628,1029,198,38567,12818,23422,30819
2538,33045,3333,1027,3444,48681,19972,31281,17711,38782
2239,3142,11073,1028,50627,46162,26488,13931,19110,38838
2219,6728,1657,730,2239,46683,31378,25126,38768,17379
11054,2841,2239,1028,50553,46929,14221,19398,24896,38838
2538,764,7320,1014,22180,49968,23998,39110,31837,16799
2538,32880,1028,3742,1330,49839,19687,32496,30729,25175
2538,3142,5440,1613,50554,47845,17112,38293,25110,19206
2538,1057,15094,1913,50628,46928,18077,32771,19397,39043
7506,24740,1642,1030,2238,46921,18842,30722,32768,38781
3434,1363,174,436,2538,50207,25392,38833,18580,17090
2239,165,5439,1610,32583,46932,19201,18840,32770,38771
2538,13410,1621,1613,3141,50067,31551,38836,18290,30814
2538,468,18294,1027,29241,46684,24845,32390,38838,17090
15680,1326,2538,1028,6727,46923,19398,24895,31282,38837
2538,38094,2231,1314,4640,46683,19397,31274,38838,31095
2538,1058,13616,1028,46932,50554,13411,30994,25742,38834
2538,765,748,1013,25299,50628,24091,38838,19398,31377
2538,767,163,1312,3424,50870,25122,38835,25173,39043
2538,467,12864,1613,50551,45630,30818,24559,31273,38770
2538,1653,733,9690,735,50205,19701,25209,38833,31006
2538,1059,11688,50628,1029,50207,18543,25177,38838,30449
2238,35620,1326,1015,3744,46683,31551,13931,31381,18040
2538,3443,11724,1313,50550,46682,19427,19199,31002,38833
32048,2239,4639,1914,2529,49839,18821,31273,24378,38838
2239,3743,50552,1031,11946,46929,11879,19686,38566,27663
2239,758,7209,1027,50550,49547,17507,19397,38838,25173
2239,3424,24325,1015,3141,46162,24821,13930,38838,38718
1327,461,50628,1015,2239,45630,20556,31096,31561,38781
2538,3432,755,1028,50555,46932,12744,31653,19974,24324
2538,758,33974,1028,3733,46933,31551,18560,31376,39042
2538,2220,166,1027,29521,50189,24845,38838,32390,18912
2538,761,7241,1027,50628,49225,12738,30538,24259,38823
1045,2238,4041,1031,8162,46683,31272,19398,32498,38781
2538,765,11419,1028,7025,46160,18553,32766,31003,38508
2538,2541,1613,766,10867,50769,13985,38838,18842,31376
2538,459,11122,4289,50628,46928,13337,25177,19397,38838
2538,1058,2229,1028,50629,45630,21692,18616,31272,32766
22744,24733,2538,3132,1058,50629,32764,18841,38497,24618
2239,1058,24919,210,1328,49694,18553,31834,38829,38770
2459,50628,1057,1014,2538,25016,16509,38838,28206,18336
2538,17087,3442,1314,50628,25016,44974,30825,19485,38838
2239,1868,4340,1027,17865,46925,18258,31552,32487,38770
2538,50554,464,1312,441,48280,19413,24094,31280,32487
2538,3442,3378,1613,50554,46928,18886,19686,30727,38836
2538,2513,50097,1028,6728,48681,30995,14226,17089,38004
2239,1657,8134,32314,1030,46683,19420,27662,38838,19488
2239,4033,32059,1613,4340,49693,19399,31273,30537,38509
2538,1356,4034,1941,1313,50903,31273,38564,19706,30817
2239,1054,452,1328,2220,46922,13930,31282,24895,38783
2538,459,11393,1913,50554,46933,24379,18539,27930,38838
4554,760,2238,1028,50554,46929,13371,18267,38838,30728
2239,24414,2811,3130,3141,50195,14221,38824,19687,32661
2238,1053,8137,3430,50628,46929,13372,17676,38838,31281
2538,748,3409,1027,50630,46929,31374,19717,39043,27649
2538,1657,7915,1610,24733,50902,22267,38838,19486,31099
2538,3745,3425,1613,33700,48681,19987,31006,38838,24615
3114,14099,1044,436,2538,50096,30994,19429,38838,18616
2538,1057,5948,1012,25299,50554,19714,38021,19498,31274
13041,50553,3142,3431,2238,46920,18075,20263,39314,24899
2538,33151,46933,1328,3432,1058,24538,13406,38834,19149
747,1057,1326,4289,46928,50554,18554,31273,39042,19489
2538,1657,11098,1015,50554,46684,20274,30538,38770,31004
10749,50629,47620,3431,2538,1057,17718,38838,19686,25469
2239,3143,6301,1028,47845,50629,22513,24658,39315,17974
7322,2538,1063,1027,25015,50627,31104,18840,18624,38779
2538,3441,13973,50768,1027,46929,16636,19110,31273,38823
2538,1052,11707,1028,50553,46928,24902,19398,38838,27636
2238,4255,163,1014,50627,46928,17688,31095,31006,38566
28448,974,767,4588,10867,50876,13929,38838,18244,39042
2239,1358,33973,2787,3132,46931,30994,17752,19400,38837
2239,2541,1327,1027,28401,46932,31096,18561,30723,18035
8485,13806,1344,436,2239,46161,31273,19737,38838,19110
2239,174,2813,1027,28961,46683,30451,18555,38838,25179
2238,1045,3699,1029,32028,46928,18554,25718,38838,31104
17830,23889,174,1029,2238,46425,12448,19973,38010,30727
19207,13806,173,1028,2239,46925,18553,30722,32488,38838
11418,50554,164,3131,2538,25016,18820,38566,27925,32485
2239,3142,140,1029,50551,47845,13699,13930,38838,19110
2538,1358,32863,1027,10829,49973,18548,38838,24615,32486
2538,756,24042,1314,50701,24731,23692,39110,31099,39043
2538,3142,10551,1314,50552,46683,19421,18332,31100,38769
2538,167,24408,3431,1057,50627,38566,18555,19501,38771
2238,1357,12748,1013,50554,24733,20550,38838,31098,38497
7192,24165,50553,1029,164,2538,38838,18841,17734,38780
