11456,2239,1357,13324,1612,50627,50069,39586,24274,18886
6428,2538,3442,34844,1913,2813,50087,24522,32485,18265
11456,2538,1352,12445,1027,50550,50200,16637,31272,19444
9984,2538,1657,6600,1611,50699,50203,18585,31006,30818
6726,2538,39741,1327,1613,1047,50203,12468,19398,37469
9984,2538,759,6894,1613,50627,50202,24888,32489,19684
17865,2538,1658,32389,1314,50768,46422,33045,19209,19110
11456,2538,3741,1626,1313,50627,48066,15365,32763,24274
11456,2538,1352,3569,1313,50627,50200,33051,18266,38768
7320,2538,1658,37567,1613,50699,46681,18553,30170,31928
15838,2239,453,34258,1913,3422,50081,31830,24272,30816
159,2239,2787,31255,732,7034,46161,24544,31378,38718
11456,2538,757,24266,1614,50699,50203,32490,13930,39588
9984,2538,2841,11702,1612,50699,50200,19429,40138,25390
9984,2538,2241,6946,1611,50766,50072,24519,31941,17976
11750,2538,3443,31505,1328,50550,46681,25460,30994,19398
11750,2538,1657,12471,1612,50699,50202,32661,24272,39315
7320,2538,39181,25016,1612,50825,747,43108,32770,18264
12922,2538,1058,3057,1613,50627,50201,14259,19398,38833
12922,2538,1657,32645,1027,50550,46681,18840,31376,38782
11750,2538,1657,39484,1912,50767,46681,24897,19399,31274
11456,2538,1344,30416,1028,50627,50198,19125,32773,38771
6428,2239,1056,10169,3130,38359,46681,19983,33039,30997
11456,2239,759,20533,4289,50768,50069,18883,39587,31378
159,2239,1056,20832,1614,3131,49969,31376,31272,38782
11456,2538,1658,27909,1328,50699,46422,19708,32486,39316
6428,2238,39203,11732,3431,3442,46681,17978,31274,38767
11456,2538,2841,12022,1613,50627,46681,25956,17664,32769
11456,2538,1352,10137,1612,50550,50203,19718,31280,31097
9984,2538,3741,1329,1613,50903,50203,21697,31551,24325
159,2538,1652,15657,1610,50768,50198,25742,25108,38834
9984,2538,1656,12525,1914,50627,50069,17401,39313,34984
11456,2538,3142,3061,1312,50627,50203,17109,31006,31373
7320,2538,1656,23365,4588,50550,46681,13696,18555,32768
11750,2239,759,13411,1028,50699,50200,34575,19398,38837
11456,2538,766,13914,1313,50699,50069,31098,39315,27928
7320,2538,761,3678,1614,50550,50201,18259,30445,38566
4040,2538,493,6423,1612,32306,46422,24618,14221,19975
11456,2239,1351,32114,1029,50550,46681,24273,16219,24634
9984,2538,3141,11140,4887,50699,50201,17977,25390,38780
7320,2239,2542,3433,1613,50627,50071,19704,30722,38838
6726,2239,2241,11455,1314,50551,48279,14221,18899,19975
159,2538,1352,4801,1612,50766,50070,31003,31099,39313
9984,2538,1357,11123,1314,50768,46681,32390,18554,23956
9984,2538,2841,2215,1313,50627,50199,24379,20555,39314
11456,2538,3743,4813,1613,50627,50199,30818,19687,31273
11456,2538,10750,1054,1613,50699,48066,20024,31284,31940
159,2538,14098,9876,1328,172,50095,18855,32112,38837
11456,2239,3141,19498,1328,50550,50198,24240,18266,31680
4040,2538,1057,4289,37027,10823,48484,14221,32394,38770
9984,2538,2241,2211,1612,50699,50069,24523,32766,13681
159,2238,1358,13111,1613,731,50203,30994,18867,38834
9984,2538,3744,3616,1613,50627,50203,18021,18554,39315
159,2239,2788,2519,1029,3741,49969,19398,18291,38551
4040,2239,1956,26479,1912,50699,46661,18840,17785,31283
159,2538,1358,29006,1612,50766,46422,18620,18574,38719
11456,2538,1652,17688,2814,50627,50201,13114,31274,38770
6428,2538,17954,1357,1328,50700,25016,49225,19203,39042
12629,2538,1357,22796,3731,50767,50201,18841,32492,18912
4040,2239,3143,2529,2186,3431,50095,17667,38833,27647
9984,2238,758,13118,1914,50550,46681,18553,31281,31376
7320,2538,3741,8727,1314,50766,50200,18292,38834,19109
9984,2538,1345,410,1912,50627,49971,31830,19706,32766
13215,2239,3741,2157,1613,50699,50202,17974,25954,38560
7320,2538,163,33216,3431,50629,50069,17971,33045,39042
159,2538,1358,8165,3130,26430,46422,13929,21981,31008
11456,2538,1058,20536,1028,50699,50071,38824,30537,18007
6130,2538,3142,31769,2213,3433,50202,17977,38768,31100
12922,2538,1352,34295,1028,50766,46677,27644,17090,32763
12629,2239,3743,4510,1610,50627,50199,19685,19496,32766
17865,2239,50551,17575,1027,50627,1045,38837,18846,24894
7320,2538,1657,12748,1313,50766,50092,18885,19685,31274
7320,2538,2541,2833,1613,50627,50203,26799,18553,39052
11456,2238,1053,5155,1614,50627,50203,28490,18263,38771
11456,2538,1656,20546,1612,50550,46681,30994,18579,31097
7320,2538,1352,13675,1610,50699,48066,31095,18840,31285
9984,2538,1655,6604,1613,50550,50203,33051,21695,39316
17865,2238,1059,7154,1314,50550,50069,19783,32773,18842
6428,2538,1058,36724,4588,11417,50203,31268,18555,38561
7320,2538,460,28153,1613,50550,46422,19749,33050,23693
159,2238,1357,15385,1328,32860,46422,30994,33043,19973
11750,2239,758,28729,1613,50767,50198,28587,19487,38768
17865,2538,1656,6306,1313,50766,50203,18295,18244,30996
17865,2538,759,3363,1912,50627,50069,15655,38824,25390
12629,2239,1356,13329,1028,50699,50203,32773,31273,24844
17865,2538,3443,18556,1029,50550,50201,32381,38561,24615
24449,2538,3744,6002,1313,50768,49970,27636,16798,31375
7320,2239,1352,24281,1912,50627,50200,15185,30995,17088
159,2538,1657,14209,1913,50768,46161,30819,39315,19772
9984,2538,1352,16557,1913,50627,50203,12245,31273,19398
11456,2538,1658,16538,3131,50699,50201,31557,24333,38838
159,2239,23888,5153,1030,2841,50094,13920,25108,38838
12922,2538,759,7543,1613,50699,48484,30694,17971,38837
11456,2538,1656,37824,129,50627,46681,13410,25208,18553
17865,2538,1642,28726,1328,50627,50201,18842,39314,31662
9984,2239,759,25121,1029,50768,49937,18518,32767,38771
11750,2538,759,21980,1613,50550,50203,31273,39315,18296
6428,2538,767,13401,3131,50628,46681,19142,30994,25457
6428,2538,1344,11729,1613,50768,50095,19955,39314,30717
7320,2239,461,35939,1614,50699,50203,13385,19685,38833
11456,2538,1053,11707,1328,50627,50200,17964,31097,39315
11456,2538,3141,18270,1912,50627,50071,44172,31005,32767
11456,2538,1651,19407,1314,50699,50202,24633,32765,30996
11456,2239,1358,13617,1613,50550,50094,31273,39587,24321
11456,2238,3143,3115,1612,50766,50203,31835,18266,38838
17865,2538,757,34829,2213,50627,50200,31273,17090,39315
9984,2538,1356,10742,2832,50627,49050,17378,31095,31274
6726,2239,767,18884,1031,34244,46681,31273,31661,18358
17865,2538,1064,7025,1029,50627,50203,32115,17975,19487
6428,2239,3443,35070,1912,3132,50203,19499,30994,38838
6130,2538,3445,20246,1913,87,50092,30991,14221,37469
11456,2538,3443,11318,1314,50699,50070,25126,40128,31273
159,2538,1655,23407,1612,50550,46681,31094,31273,19462
159,2239,32307,12163,4289,4041,46161,24892,30994,19686
7914,2538,1358,9024,1614,50550,46681,16217,30994,39042
159,2238,1314,6048,3131,3744,49969,25182,19687,38836
11456,2538,3444,166,4289,50699,49971,19173,32770,38781
6726,2538,3142,7837,1610,50628,25016,29024,38561,18264
6726,2538,164,6652,1611,50628,25016,42840,18262,31375
24449,2239,1955,15658,1027,50699,50203,30817,31273,19199
7320,2239,1357,6541,1313,50627,50202,19784,18555,38829
9984,2239,1954,11588,1612,50699,50203,25675,31380,39315
159,2538,1657,16136,1312,50627,46161,17751,31273,18846
7320,2538,1357,32060,1311,1328,50203,31272,25178,38838
24449,2238,3144,93,1612,50627,50198,32115,17975,39042
11750,2538,13994,3142,1029,50627,46422,33045,19397,31272
11750,2538,1057,14787,4289,50627,50203,35255,25122,39587
13215,2538,1057,36176,2213,50627,50198,13327,39315,24324
12629,2538,2843,24859,1029,50627,50200,13975,19685,38561
6428,2538,3444,13676,2213,50628,46681,31098,17406,25717
12629,2538,758,17402,1612,50767,50201,24886,30995,39587
159,2239,469,2220,3430,21030,50198,13920,20110,31098
11456,2538,469,38092,4289,50699,46422,24663,19398,31273
11456,2538,1651,17086,1028,50550,50200,32104,13638,39042
11456,2238,760,12451,4289,50550,50071,25105,38838,19174
11750,2239,2841,24606,1028,50550,48484,32671,19683,38561
9984,2538,1642,3424,1612,50627,50069,19979,39587,30437
159,2538,1357,14781,1610,50699,46681,32768,16042,25105
11750,2538,3443,9024,1613,50699,48279,18266,31279,31096
6428,2538,765,39729,1328,12331,46681,30995,20262,32497
159,2538,1357,15971,1610,50699,46681,17786,20261,39042
12922,2538,1956,35100,1328,50550,50199,17697,30994,31377
9984,2538,4881,50627,128,1352,48484,19140,30996,33043
159,2538,1357,12987,1610,50699,46161,33044,25122,39314
9984,2238,2241,3732,1611,50550,50203,25674,31097,39044
9984,2239,759,13985,1610,50699,50071,43904,19136,31274
7320,2538,1357,35663,1613,50550,46422,24378,17683,39315
12922,2538,1657,18042,1027,50699,46681,29304,19397,38567
9984,2239,2241,11123,1613,50550,50198,18601,39587,18842
9984,2538,1351,18836,1612,50627,50199,44172,32766,19496
9984,2538,1357,6898,1611,50766,50069,31001,25739,18553
11456,2538,3443,13681,1613,50550,50201,30540,39313,18840
9984,2238,3141,4883,4289,50699,50070,32114,39587,19399
159,2538,1358,12756,1328,7025,50092,30715,19689,25177
24165,2538,1352,21128,1028,50627,50198,30715,19497,38837
11456,2239,4041,13974,1612,50699,50198,24890,18559,38833
11750,2538,1046,10537,1914,50699,50202,28209,18265,39315
3440,2238,1361,1625,1612,1641,49969,11399,21410,38496
6130,2239,460,13696,1914,50628,25015,18259,32485,38835
11456,2538,1353,15364,1613,50768,49050,13109,31274,39042
9984,2238,1642,15833,1612,50699,50203,19686,32485,14510
12629,2538,1054,33163,1328,50699,50202,25124,15928,38288
7320,2538,759,13968,3130,50768,50203,19686,32207,39315
9984,2239,2841,1032,1314,50550,50202,18251,32774,39315
9984,2538,1956,8100,1612,50699,50071,18543,17494,38823
13215,2538,3141,3124,1913,50767,46681,20025,19686,31098
9984,2238,1656,4856,4289,50627,50091,17955,30994,39587
7320,2538,1351,32389,3731,50627,50071,15951,40138,24272
6428,2239,33425,11418,1611,1056,50088,24254,38769,24892
7320,2239,3141,13701,1612,50766,46422,18869,19686,30994
17865,2239,1056,5368,1613,50766,50071,18841,33047,39043
7320,2538,2841,19489,1912,50627,50071,20258,39315,31095
9984,2538,1352,26205,1913,50627,50201,31652,18840,39043
9984,2538,1357,5089,1310,50627,50198,27929,39042,18840
17865,2538,3742,19718,1028,50627,50199,13998,38551,30449
9984,2538,1056,25926,1912,50550,46681,18553,19773,32484
159,2538,4340,8459,1912,50627,48279,24807,31095,18290
11456,2538,4041,9874,1029,50550,50093,31099,19685,30715
17865,2239,1351,6262,1610,50699,50069,31544,18841,39313
9984,2538,3144,12563,1328,50550,46681,19497,19399,30995
4040,2538,1655,31783,1328,11160,49968,24323,17376,31274
11456,2239,1352,6544,1614,50627,50198,20543,32205,39315
12629,2538,1060,32655,1028,50699,46681,18266,24608,32773
11456,2538,3444,13081,1614,50699,49050,18841,27362,38769
159,2239,1357,21694,1313,1028,48066,30994,32763,24869
17865,2238,760,32103,1314,50627,50203,13330,39314,18306
9984,2239,3144,149,4588,50768,46681,34981,19397,19155
17865,2538,1357,19708,3130,50627,50203,30995,19489,39042
11750,2538,1653,17087,1614,50765,50201,32765,30994,24280
12629,2538,1652,32325,1314,50699,50198,24954,18554,19193
6428,2538,1343,10829,1028,50628,25016,48067,18552,30538
6428,2239,1057,31771,1028,3732,50092,23969,38718,30819
4040,2538,3144,39993,4887,4883,46681,19685,30994,16556
159,2238,1655,2735,2786,2832,50094,30994,32765,19976
12922,2538,759,39206,1610,50699,48484,22261,31272,24618
11456,2538,1057,167,4887,50627,50072,18603,32768,39315
24165,2538,759,37824,2830,50627,49798,13995,18841,32766
159,2538,2788,3957,1031,9986,46161,19686,19446,30739
12629,2538,1057,13326,1913,50768,50198,19206,31273,38823
9984,2538,1058,20836,3131,50627,48484,19738,31274,33046
11456,2538,1357,12457,1612,50699,50092,31273,19972,18887
7320,2538,1357,6036,1613,50627,50203,18841,27664,31377
9984,2538,1352,10761,1613,50627,50198,18819,16927,31274
9984,2538,3144,39484,1914,50627,46681,13698,30995,19688
159,2538,1358,1329,436,5535,49969,18268,27929,38838
11750,2239,1057,12150,1613,50627,50072,23375,33046,38783
159,2538,2256,11116,1027,2842,49969,17698,31280,31376
159,2239,1046,27086,1328,12923,50203,16256,31375,38495
11456,2538,759,15073,1613,50627,50072,31095,39315,18596
6726,2238,767,1797,1028,37814,50203,14221,19973,32498
9984,2538,1357,4474,1913,50627,50201,13372,18841,39042
11456,2538,1357,32644,1614,50627,46681,32490,19139,38768
11456,2538,1350,18836,3131,50627,50069,42840,19498,31282
9984,2538,758,4554,1028,50699,50201,32763,20267,38771
17865,2538,1046,18626,1314,50699,50069,43377,19440,25108
12922,2538,758,33973,3431,50550,50198,17682,38829,25180
11750,2538,1357,5370,1913,50765,50198,31377,18843,31272
7320,2239,1357,31504,1328,50627,48279,13403,19397,30715
6726,2538,3744,39176,1913,11433,50087,14496,25109,32489
12629,2538,452,24897,1328,50699,50198,30713,15669,24276
9984,2538,3144,10827,1613,50550,46681,16843,19684,31095
29799,2538,759,26488,1030,50766,50198,14200,39868,27663
7320,2538,1357,28728,4289,50550,46681,16493,24605,38768
11750,2538,1357,1343,1312,50699,50093,18557,31273,39042
11750,2239,1356,34002,1612,50550,50202,18586,18829,38833
11750,2538,1941,18904,1613,50627,50071,23972,39315,18375
9984,2239,3141,9550,1614,50699,50198,15657,32767,30995
11456,2538,760,15075,1913,50627,50201,19200,23692,38834
11456,2538,1655,17954,1328,50627,50198,32774,19493,38771
159,2538,758,25675,4887,50627,50069,16231,38551,24897
12922,2538,3141,25331,1613,50699,50200,25141,19686,38837
6428,2239,468,8728,1030,50628,48279,31097,18843,26238
12629,2538,1655,33423,4887,50699,50071,24608,38833,18841
159,2239,1057,19150,1610,50627,46681,12278,31273,32486
159,1939,1656,25460,1912,29520,48279,13638,21404,32766
12922,2238,1357,33727,1328,50768,46681,19686,31274,17499
9984,2239,1058,9252,1613,50767,50071,16509,31283,38833
17865,2239,757,13402,1612,50627,50203,25390,31660,38772
159,2538,1956,7837,1328,1045,50095,23973,14221,31096
7320,2538,1351,15911,1027,50699,50095,29870,15973,31384
11456,2538,1957,33486,1613,50699,46681,18579,24903,24259
18154,2538,1358,11589,1028,50627,49971,40943,31274,23699
15838,2239,4639,32043,1611,1024,49969,19682,30995,18001
6428,2538,4342,37289,2786,2512,46422,18883,30715,19687
25299,2239,2541,8163,1313,50627,50198,15084,39044,33047
6726,2239,1357,5071,4588,33966,46681,14221,18626,31378
4040,2239,3141,15181,1328,50628,50070,17072,32766,24272
11456,2538,1351,2159,1610,50627,50201,18561,30727,30819
6726,2238,3443,38905,1913,3432,48484,20005,31273,38770
159,2238,1641,15949,2831,13801,46161,30714,19786,38781
6428,2238,3141,11977,1029,33138,46681,14221,33049,25465
11750,2538,1357,35905,1313,50767,48279,18296,31273,19687
11456,2239,2841,7864,1613,50699,50198,19704,30995,38824
11456,2538,1357,25129,1027,50699,50198,13643,38834,17089
159,2538,1359,24269,1610,50699,46678,31097,30993,16257
11456,2538,748,33046,1029,50550,50201,31272,19397,40408
11456,2538,1356,38682,1028,50550,50203,24385,18836,31273
11456,2538,1351,215,1612,50627,50069,24685,30994,38772
9984,2538,3743,11682,1914,50699,50203,19972,31097,40137
11456,2538,3442,32327,4588,50699,50203,16929,17089,39587
7320,2538,759,6050,3430,50627,50070,30723,18554,38838
11750,2239,5409,3142,1914,50550,50200,13118,38496,32772
11750,2239,3143,24561,1914,50627,50199,17375,31273,38823
11456,2538,1351,26487,1328,50699,50200,15958,32766,39315
11750,2538,1058,13992,1611,50627,50198,19428,32762,39042
9984,2238,748,19784,1913,50550,50203,19739,19685,30715
11456,2538,1351,13677,1612,50627,50203,32206,19417,39314
24449,2538,757,13097,1328,50627,50199,24834,13637,38562
6428,2538,470,27328,1612,17863,49969,16796,13931,39042
9984,2538,3141,2221,1028,50627,50200,24822,24898,18284
6428,2538,757,25478,1328,50700,25015,48681,23691,17996
9984,2238,3143,13118,1912,50767,50203,18560,32494,38771
6428,2538,1053,32603,1914,17576,49969,31273,19685,18007
11456,2239,1044,40281,1913,50766,50199,12567,19398,31273
9984,2239,1353,20545,1913,50768,50203,19493,31272,39588
11456,2538,3141,9524,1613,50550,50201,18554,32774,39587
7320,2538,1058,17376,1029,50627,50200,13930,30728,32497
7320,2538,1359,35348,1613,50699,46161,17210,30994,18536
1940,29799,758,8135,436,50627,46150,30995,19397,19459
9984,2538,2461,1351,1613,50627,50198,31379,18271,39314
12629,2239,18023,3141,1315,50627,50201,32492,24255,38768
11456,2538,1352,5107,1614,50699,50094,15655,32489,30716
9984,2538,1357,6305,1314,50550,48066,32378,18844,32764
7320,2538,1352,32598,1328,140,46422,19685,31273,32762
159,2538,759,11675,1314,50627,49050,20836,25743,39042
9984,2538,1357,6603,1029,50699,46681,32491,19398,31273
159,2538,5535,15966,1328,14098,46161,30147,20833,39054
13215,2238,3443,18278,3132,50550,50199,44172,25956,19495
12629,2538,759,20837,1913,50627,50203,32901,13931,38837
6428,2239,3142,36507,3132,50554,46425,18842,19495,38840
7320,2239,1356,16139,1914,50768,50198,16265,17785,38768
7320,2238,3742,50551,1612,2214,46681,19135,31104,31273
9984,2238,3742,8728,1613,50627,50198,24408,20269,38781
9984,2538,759,18038,1611,50767,46681,26223,32772,18841
11750,2538,3441,8730,1611,50627,50201,32666,32773,39044
9984,2538,748,11419,1613,50766,50200,25674,15638,40138
9984,2538,1943,5186,1612,50627,48279,18000,24614,38771
9984,1939,140,34560,4289,4639,49971,13615,40139,30727
13215,2538,3741,14283,4289,50766,50198,21122,30723,31375
9984,2538,1954,5945,1613,50627,50200,14803,25177,39042
159,2238,1613,14789,1586,9986,46161,30994,31097,24844
7320,2538,3443,15087,1611,50550,46663,31376,31003,20832
9984,2239,3141,18325,1614,50550,50202,13925,31273,19398
159,2538,1657,29823,1613,50766,46676,18268,31274,39042
159,2538,1956,18309,4588,50627,46422,32767,19397,32666
7320,2538,3741,4883,1027,50627,50201,27924,19686,38566
159,2239,4887,21689,2787,6737,46161,30714,32774,39030
11456,2538,1357,10169,1914,50699,50203,29872,19398,38561
11750,2538,1656,13990,1029,50627,50203,19682,30994,38822
11456,2538,1053,14213,1613,50699,46681,32664,25179,24544
159,2238,1356,14212,1612,3131,50200,19200,31281,38837
159,2538,1057,18295,1328,6727,50092,10219,31836,38557
11456,2538,1357,32902,1912,50699,50069,25456,38838,18841
159,2538,1363,14802,1611,50627,46422,23992,31273,19200
12922,2538,1053,25953,1314,50699,50070,18264,25461,38768
9984,2538,2542,11388,1313,50627,46681,19786,19972,31377
7914,2538,760,3058,1311,50627,50199,18037,25106,38833
9984,2538,3743,4888,1028,50627,50071,26799,18840,38822
7320,2538,1653,2134,1028,50699,50200,31104,31284,18842
11750,2538,1655,15078,1328,50699,50198,23690,38834,19779
9984,2538,1057,29011,1029,50699,50200,12546,33043,19686
9984,2538,1054,7506,1613,50550,50093,12572,20553,38837
11750,2238,4041,39724,1028,50699,50198,13989,18554,34981
159,2538,1357,31244,1614,393,50094,31098,18552,38835
9984,2238,2541,3415,1613,50627,50198,19396,30994,39043
159,2239,5784,469,1611,4639,49969,14221,24896,38835
6726,2538,759,19125,3131,50471,46681,11398,32762,30727
11456,2538,1657,27918,1912,50699,46681,24897,18266,32766
17865,2538,3143,5784,1312,50627,50203,14793,25242,38823
11750,2538,748,18909,4289,50550,50095,44172,18554,30727
11456,2538,1357,19982,3130,50768,50203,24938,28487,38771
159,2538,1610,18267,1030,1344,50095,24238,30816,38781
12922,2239,1053,5370,1913,50767,50092,18252,31284,32771
11456,2238,1941,25125,1313,50699,50200,13930,31552,18621
11456,2538,1656,6560,4289,50627,50201,31660,18841,24042
11750,2538,2542,11027,1328,50767,50198,18262,31004,31374
159,2538,2543,2198,1612,50699,46681,30538,19686,31280
9984,2538,1356,6859,1612,50627,49970,19489,39587,18841
7320,2538,23889,16256,1030,1942,46161,17790,25457,39052
7320,2538,1058,13918,1613,50627,50202,32389,30540,38768
7320,2238,1357,32880,4289,3430,49223,15372,30994,38837
12629,2538,2542,30665,1029,50699,50201,18581,28211,38561
6428,2538,750,29272,1612,4584,50081,31829,13929,38838
7617,2538,759,32378,1912,50699,46681,24585,19397,13930
1940,49839,1941,3124,1029,50550,46151,21693,31273,39325
159,2538,1357,6599,1610,50550,46422,17377,31273,19442
159,2238,1656,24957,2832,2241,49969,17970,31552,38768
11456,2538,758,13404,1028,50627,50198,32393,19686,38834
1940,50189,50627,44558,3130,13805,200,19209,33500,18840
7320,2538,1352,33044,1611,50627,48484,18007,24272,39042
11750,2238,2241,16257,1915,50627,50200,33219,32763,39315
17865,2538,758,19699,1315,50627,50071,18038,38833,27929
9984,2538,1656,13351,1609,50699,46681,30995,19396,18077
159,2538,759,13409,1612,50627,46675,31377,22550,39315
6428,2239,1358,50551,1913,7868,46681,19994,31274,18037
24449,2238,3143,2220,1613,50627,50201,26223,18841,39316
9984,2238,760,9876,1028,50627,50201,15946,24822,32774
11750,2538,1358,14536,1613,50767,50070,38840,20554,30994
6726,2239,4340,15966,1328,50554,50071,17784,31272,19682
159,2239,3442,18258,2787,1031,50201,30994,31098,18919
9984,2538,1345,2220,2214,50627,50203,16797,18024,31272
11456,2538,1045,24732,1612,50550,49494,17978,40409,30995
9984,2238,2841,1326,1610,50550,50069,43905,18021,18263
9984,2538,12631,1045,1913,50627,50069,20259,31274,38566
4040,2538,755,13683,1028,50628,50203,30443,24897,18555
13215,2238,1053,10470,1027,50699,50203,32497,19396,30997
11750,2538,14256,2843,1613,50699,50069,39315,18554,30729
11750,2538,1657,18285,1313,50550,46681,30540,23974,39042
9984,2538,1059,30697,1015,50699,50200,18554,18906,39315
7320,2538,1057,3922,3130,50627,50069,17378,39314,32766
9984,2538,3144,3114,1028,50766,46681,19124,31552,32208
9984,2538,1356,16247,1029,50550,49050,24618,31273,38771
159,1939,3443,23985,1613,129,50203,30994,19459,38837
9984,2238,1045,82,1612,50766,50095,19687,32770,39315
159,2239,1356,25944,1328,12337,50203,25200,15683,38829
159,2538,1353,22798,1611,2832,50203,24604,31001,38780
9984,2538,1054,6049,1912,50627,49050,18558,25673,31096
11456,2538,1357,13326,1612,50550,50200,24310,31381,24825
11456,2538,35086,1351,1028,50627,50203,23983,18612,38838
11456,2538,2255,33693,3130,50627,50203,18265,17499,38833
7320,2538,4340,11412,1611,50699,46676,18327,19398,38780
7320,2538,40010,25015,1611,50826,1642,39857,31101,18840
7320,2538,1658,35919,1913,50699,46681,31272,15683,19397
6428,2538,3141,37024,4289,10867,50089,31551,20015,30818
7320,2538,1356,18563,1913,50627,50202,31273,24659,38769
11456,2538,26206,1351,1328,50699,46681,17399,32770,19488
6428,2538,1058,5181,1028,50551,50203,19963,19488,38293
13215,2538,4042,3679,4289,50550,48484,17955,31273,32485
7320,2538,1058,13031,3430,50550,50202,20249,31273,39315
9984,2239,1656,5464,1914,50699,50200,20268,31285,31098
7320,2239,1359,33050,1328,3443,49968,31272,24267,24617
7320,2538,1657,19426,1914,50627,46681,12426,30995,32486
17865,2538,3141,8135,1313,50627,50198,36491,18842,39042
11456,2239,1059,27928,1314,50699,50200,19494,18553,38833
13215,2538,1057,17966,1610,50768,50198,19252,31274,39314
7320,2239,3444,37024,1613,3731,50203,32487,19398,38837
11456,2538,1357,25927,1314,50767,50198,24893,16797,38832
11456,2538,1058,20270,1612,50699,50198,18326,30995,38771
17865,2538,1344,2815,1313,50699,50200,27648,18555,38771
4040,2239,1346,36770,4289,11731,50086,17972,39315,19486
159,2538,1058,19955,1613,50699,50202,24617,31273,39587
159,2538,1363,2159,1328,1941,50095,30994,32765,19396
7320,2538,759,15099,1612,50766,50199,13404,22548,38838
159,2538,1357,23080,1612,50627,46422,24398,18555,19204
9984,2238,2841,4254,1612,50627,50203,15674,24539,38560
7320,2538,50627,35354,1314,3442,49837,18555,39866,20075
11456,2239,758,15638,1612,50627,50198,13681,39315,31274
11456,2239,24173,26750,1328,459,46161,24894,24272,38780
159,2238,23982,3444,1613,2512,48279,31272,32764,20042
12629,2239,2841,24897,1610,50627,50203,32767,30994,19397
7320,2538,453,39986,4887,3730,50199,16802,39314,24839
15838,2538,1052,38662,1613,10866,49957,31272,21980,38801
159,2239,1353,18249,1613,3131,49969,15185,26519,38781
11750,2538,759,9863,1328,50627,48066,33048,19973,31274
11456,2239,2541,11138,1610,50550,50070,19398,32766,38781
159,2538,2256,1330,1027,9985,50092,24290,17376,38005
6428,2239,3443,13625,1913,12336,49969,31003,30818,19493
4040,2239,1657,63,1913,24457,50200,17787,18840,31003
12629,2538,3741,8433,1614,50699,50203,25401,39597,17377
4638,2238,1058,13323,1613,731,50202,30995,21690,32485
6428,2239,1656,15332,3431,50628,46681,31273,32773,24562
9984,2538,1046,10528,1914,50550,50200,19397,31376,31273
12629,2538,1657,33971,1913,50699,46681,17988,30995,19495
6726,2538,33966,3356,3130,4042,46681,31272,18842,37741
24165,2538,2241,3398,2214,50550,50095,24551,40138,31096
6726,2239,4042,20545,1027,6407,50095,31280,14221,38840
12629,2538,3141,17748,1610,50550,50094,18564,39316,30995
11456,2538,1657,33984,3131,50699,50201,19174,30818,19686
11456,2239,3441,15975,1314,50768,50203,25127,31273,17379
9984,2538,759,14547,1314,50699,49971,17398,24823,38781
159,2538,1059,34262,1613,50768,49837,44707,18842,18618
159,24733,2586,32320,1328,50699,45093,18841,18037,32667
11456,2538,1658,34263,1613,50767,48279,19193,18555,26236
159,2239,1356,13997,1028,11163,50092,14221,24894,25106
12629,2238,1953,13917,1913,50627,50202,26517,38561,19759
6130,2538,464,2531,1029,50553,46681,18841,30444,24896
7617,2538,1351,28209,1612,50627,50069,18021,19397,38834
6428,2239,3443,10825,1028,39724,46422,18842,31004,33043
11456,2239,3441,2522,1314,50627,50203,19135,31378,39042
159,2538,3143,12825,1613,50627,46422,33045,23689,39314
17865,2538,1351,32944,1314,50699,46681,18555,32218,24900
6428,2538,469,10822,1612,50554,46681,25182,32773,18844
3440,2239,166,11733,1328,13806,50200,18841,30817,31280
7320,2238,1357,6007,1613,50699,50200,32488,30444,38771
159,2538,1088,3336,3430,9985,49969,13639,24276,38837
11750,2538,1058,25408,1613,50627,48279,15364,38781,18040
159,2538,1357,26207,1610,50699,50070,39858,15168,18842
12922,2239,3442,40013,1613,50627,46681,13119,24896,18554
6428,2538,750,35626,1328,2828,50203,31272,18266,38561
159,2538,24172,14277,1914,4070,46161,18553,38782,27929
9984,2538,1656,1497,1313,50550,46677,18596,31273,19686
159,2538,1064,23992,2830,452,50095,16499,31272,31375
11750,2538,1058,17990,1029,50627,50203,32487,31273,39043
9984,2538,3743,11041,1314,50627,50201,31376,19685,40137
159,2538,4042,7543,2788,3731,50095,16799,31098,32395
159,2538,3444,2166,1913,50699,46681,18271,25106,33323
6428,2538,1356,17577,3430,6722,49968,31273,18034,39041
17865,2538,765,13326,1913,50627,50203,30995,31044,32496
9984,2538,3143,17556,1614,50627,50198,20273,40671,31273
12629,2538,759,2759,3132,50627,50203,20288,31273,38824
17865,2538,1954,27649,1913,50768,50201,15363,19208,39858
12629,2239,747,32488,1613,50699,50198,27362,18841,38840
9984,2238,1343,10845,1612,50627,50201,19481,23121,39044
11456,2538,1351,8166,1328,50550,50199,15371,25105,38838
7320,2538,164,32644,1913,50627,46681,19200,19397,32771
11456,2538,1357,11953,1328,50627,46681,24897,19686,32389
17865,2538,3141,8757,1612,50699,50203,32764,24266,38771
159,2538,1657,6927,1613,50550,49971,44173,22267,31273
9984,2538,1345,3981,1613,50699,50202,17498,20555,39044
6428,2538,2842,37537,1031,4282,50201,31272,19193,38834
13215,2538,759,5705,1328,50550,50199,19396,24612,38836
9984,2538,1656,10825,1613,50627,46681,32219,17088,31273
4040,2239,4341,3352,3130,30967,48279,18842,39587,27663
159,2538,3141,10828,1614,50627,46681,15122,19398,33047
9984,2538,1064,13626,129,50550,50203,18042,20260,31273
9984,2538,1356,19419,1612,50627,46681,25240,28208,38770
9984,2538,1357,6604,3430,50550,50199,18593,24273,38771
17865,2538,1358,18556,4289,50699,46681,31273,32764,19192
6726,2538,1351,34568,4289,11419,50091,19686,31382,38833
159,2239,3141,19120,2485,1886,48279,31272,13993,31097
11456,2538,1357,4554,1611,50627,50203,24276,15953,38566
9984,2538,1356,7155,4887,50627,50200,32764,19972,39044
11456,2538,1058,24277,1028,50627,46681,31272,19171,32207
7320,2538,3141,34280,4289,50699,50070,40671,33047,18046
9984,2538,1356,13408,1613,50766,46681,31378,32399,18552
6130,2538,1057,11952,2832,50554,46422,31273,19397,31097
17865,2538,1357,17109,1914,50550,50201,26518,31382,39042
9984,2538,3441,17785,1914,50627,50203,25956,17669,38838
11456,2538,1357,34024,3430,50766,50201,24277,33043,15638
12629,2238,1053,25670,1612,50699,50198,32762,15928,39042
17865,2538,1058,33736,1314,50767,50198,10429,19782,18841
9984,2538,2541,3733,1611,50550,50203,30450,19684,38509
17865,2538,1351,25056,1029,50767,50203,30714,19686,24584
6428,2538,1656,36726,2830,392,46681,18841,31282,33045
6130,2239,1045,3732,1029,50628,25016,32773,23690,39315
17865,2238,1357,12494,1915,50550,50202,25956,18555,39042
12629,2538,1058,13616,1611,50699,50201,25177,25105,38561
17865,2538,1056,15075,1028,50627,50069,18912,38496,24274
159,2538,6727,2134,1328,1064,50201,32103,18840,19486
7320,2538,1644,25460,1328,38632,50201,25239,15655,39042
7320,2538,1657,19496,1313,50767,48484,32765,19686,31274
6428,2538,759,32052,1028,11137,49970,31003,18553,31374
159,2538,1058,1343,1614,50699,46661,19709,31385,38772
9984,2538,1357,11331,4289,50766,50200,18821,32206,39315
159,2238,1357,10866,436,7025,49969,20555,32487,39054
7320,2538,1057,34522,1915,50766,50200,32770,17976,39054
159,2538,1357,28151,1610,50766,46422,24893,18565,30995
11750,2239,3742,13919,1612,50627,50070,20255,38769,30817
11750,2538,1353,26237,1029,50699,46681,19468,17091,31654
159,2538,1356,12738,1612,50627,50072,44172,18613,24274
11456,2538,1356,14785,1613,50627,50199,45508,31097,24272
159,2239,1613,25938,1328,3741,49969,32767,17669,18911
24733,2538,1358,8211,1612,50766,50072,19447,39314,31274
9984,2538,1344,7837,1312,50627,50198,30819,19110,25152
11456,2538,1344,23690,1610,50699,50201,31094,19772,39315
17865,2538,1358,34281,4289,50767,50203,19738,38837,32947
9984,2538,1057,17398,3132,50699,50200,13991,30994,39316
159,2239,747,11454,2787,1029,50201,19684,37741,30728
6726,2538,759,3982,4289,50555,24732,18250,38020,19772
159,2239,1057,29591,2486,1328,50203,19972,31096,18291
4040,2538,2255,5783,1611,50552,46681,18552,24618,27080
6428,2538,1358,27001,1328,2220,50202,32671,18555,39042
9984,2538,1055,25129,1611,50550,50203,15972,39314,32764
11750,2239,378,28711,4289,12337,46161,24522,18841,31378
11456,2239,1956,4453,1611,50699,49970,31273,24558,38829
159,2538,5071,50627,1328,1656,46161,32211,19685,32113
9984,2538,3141,13115,1613,50699,50199,24522,18555,33045
9984,2538,3144,5463,4289,50699,50201,24524,33045,18842
11456,2238,1063,36772,3731,211,49968,19202,18840,38780
7320,2538,1359,16509,1029,50699,46681,32765,24823,18910
159,2538,1058,13330,1614,105,50199,30994,24896,38566
11456,2538,1651,20553,1613,50627,50200,18309,30994,31098
11750,2239,1058,19124,134,50627,50200,24610,30995,39315
9984,2538,1358,17996,3131,50627,49388,31273,39314,17079
11750,2538,1358,15072,1612,50768,50203,30716,39587,32772
12629,2538,3441,34520,2213,50627,48279,18909,19109,31273
11456,2238,759,5784,1611,50699,48279,17405,24822,32767
13215,2538,1352,15951,1613,50768,50203,18910,24540,38837
11456,2538,3143,4542,1029,50768,50069,18532,32771,38770
11456,2538,1357,24608,1613,50765,46681,27087,14221,34977
11750,2538,2541,32101,4289,50627,50070,19972,17785,38561
7320,2538,759,2761,1612,50699,50071,29591,38566,18555
11456,2538,3143,24614,1913,50699,48279,17090,31273,39315
9984,2538,1044,3699,1028,50699,50069,19398,33223,37742
159,2238,1657,17682,1328,4340,50093,30995,32208,17752
11456,2538,1357,4790,1028,50627,46422,27928,20005,38770
11456,2538,1058,36772,1016,50627,46681,25126,13639,38561
11456,2538,1352,6300,1613,50699,50203,31096,24266,38223
11456,2538,1655,18847,2214,50550,46681,30716,32496,39042
24733,2239,8134,3741,1610,50699,50203,32108,39314,19996
17865,2239,3444,29872,1028,50767,48279,17970,32770,38771
9984,2538,757,12231,1311,50766,46681,31100,19686,31273
6428,2538,1941,24602,4289,50631,25016,15079,38293,24822
17865,2538,3143,11125,1027,50627,50092,15675,19971,31273
7320,2538,3141,6355,1314,50627,50203,17086,25747,38562
11456,2538,760,12764,1313,50699,50200,25955,17086,38834
4040,2239,1941,3434,3430,50628,46929,24328,18840,38561
159,2239,1356,209,1611,50627,46161,18076,24901,19973
11456,2538,3441,77,1613,50550,50202,15669,24543,33047
11456,2538,31233,50550,3430,1053,46681,31374,15974,19398
9984,2538,2841,11689,1314,50627,50203,14492,24538,37470
11456,2239,1058,35623,1028,50627,50201,13992,30995,19686
6726,2538,1352,9016,1029,50550,50203,21980,30995,24617
159,2238,2787,12757,3132,1357,49969,19684,31376,19210
7617,2538,1956,18335,1312,50699,46681,14788,31004,32486
6726,2239,4341,25914,4289,5783,49969,31281,18553,18034
7320,2238,3144,11117,1612,50550,50202,13934,30996,39315
159,2538,1356,14510,4887,50627,46422,25951,30815,38782
6726,2239,1657,33968,2832,6108,46681,17402,33323,38768
159,2239,765,6946,3130,12630,50198,17976,31375,19487
6428,2239,30120,17576,1614,1059,49969,18328,18841,30729
9984,2538,1359,4257,1613,50627,50200,20038,39314,31378
12629,2538,1357,26206,1028,50627,50198,32765,18562,38769
11750,2239,1057,26201,1611,50627,50198,24370,18316,18842
7320,2538,24560,50699,1312,1656,50203,31095,19751,39316
7320,2239,1358,10470,1028,50699,46422,19983,31655,31273
11456,2239,759,4532,1611,50550,50072,32766,24274,39314
11456,2538,1357,208,1314,50766,50201,13638,30995,32762
159,2238,1957,5753,3131,3141,50095,31096,31283,18264
12629,2538,463,35919,1029,50699,46422,31377,19687,19212
11456,2538,759,26237,1028,50699,50203,18841,13974,38837
159,2538,469,15,1027,12631,50095,17784,31382,18264
9984,2538,1357,6003,1612,50627,50203,20008,30995,39041
11750,2538,1057,11027,1613,50627,50070,19684,31098,38562
9984,2538,759,10471,4289,50550,50070,31003,18841,38836
9984,2239,2844,3433,1312,50768,46681,29869,19687,31097
7320,2538,1057,27362,1613,50699,49050,19481,18554,40137
11456,2538,1357,3954,1028,50768,50203,18804,19752,31003
12629,2538,1058,196,3731,50699,50069,18841,32496,39044
24165,2239,1342,12628,1028,50699,50203,19685,24892,39323
9984,2239,9320,20471,1031,4639,49969,24526,18913,17974
159,2538,3443,19481,1610,50627,46681,33044,19687,27663
11750,2538,1655,32623,1912,50627,48484,24605,24266,38780
24165,2538,3444,8753,1613,50550,50203,44172,17955,30996
159,2239,1955,13329,1613,50627,46161,32207,24822,38781
13215,2538,1353,20470,1612,50550,50200,18328,31099,39042
4040,2538,1352,10169,1913,50628,46681,13931,20268,19200
9984,2239,1353,18272,1613,50699,50070,32389,38771,25175
159,2538,1657,17696,4887,50699,50200,24521,31382,24325
11456,2538,2841,11121,1613,50550,50203,19130,31273,39043
11456,2538,1658,19708,1913,50699,50070,31099,39315,31558
11750,2238,1357,13625,1028,50627,50200,19682,31378,39042
159,2538,4043,5390,1313,50627,46161,19444,19397,31273
11750,2538,1656,2458,1312,50627,46161,23984,31273,32495
9984,2538,1058,10826,1913,50627,50198,18831,31273,39042
7320,2538,1057,4853,1912,34794,48484,31274,19687,38566
9984,2538,1356,19152,4289,50627,50071,39587,31097,24260
11456,2538,1643,19173,1029,50550,50198,31273,19397,31377
9984,2239,3444,3062,1612,50550,50198,31376,19972,39043
7320,2538,1058,36453,1613,50825,50198,32486,25671,18265
24449,2538,762,17088,1029,50627,50199,25952,32774,39054
7617,2538,164,17971,1028,50627,50069,33050,38768,28206
12922,2538,1351,5439,2830,50768,50203,19700,31273,39042
4040,2538,1657,17576,3130,32596,46681,14221,21978,38835
11750,2538,758,15653,1028,50699,50198,18317,31837,38834
159,2239,6304,33151,1314,14092,46161,32486,19686,30993
9984,2538,759,3035,1612,50627,50198,23408,32485,39587
9984,2538,1056,1853,1912,50699,50069,19685,38561,18308
11456,2538,3442,40552,1027,50699,50198,17969,14576,38551
7320,2538,452,38684,1613,50627,50200,17665,31272,38293
7914,2239,14838,3144,1913,50699,46681,32381,19686,24584
17865,2239,1656,20241,1028,50699,50202,16635,20302,38561
11750,2538,19705,1941,1028,50699,50198,17495,31281,38561
9984,2538,1941,10823,1914,50627,50198,19971,31378,39044
7320,2538,1058,12739,1613,50699,46681,31273,24882,23982
9984,2239,1651,5706,1914,50627,46661,27636,16799,18595
11456,2238,1351,15656,1312,50699,49223,34012,32764,24897
9984,2239,3141,11686,1610,50627,50203,24519,16536,32486
11456,2538,1058,4806,1612,50627,50069,30817,18554,38770
159,2239,203,6355,1328,12923,50203,18825,31097,27663
9984,2238,3441,24612,1313,50627,46681,15377,24272,31558
9984,2538,3744,3115,1613,50627,50203,19205,19685,38840
11456,2538,1057,0,4289,50627,50201,24683,19175,18841
159,2538,1957,3423,1328,3143,50093,18842,30723,38833
6726,2239,4341,13325,3130,50551,50071,11986,18020,32766
12629,2538,3441,19450,4887,50699,50199,19107,27943,38566
24449,2538,34839,46681,1029,50825,756,21976,14221,19482
9984,2238,1357,25915,1613,50699,50203,27664,18552,32488
7320,2238,174,32643,3132,29801,46676,13700,13931,32498
11750,2239,766,1044,1613,50627,49971,15967,30995,38496
159,2538,1356,17979,1613,12278,49969,25106,31104,38837
11750,2538,1657,27627,4887,50768,46681,31096,18244,14221
159,2538,1053,18669,3132,1941,49969,14558,13921,38782
7320,2239,452,32114,1328,25016,50867,48681,18842,38768
7320,2538,1353,8433,4289,34518,50203,19199,21981,38014
7320,2538,2842,35114,1613,3131,50200,18841,24897,38838
159,2238,3741,11136,1913,50699,46681,31373,17089,38769
7320,2538,1956,14268,1613,50550,46681,25390,16507,38833
9984,2538,1046,12331,1612,50549,50198,19702,32494,39587
7320,2538,1653,166,1613,50699,50072,31104,18842,39044
12629,2238,3744,15076,1610,50699,50069,32764,40138,30715
7320,2239,1357,1941,1612,50699,50199,19173,27081,39314
17865,2538,1356,6858,1028,50627,50203,18844,27649,38838
159,2538,26509,1357,1613,50699,46676,32486,18243,39587
11456,2538,2542,5781,1611,50768,50069,31009,38771,32767
9984,2538,1057,23,1914,50627,49938,18623,31099,19686
9984,2538,1058,3916,1614,50550,50095,17975,38561,30994
159,2238,3430,4509,2787,3741,50095,19971,17499,31273
6428,2239,1014,6058,3130,3443,49968,19397,31100,38780
24165,2238,1054,2133,1028,50627,49971,40399,21696,31273
159,2538,7036,12016,1328,4639,50095,17976,31559,31097
9984,2538,1656,13078,1611,50699,50200,31929,40129,18841
6428,2538,163,35344,1912,5818,50202,19685,18934,38834
4040,2538,1057,6912,4289,50554,46679,13931,21122,32768
7320,2239,2787,26818,1029,4041,50095,19393,32494,18003
159,1939,767,8728,1328,2542,49969,18264,30728,32765
12629,2538,3143,33974,1913,50767,50203,19509,19686,33043
7320,2538,1651,18305,1913,50768,48279,24273,15929,32767
159,2239,2788,16779,1328,4639,46161,31272,19172,32219
6428,2239,759,10263,1914,32596,50198,18265,39315,25460
12629,2239,1352,31783,1029,50699,50200,17383,31273,32774
9984,2538,3141,1626,1611,50699,46681,32944,17956,32768
159,2538,3143,8136,1613,50627,46681,31097,19706,31284
7320,2538,759,30728,2832,50768,50070,13411,19398,38836
4040,2238,1056,11905,1328,38360,50199,31272,19685,32764
7320,2238,36491,196,3431,12630,49937,13930,31662,19398
7320,2239,23605,6898,1328,3141,46161,49159,31372,24273
11456,2538,1358,37017,1314,50766,46681,32392,24839,32766
9984,2538,1357,13995,1609,50627,50203,20830,31097,39044
9984,2538,1657,12756,1611,50767,50201,32218,39315,24328
159,2538,1355,2460,436,6728,49836,15387,30819,31006
9984,2538,1656,66,1612,50627,50069,43635,27648,18554
11456,2538,1059,13331,1314,50550,50203,19788,32767,39044
11456,2538,1351,7506,1314,50550,50203,17687,39315,32486
9984,2538,1046,11416,1915,50699,50199,18295,32766,24260
4040,2538,1352,29290,1611,1626,50092,19109,38840,20072
3440,2239,1357,2530,1028,163,50095,13929,32771,38496
24449,2538,748,36217,3430,50550,49050,14287,24273,38833
159,2239,1357,28157,1312,50699,48066,19493,33044,19396
9984,2239,1352,22264,1028,50550,50069,25209,39314,30994
159,2239,1363,10867,436,3441,49969,24304,24543,38768
11456,2538,1657,27632,1029,50699,48279,17501,19398,24889
159,2538,2841,3726,1914,50627,46681,24238,31377,18554
25299,2538,1657,6002,1028,50627,50092,18553,31835,38780
159,2538,1058,13371,3132,7322,49969,32208,18846,31274
159,2239,2543,8462,1912,3131,50093,17670,32766,30451
159,2238,1357,13408,1028,12337,50203,23415,32488,39587
11456,2538,1357,27611,1030,50627,46422,20358,18841,27944
159,2239,1656,9026,3131,2541,50095,13931,31557,19786
159,2538,3444,432,3430,748,50095,18842,32486,31558
6726,2538,175,32497,3131,32306,46681,13930,25152,19686
12629,2538,1357,27633,1914,50627,50198,30535,18266,39315
6130,2538,1644,40565,1328,17576,50087,24558,31273,32764
11456,2238,8402,39739,1028,3142,46160,49159,25174,19398
9984,2538,1352,13411,1613,50699,46681,24827,15945,38782
6726,2538,1054,10470,1612,50627,50199,28221,18553,38771
11456,2538,2256,18323,4588,50627,46681,31929,31273,16799
7320,2239,4042,34250,2486,3731,50203,19684,19480,32762
12922,2538,1351,25899,1029,50699,49223,23972,32763,39323
11750,2538,1657,12987,1328,50699,50094,19138,31001,32763
11456,2538,1352,19428,3132,50767,50201,32772,30995,39314
11456,2538,2843,50552,1029,50699,46681,30994,19983,19481
9984,2538,164,8462,1612,50627,50069,32107,32773,18555
6428,2239,3443,18837,1613,2229,49968,24520,32771,39054
159,2239,1653,19961,1313,10262,49969,32108,18327,17990
9984,2538,1351,6263,1913,50768,50202,16800,24890,38771
25299,2239,747,30536,1029,50550,50069,43109,19694,30717
7320,2238,3442,39723,1313,50627,46422,25240,17979,31378
7320,2239,1046,26219,1612,50699,46161,31095,18264,40129
11456,2538,3141,7541,1913,50627,50201,19668,39315,23998
11456,2538,1344,10772,3430,50627,50201,19686,33050,27929
7320,2538,3143,38115,1612,50766,46422,18646,17089,31098
7320,2538,1358,6596,1613,50627,50198,33219,24301,39315
11456,2538,1356,13936,1613,50768,50200,18910,30450,38834
7320,2239,2787,31836,3731,164,49969,23674,30820,38780
159,2239,1087,9028,1030,11751,50095,13637,21122,38838
11456,2538,757,19512,1913,50627,46681,31274,19150,32767
9984,2239,3143,77,1314,50767,50203,25952,17375,14221
159,2538,1658,11368,1328,748,50095,13930,30727,30816
7320,2538,2541,11732,1610,50627,50069,19734,38561,19397
6428,2538,1053,31373,1913,50552,46681,16505,18594,31274
159,2239,1652,6876,1912,3130,50095,31273,32763,21696
12629,2239,1357,12992,1613,50766,50199,22552,38823,24654
159,2538,13513,734,1328,1641,49970,23983,30816,32389
12629,2239,1655,26488,1613,50766,50198,18075,23130,39315
159,2538,1357,5666,1612,50627,50070,43904,32765,18554
9984,2538,3141,2228,1612,50627,50201,32666,19773,38771
159,2538,760,13676,1913,50699,46422,14782,24826,32767
9984,2239,2841,6349,4289,50627,50202,18531,32762,28209
12629,2538,2542,37019,1914,50627,46681,25123,16508,32768
159,2239,760,2761,1027,25866,48279,18841,25381,38837
11456,2239,1058,78,4289,50627,50069,32393,17976,38833
17865,2238,2541,7544,3430,50699,50095,38834,31273,19686
11456,2538,1357,18574,4887,50550,50198,17373,30995,38823
18154,2538,1058,1641,3130,50550,50198,14512,30997,19684
6428,2238,1656,118,4887,34796,49971,18841,32770,39053
159,2538,1064,11418,3430,8803,49969,13929,30728,32767
9984,2538,452,2230,1613,50550,50198,26237,18842,39313
9984,2538,3143,15967,1612,50766,50200,24822,32768,19224
7320,2538,3442,37314,1611,2214,46681,30994,24290,19496
9984,2538,3444,11387,1913,50699,46681,16798,31273,31097
159,2538,1358,28990,1314,50699,48279,19207,18841,31004
11456,2538,1357,17970,3431,50627,50198,33044,30994,25177
9984,2538,1059,39727,1027,50627,48484,19136,31273,19208
9984,2538,1059,15073,1914,50768,50203,31383,25109,24893
11750,2538,1657,13988,1913,50699,50199,15083,24260,38566
11456,2538,1056,18882,1328,50627,50203,20526,30995,24843
159,2538,3141,11139,5984,2830,49969,14206,24258,33047
9984,2538,1358,4223,1613,50766,50203,24557,31551,38566
11456,2538,3441,7247,1613,50627,50198,44172,18264,32390
9984,2238,3144,4582,1028,50550,50200,18883,19398,38837
7320,2538,9652,3144,1612,50550,50200,15372,32763,39042
7320,2538,768,37539,1913,10824,46681,18841,24609,38567
11456,2538,3144,4773,1913,50550,50201,18840,33325,38771
11750,2239,759,25915,1028,50699,50203,24266,40129,24331
11456,2538,4043,5703,1314,50550,50203,32485,18840,39042
7320,2239,32323,467,1612,50767,50199,17702,39859,32493
159,2238,2541,10866,1031,29800,48279,18844,31003,31097
4040,2238,173,18075,1912,29521,50198,15389,30463,32487
9984,2538,760,18563,1914,50627,50069,25744,39314,27663
11750,11456,2538,2542,3132,50627,50093,18557,30818,25671
6130,2538,1357,6051,129,33967,46422,14221,24326,31006
9984,2538,1352,10749,3431,50627,50203,19401,31273,32497
11456,2538,3141,25177,1609,50550,50198,24273,31558,38838
9984,2538,1357,19428,1028,50627,50200,32488,31273,18077
159,2538,1314,3654,1028,5833,46161,19686,34984,18326
7320,2538,35644,50768,4289,1344,46681,14501,24536,32767
11456,2538,760,35,1028,50699,50069,24898,18842,38837
24449,2239,1941,7842,1612,50699,50203,17979,31273,39042
159,2239,199,13703,4289,13805,46161,18840,30727,25461
11456,2238,1058,6357,1029,50699,50069,17397,33327,38770
11456,2538,1057,12719,1314,50768,50203,30444,31104,19789
6428,2538,1356,35897,1913,10866,46681,31551,18553,38566
159,2538,1357,16798,1314,50699,46663,18886,26236,32763
12629,2538,23974,1058,1912,50699,50069,43904,31096,18647
17865,2538,760,5179,1313,50550,50203,22512,17670,38833
6428,2538,1052,11408,4289,50554,46681,25388,17976,32762
11456,2538,1357,15969,1613,50627,46681,30728,31653,19396
11750,2538,3743,19192,1612,50627,46681,31273,19986,38768
7320,2538,3743,35094,1610,50767,46681,19785,18278,31273
7320,2238,758,32874,1313,50699,46681,33046,18556,39586
11456,2538,1358,39181,1614,50766,46681,24901,18840,33046
9984,2538,1344,3732,1029,50550,50198,20556,32772,39313
12922,2538,1356,13331,1613,50627,50203,24556,31656,39315
9984,2538,1046,23881,4588,50550,50203,19425,31273,39042
11750,17865,469,33971,3131,50765,44560,18848,31098,39314
11750,2538,1059,14277,1030,50550,46681,30715,16556,31099
159,2238,1353,7749,1610,2831,50203,11683,30449,18553
7320,2538,1358,17978,1913,50627,50203,18326,31273,32774
6130,2239,1058,28433,1914,2816,50090,23689,38768,32766
6428,2538,766,1330,4289,38905,50202,18266,30728,38838
17865,2538,1657,17400,1314,50627,50203,19190,30995,38768
11456,2538,3443,38087,1913,2532,46681,31550,18841,38837
6428,2538,1656,30660,1913,11455,50090,14221,30729,38508
159,2538,1656,36994,1313,50699,46422,25673,30819,18265
11456,2538,1656,6898,4588,50627,50069,18379,19972,38566
7320,2538,1060,7155,1328,50699,50200,14285,18835,30995
25299,2538,1357,17665,1028,50627,50092,32486,18296,39314
11750,2538,1656,13926,1611,50627,50201,21408,30817,39041
9984,2538,1351,140,1913,50627,50198,18849,39588,24613
6726,2239,2842,2228,3130,50629,46681,18841,27081,25463
9984,2538,759,7863,1611,50699,50201,18244,27368,38837
6726,2538,28205,3144,1028,3115,50199,19685,14221,38836
9984,2538,758,7838,1614,50627,50198,32774,19398,31274
9984,2238,1644,13699,1612,50550,50069,40671,21980,31281
7320,2538,1357,15072,1613,50767,46681,30542,24822,18026
6428,2538,467,3433,3131,34795,50200,13930,30726,38833
159,2239,3443,24610,1314,3431,50090,31273,24379,17956
9984,2538,1358,7843,1610,50699,46681,32219,17088,30716
6726,2238,2843,5783,4289,50629,50069,13928,32488,19687
17865,2239,759,18852,1611,50766,50071,44172,19202,25675
9984,2538,1654,4194,1613,50627,50200,33209,18842,38834
159,2538,1656,2150,1613,50699,46422,14557,18840,30448
9984,2538,1351,5750,4289,50699,50069,14491,39042,25107
7320,2238,761,7839,1328,38360,46681,18841,27930,31382
11456,2538,2542,9027,1314,50699,50072,34012,19688,38834
9984,2538,1657,8459,1913,50627,46681,25674,16798,33044
12922,2538,1357,27312,1912,50699,50069,18017,38566,19124
11456,2538,6003,50095,1311,50627,3143,15383,30995,39315
11456,2538,1064,14499,1913,50699,46681,31274,22267,33325
6726,2538,1351,20831,1614,5187,50095,31551,24895,38566
159,2239,1357,18845,1310,2831,46675,31272,31383,38783
159,2239,3431,196,1613,12337,46161,13997,31560,18840
159,2239,1357,20535,1612,2814,50203,31272,17718,32773
9984,2238,758,7841,1610,50550,50198,15369,31004,31379
11456,2538,1656,36496,1028,50699,46681,18336,19397,14221
9984,2538,1353,7247,1028,50627,50200,26505,17670,38837
7320,2239,1941,35108,1913,50550,49937,14575,32487,19686
159,2239,492,4283,1328,12923,46161,32112,18265,38496
9984,2239,24409,19953,3130,4340,50628,31272,38838,15659
11456,2239,758,1861,1028,50627,50202,17702,31837,38834
12922,2239,173,29571,1612,50699,50200,19192,17406,38771
7320,2538,1357,32892,1913,50699,50200,19993,30995,24319
7320,2538,1059,15084,1613,50767,46681,32769,31273,24557
11750,2538,173,37851,1914,50765,50069,19686,24632,38837
9984,2538,3741,6414,1611,50699,50202,19982,39042,30819
7320,2538,759,2457,1913,50550,49938,39112,19423,27944
6428,2238,1058,32324,1913,11744,50087,18841,31551,25177
9984,2538,1356,12783,1609,50627,50201,31106,19972,31273
11456,2538,1357,17731,1914,50699,50199,44706,25959,17384
159,2538,6727,25123,1614,2830,46161,31550,30816,38768
6130,2239,36452,3432,1611,1058,49050,31269,31100,18266
11456,2538,748,35941,1914,50699,50069,24557,39858,13931
11456,2538,760,40014,1028,50699,46663,30815,31273,17089
11456,2538,1955,34002,1914,50550,46681,30994,16920,19687
11456,2538,3141,392,2214,50767,50093,15674,24822,38295
11456,2538,2841,18309,1613,50627,50198,32486,40400,24556
17865,2538,2841,1244,1914,50699,50202,18005,31094,19398
6130,2538,1352,31501,3132,11162,50853,16799,32767,25109
159,2538,1611,6842,4887,3741,50095,24525,31099,19488
7320,2239,1357,26226,1611,50699,50071,13386,18264,38837
7320,2538,1655,30151,1913,50627,50069,43377,19172,19398
24733,2538,1357,19460,731,50699,50203,32495,19686,31273
6726,2538,765,6007,3130,39453,50071,32668,13930,38566
159,2239,469,11119,3430,3441,49969,31273,20268,19481
9984,2538,1656,4582,1028,50550,50199,17074,31273,18308
159,2239,3744,6305,1612,3130,50092,19397,14246,38838
6726,2538,1058,35081,4887,9372,50088,31550,19722,32485
15838,2239,1346,35078,1029,3622,48279,31272,18841,18624
9984,2239,1357,13037,1314,50627,50202,31099,39858,31285
4040,2239,1059,241,4289,11162,50629,33036,18840,38837
7320,2538,759,2135,1611,50699,50072,23972,38837,19199
9984,2538,1358,31836,1030,50550,46681,19441,32773,17664
11750,2538,760,35918,1913,50550,46681,17694,31273,24916
11750,2239,1353,6603,1611,50699,50069,18868,39315,27382
6130,2239,164,8727,1028,23888,50203,19772,15965,30723
11456,2538,2841,28725,1030,50627,50071,28209,38768,18265
11456,2538,1053,12819,1612,50627,50070,25122,39587,33501
9984,2538,1351,4556,1314,50627,50202,22552,39315,18018
9984,2538,2844,10866,1613,50627,46681,15682,31097,19109
25299,2239,3143,11689,1312,50550,50203,31274,17953,19738
12629,2538,1352,5152,1029,50699,50198,33222,18533,38834
159,2538,1656,19175,1314,50550,46422,17785,19687,27636
11456,2538,3443,6048,1612,50627,50203,18910,16223,39044
9984,2239,2843,5720,1612,50699,50203,19687,32488,38769
9984,2239,458,4554,1612,50627,50201,16231,24538,32495
9984,2538,1357,86,1313,50627,50069,32100,39587,17497
24165,2538,2841,11731,1029,50627,50203,17981,31271,39042
11750,2538,3741,15688,1028,50699,50200,33045,22262,31273
6428,2238,1352,5965,3130,36453,46681,30995,19399,31096
9984,2538,1357,13058,1609,50699,50201,18621,19975,31273
159,2239,3144,18564,1914,50627,50199,13697,25107,38837
11750,2538,757,27032,3731,50627,50070,39314,19494,18265
18154,2538,1352,15080,1015,50766,50198,18916,24266,38557
159,2538,1357,26199,1028,50699,48279,24686,18842,30728
9984,2538,3741,4881,1312,50627,46662,19685,33044,31273
11456,2538,1358,10176,1912,50627,48279,18847,30994,38771
159,2538,1611,19705,129,12923,46161,24520,24380,32209
6428,2538,1656,8519,1611,2529,49969,28502,18841,38838
11456,2238,1357,37024,3130,50699,46681,31272,20025,19686
7320,2239,1058,33421,1612,2213,50200,25411,31273,24936
159,2538,1364,25902,1612,50699,50200,32209,18554,39858
7320,2538,2241,10820,1613,50550,50199,19399,25178,38837
9984,2538,2841,11712,1314,50550,50203,16509,25106,31376
11456,2538,1058,12196,2814,50699,50069,31374,24273,39314
12629,2538,758,37548,1611,50627,46681,27944,18552,32215
11456,2538,20255,50699,1314,1956,50200,18025,31273,38829
6726,2538,1357,18571,1914,50768,50198,13409,30994,38825
9984,2538,1358,17091,1314,50767,50203,27925,38771,32771
9984,2538,1351,3361,1613,50627,49937,20260,30818,38566
7320,2239,1046,7540,4289,50699,50200,32389,18265,38838
12629,2239,3144,10822,1315,50699,50202,20265,33045,38768
7320,2538,32028,17702,1328,167,46161,19771,30995,32765
9984,2538,1058,13108,3132,50550,50198,17092,25390,32762
7320,2238,765,15081,3132,50629,46928,44181,25460,30994
11456,2538,1058,15368,4588,50627,50072,23993,30818,38823
6428,2238,1057,37305,1612,2530,46681,31273,17690,39587
3440,2538,1358,24841,1328,50628,46663,32762,15369,18358
11456,2538,1655,12462,129,50550,46681,31274,24611,19398
159,2239,2844,5452,2830,14093,49970,13640,32487,31284
9984,2538,1358,12490,1328,50627,48279,19140,31273,39042
13215,2239,1656,25899,1328,50767,50201,13697,18842,39042
24733,2538,4639,380,1028,50550,50095,33039,19397,39044
9984,2538,1351,2136,1613,50627,50203,17973,39315,32766
7320,2538,3442,29569,3430,15543,49969,19973,32765,38769
12922,2538,3141,31296,1029,50699,46681,18842,30536,38566
11456,2538,1345,24278,1912,50627,49937,16499,38837,31273
7320,2238,4588,27030,10220,2841,49969,19395,34982,18885
6726,2538,1356,37817,3132,12866,50199,31271,20551,33065
6130,2239,1055,22798,1029,118,50198,31282,19413,38833
9984,2538,1357,18259,1028,50699,50200,16928,32489,39315
159,2239,1357,18138,1029,7024,49969,31273,25129,38837
11456,2538,1656,35098,1912,50699,46681,30715,19980,19201
11456,2239,1357,6302,1912,50550,50198,24585,39315,32486
159,2238,1657,10760,1029,11457,50091,18842,32773,16927
9984,2538,1656,5702,1312,50699,50069,39586,17955,19497
7320,2538,1352,26236,3430,50699,50202,18364,13921,38834
11456,2538,1053,3133,1613,50768,50203,18265,31375,31005
6428,2538,1657,22549,2831,50628,46681,14220,31097,19758
9984,2538,1356,8729,1016,50627,46681,19449,31273,19686
24733,2538,1357,33418,1029,50627,50199,24379,18841,38834
11456,2538,1053,18886,1913,50627,50200,18244,30715,38566
12629,2239,763,33155,1313,2814,50203,30713,33045,25127
6428,2538,3441,20840,1612,3132,50199,11650,31280,38834
25299,2538,1059,37020,4289,50766,46681,30715,17089,32766
13215,2538,748,13058,1029,23889,46161,32496,31272,40137
11750,2538,1057,13616,1610,50766,50200,18911,32769,27355
7320,2538,1057,12825,1030,50767,50198,25072,19688,38561
12922,2239,1357,12739,3431,50550,50203,27663,38771,32774
9984,2239,1342,14539,1610,50627,50203,24591,17976,31272
11750,2238,3443,17979,1913,50699,50202,25673,39597,25183
11456,2538,1057,27898,1912,50699,50200,14498,24272,38837
9984,2538,748,10825,1611,50767,46681,32207,19973,19733
7320,2538,24173,13698,1030,3141,46160,14221,31273,32486
11456,2538,1956,34799,3430,50627,46681,30995,24585,32497
7914,2538,1657,9011,1613,50550,46681,25388,32765,18579
6726,2538,1054,7543,1328,33690,48279,18840,27633,33046
9984,2538,1058,11042,1314,50550,49050,27636,17961,39042
9984,2538,1943,8462,1611,50550,50198,33046,19972,20024
11456,2538,1057,18260,1029,50768,49050,18946,30995,24896
11456,2538,29799,10761,1029,3144,49969,32391,19396,31097
159,2538,1364,2762,1328,28120,48279,18555,28210,32486
11456,2538,1060,20241,2830,50699,48279,31274,18006,31097
11456,2239,1357,4147,1613,50766,50094,15379,24274,39042
159,2538,1612,26205,3132,3141,49969,15927,24325,38837
9984,2538,759,12783,1613,50627,46681,30715,17978,31655
12629,2238,4041,6646,1613,50699,50203,22268,30715,39314
11456,2538,1357,18024,1610,50699,46681,20546,31273,31101
9984,2538,2841,14931,1313,50550,48484,18845,33045,31025
11456,2538,3444,26509,1913,50699,46681,18552,18934,32488
11456,2538,1656,19883,2213,50767,50202,25181,33050,18842
159,2538,3441,13914,1314,50627,46161,33045,39587,20832
6428,2538,1957,14267,1328,32861,48279,24378,19993,39587
11750,2538,1057,32058,1328,50627,46681,19495,31098,18266
11456,2538,757,18000,1913,50699,50071,42839,25393,32762
12629,2538,3442,26204,1914,50699,50203,19485,19686,38838
17865,2538,3144,77,1314,50550,50200,25127,39315,30995
11456,2538,1656,13955,4289,50550,50198,25125,38836,32486
9984,2538,757,2761,1028,50627,50070,24377,24259,38561
11456,2538,3444,21408,2214,50627,46681,24414,31273,31650
159,2538,24741,7866,1328,3141,46161,18552,32769,24325
12922,2538,755,17681,1611,50699,50203,27643,33049,38781
9984,2239,3141,13407,1614,50767,50198,19683,32769,33499
11456,2538,1954,8341,1313,50550,50069,13112,18842,38824
11750,2538,1956,15677,1028,50627,46681,23991,31272,32767
11456,2238,1357,19667,1030,50550,50201,31099,31272,39587
9984,2538,3144,2227,1612,50550,50202,19686,32762,38838
159,2538,1059,13990,1328,19308,49050,24617,30716,38769
7320,2538,1357,7749,1328,50627,50069,38837,20266,30994
6130,2538,4041,50469,4289,1329,46681,19685,30435,24894
17865,2538,1058,37816,3132,50550,49798,11657,18841,38837
9984,2538,1654,17079,4289,50627,50201,15965,32489,31274
11456,2239,5243,2541,1028,50826,50094,13118,31274,19398
11456,2538,3741,31384,1914,50627,50201,17956,31274,39314
7320,2239,1357,30943,1613,3430,48484,31273,17210,31382
159,2538,1657,31097,1328,50554,46681,13930,20263,18901
9984,2538,1956,13696,1328,50699,50198,15654,25106,38833
17865,2239,4042,30664,3131,50627,48484,12843,31273,17963
6428,2538,1956,172,4289,2231,50094,14221,31281,30817
9984,2538,1657,3058,1912,50627,50201,19131,27663,38771
7320,2538,3444,50553,1029,50627,46681,20839,30994,19448
